Batch_Number,REX_Number,Plant,Production_Date,Gallons
BDAL24027537-000,REX-4000,DAL,2024-02-16,10000
BCHI25068397-001,REX-4000,CLE,2025-06-16,10000
BATL24052049-002,REX-4000,DAL,2024-05-22,10000
BCHI23024770-003,REX-4000,CHI,2023-02-13,10000
BCLE24032163-004,REX-4000,CLE,2024-03-27,10000
BCLE24041514-005,REX-4000,DAL,2024-04-13,10000
BCHI23054899-006,REX-4000,DAL,2023-05-26,10000
BATL25099834-007,REX-4000,ATL,2025-09-21,10000
BATL25088749-008,REX-4000,PHX,2025-08-26,10000
BCLE24012588-009,REX-4000,PHX,2024-01-25,10000
BPHX24127735-010,REX-4000,PHX,2024-12-26,10000
BCLE23041993-011,REX-4000,PHX,2023-04-21,10000
BCLE24115073-012,REX-4000,ATL,2024-11-25,10000
BCHI24018350-013,REX-4000,ATL,2024-01-25,10000
BATL25055563-014,REX-4000,PHX,2025-05-14,10000
BCLE24058260-015,REX-4000,CHI,2024-05-26,10000
BCLE23079856-016,REX-4000,CLE,2023-07-20,10000
BATL23073724-017,REX-4000,PHX,2023-07-11,10000
BPHX25094502-018,REX-4000,PHX,2025-09-21,10000
BATL23057209-019,REX-4000,CLE,2023-05-01,10000
BDAL25038454-020,REX-4000,DAL,2025-03-10,10000
BCHI25058973-021,REX-4000,ATL,2025-05-16,10000
BDAL24014566-022,REX-4000,CLE,2024-01-24,10000
BDAL23051936-023,REX-4000,CLE,2023-05-05,10000
BCHI25099701-024,REX-4000,ATL,2025-09-03,10000
BCHI23042312-025,REX-4000,ATL,2023-04-27,10000
BCHI23052113-026,REX-4000,ATL,2023-05-21,10000
BCLE25045033-027,REX-4000,CHI,2025-04-06,10000
BCHI23032343-028,REX-4000,PHX,2023-03-23,10000
BDAL24104346-029,REX-4000,DAL,2024-10-09,10000
BDAL24057484-030,REX-4000,ATL,2024-05-03,10000
BPHX24096180-031,REX-4000,CLE,2024-09-06,10000
BPHX23012638-032,REX-4000,CLE,2023-01-20,10000
BCHI24035345-033,REX-4000,ATL,2024-03-12,10000
BCLE24125002-034,REX-4000,DAL,2024-12-15,10000
BATL24088179-035,REX-4000,CHI,2024-08-06,10000
BCHI24099666-036,REX-4000,CLE,2024-09-11,10000
BCLE24093200-037,REX-4000,DAL,2024-09-05,10000
BCLE23083546-038,REX-4000,DAL,2023-08-25,10000
BCHI24074450-039,REX-4000,DAL,2024-07-31,10000
BDAL24029280-040,REX-4000,PHX,2024-02-21,10000
BCLE24052512-041,REX-4000,PHX,2024-05-29,10000
BCLE24071058-042,REX-4000,DAL,2024-07-20,10000
BDAL23093647-043,REX-4000,PHX,2023-09-25,10000
BCHI25051158-044,REX-4000,CLE,2025-05-25,10000
BATL23069938-045,REX-4000,CLE,2023-06-04,10000
BCHI25013426-046,REX-4000,PHX,2025-01-26,10000
BCLE23096050-047,REX-4000,DAL,2023-09-19,10000
BDAL23034441-048,REX-4000,ATL,2023-03-23,10000
BDAL23077658-049,REX-4000,CHI,2023-07-30,10000
BATL23113662-050,REX-4000,ATL,2023-11-13,10000
BCLE25043938-051,REX-4000,DAL,2025-04-24,10000
BATL25045371-052,REX-4000,ATL,2025-04-23,10000
BPHX23081634-053,REX-4000,PHX,2023-08-10,10000
BATL24038541-054,REX-4000,DAL,2024-03-31,10000
BATL24094652-055,REX-4000,CLE,2024-09-17,10000
BPHX24016378-056,REX-4000,DAL,2024-01-31,10000
BDAL23056753-057,REX-4000,CHI,2023-05-23,10000
BCHI25036425-058,REX-4000,CLE,2025-03-29,10000
BDAL23083925-059,REX-4000,CHI,2023-08-25,10000
BCLE24062776-060,REX-4000,CHI,2024-06-27,10000
BDAL25066139-061,REX-4000,PHX,2025-06-08,10000
BCLE25117311-062,REX-4000,CHI,2025-11-13,10000
BDAL24011727-063,REX-4000,PHX,2024-01-25,10000
BCHI23019821-064,REX-4000,ATL,2023-01-04,10000
BPHX25012146-065,REX-4000,DAL,2025-01-15,10000
BCLE24105920-066,REX-4000,CHI,2024-10-04,10000
BPHX24096344-067,REX-4000,PHX,2024-09-25,10000
BCHI24083085-068,REX-4000,ATL,2024-08-28,10000
BPHX25053851-069,REX-4000,CHI,2025-05-11,10000
BPHX24099977-070,REX-4000,CLE,2024-09-08,10000
BDAL24094443-071,REX-4000,PHX,2024-09-14,10000
BPHX24108238-072,REX-4000,PHX,2024-10-21,10000
BCHI24038752-073,REX-4000,ATL,2024-03-13,10000
BDAL23069445-074,REX-4000,CHI,2023-06-23,10000
BCLE24114848-075,REX-4000,DAL,2024-11-17,10000
BATL24043414-076,REX-4000,CLE,2024-04-05,10000
BATL23048784-077,REX-4000,CHI,2023-04-05,10000
BPHX23057790-078,REX-4000,CHI,2023-05-30,10000
BPHX24029099-079,REX-4000,PHX,2024-02-03,10000
BATL24051090-080,REX-4000,CLE,2024-05-14,10000
BATL25053881-081,REX-4000,CHI,2025-05-20,10000
BCLE25085082-082,REX-4000,CLE,2025-08-09,10000
BATL25078612-083,REX-4000,CHI,2025-07-23,10000
BPHX24109270-084,REX-4000,PHX,2024-10-11,10000
BATL25078777-085,REX-4000,PHX,2025-07-02,10000
BATL24065543-086,REX-4000,CHI,2024-06-14,10000
BATL25095499-087,REX-4000,PHX,2025-09-19,10000
BDAL23064841-088,REX-4000,DAL,2023-06-08,10000
BDAL24119849-089,REX-4000,CLE,2024-11-18,10000
BATL23104788-090,REX-4000,PHX,2023-10-11,10000
BATL23112052-091,REX-4000,PHX,2023-11-09,10000
BDAL25049890-092,REX-4000,PHX,2025-04-14,10000
BCLE25054388-093,REX-4000,PHX,2025-05-01,10000
BCHI25031320-094,REX-4000,CHI,2025-03-08,10000
BPHX25021096-095,REX-4000,DAL,2025-02-18,10000
BPHX24097865-000,REX-4007,CHI,2024-09-03,10000
BPHX24034595-001,REX-4007,DAL,2024-03-27,10000
BPHX25061475-002,REX-4007,PHX,2025-06-11,10000
BPHX24113704-003,REX-4007,PHX,2024-11-19,10000
BCHI23099751-004,REX-4007,CLE,2023-09-19,10000
BCHI25031444-005,REX-4007,CLE,2025-03-17,10000
BATL25058564-006,REX-4007,ATL,2025-05-27,10000
BDAL23047211-007,REX-4007,DAL,2023-04-13,10000
BPHX24036355-008,REX-4007,DAL,2024-03-09,10000
BDAL25027906-009,REX-4007,DAL,2025-02-15,10000
BPHX23061317-010,REX-4007,CHI,2023-06-17,10000
BDAL23044673-011,REX-4007,CLE,2023-04-17,10000
BCLE23035051-012,REX-4007,ATL,2023-03-24,10000
BCHI23023496-013,REX-4007,ATL,2023-02-11,10000
BPHX23092874-014,REX-4007,CHI,2023-09-16,10000
BPHX24035198-015,REX-4007,DAL,2024-03-22,10000
BCHI23122876-016,REX-4007,ATL,2023-12-10,10000
BCLE24091420-017,REX-4007,DAL,2024-09-29,10000
BPHX25024249-018,REX-4007,CLE,2025-02-07,10000
BCLE24055941-019,REX-4007,CHI,2024-05-12,10000
BCHI23091672-020,REX-4007,DAL,2023-09-05,10000
BDAL25052129-021,REX-4007,CHI,2025-05-27,10000
BCLE24117882-022,REX-4007,PHX,2024-11-29,10000
BPHX23086934-023,REX-4007,PHX,2023-08-05,10000
BPHX23113885-024,REX-4007,CHI,2023-11-10,10000
BCHI24079817-025,REX-4007,PHX,2024-07-07,10000
BPHX25085397-026,REX-4007,DAL,2025-08-10,10000
BCLE24055569-027,REX-4007,PHX,2024-05-17,10000
BPHX24057209-028,REX-4007,DAL,2024-05-14,10000
BPHX23026325-029,REX-4007,ATL,2023-02-28,10000
BATL25096813-030,REX-4007,DAL,2025-09-25,10000
BDAL24115526-031,REX-4007,CHI,2024-11-28,10000
BCHI23014130-032,REX-4007,CLE,2023-01-21,10000
BPHX24059004-033,REX-4007,CHI,2024-05-09,10000
BPHX24059041-034,REX-4007,PHX,2024-05-07,10000
BCLE23025820-035,REX-4007,ATL,2023-02-05,10000
BATL25046016-036,REX-4007,CHI,2025-04-08,10000
BPHX25019698-037,REX-4007,DAL,2025-01-25,10000
BCHI25056419-038,REX-4007,DAL,2025-05-21,10000
BDAL25076023-039,REX-4007,DAL,2025-07-18,10000
BCLE24044155-040,REX-4007,DAL,2024-04-17,10000
BCHI23094033-041,REX-4007,ATL,2023-09-02,10000
BPHX24035530-042,REX-4007,CHI,2024-03-19,10000
BCLE24084180-043,REX-4007,DAL,2024-08-02,10000
BDAL24043939-044,REX-4007,DAL,2024-04-10,10000
BCHI23013073-045,REX-4007,DAL,2023-01-29,10000
BCLE23045786-046,REX-4007,ATL,2023-04-04,10000
BCLE25101200-047,REX-4007,CHI,2025-10-02,10000
BPHX24088843-048,REX-4007,PHX,2024-08-05,10000
BATL24111841-049,REX-4007,DAL,2024-11-28,10000
BCLE25092070-050,REX-4007,PHX,2025-09-05,10000
BCLE25101878-051,REX-4007,ATL,2025-10-04,10000
BCHI23115978-052,REX-4007,CLE,2023-11-02,10000
BCLE24057818-053,REX-4007,CHI,2024-05-23,10000
BCHI24047232-054,REX-4007,PHX,2024-04-07,10000
BDAL25068025-055,REX-4007,DAL,2025-06-25,10000
BCHI23052625-056,REX-4007,ATL,2023-05-04,10000
BDAL24032330-057,REX-4007,ATL,2024-03-08,10000
BATL24052229-058,REX-4007,ATL,2024-05-06,10000
BPHX23018381-059,REX-4007,CHI,2023-01-06,10000
BDAL25081534-060,REX-4007,ATL,2025-08-20,10000
BDAL24088438-061,REX-4007,CLE,2024-08-13,10000
BDAL24044241-062,REX-4007,PHX,2024-04-23,10000
BCHI23084683-063,REX-4007,ATL,2023-08-24,10000
BATL24062169-064,REX-4007,CLE,2024-06-28,10000
BDAL23125728-065,REX-4007,PHX,2023-12-06,10000
BPHX23095982-066,REX-4007,PHX,2023-09-12,10000
BCHI24079847-067,REX-4007,PHX,2024-07-11,10000
BCLE25061653-068,REX-4007,PHX,2025-06-15,10000
BCHI24105102-000,REX-4014,CLE,2024-10-22,10000
BATL23071339-001,REX-4014,DAL,2023-07-07,10000
BATL23038708-002,REX-4014,CHI,2023-03-24,10000
BDAL25063973-003,REX-4014,CHI,2025-06-24,10000
BPHX25062494-004,REX-4014,PHX,2025-06-11,10000
BPHX24126460-005,REX-4014,DAL,2024-12-13,10000
BATL23086403-006,REX-4014,PHX,2023-08-03,10000
BDAL25107561-007,REX-4014,CHI,2025-10-11,10000
BPHX23032442-008,REX-4014,DAL,2023-03-17,10000
BDAL24052899-009,REX-4014,PHX,2024-05-31,10000
BCLE25119889-010,REX-4014,PHX,2025-11-19,10000
BCLE25044073-011,REX-4014,CHI,2025-04-26,10000
BCHI25019167-012,REX-4014,PHX,2025-01-10,10000
BATL23045375-013,REX-4014,CHI,2023-04-16,10000
BDAL23098178-014,REX-4014,PHX,2023-09-26,10000
BCLE23094920-015,REX-4014,ATL,2023-09-06,10000
BCHI24091224-016,REX-4014,CHI,2024-09-28,10000
BCLE25044681-017,REX-4014,CLE,2025-04-15,10000
BCLE25083522-018,REX-4014,PHX,2025-08-03,10000
BCHI24085479-019,REX-4014,PHX,2024-08-20,10000
BPHX25094993-020,REX-4014,PHX,2025-09-15,10000
BPHX23104122-021,REX-4014,CHI,2023-10-24,10000
BATL25112143-022,REX-4014,DAL,2025-11-06,10000
BDAL25049318-023,REX-4014,DAL,2025-04-29,10000
BDAL23015891-024,REX-4014,CHI,2023-01-06,10000
BATL25098316-025,REX-4014,CHI,2025-09-29,10000
BDAL25096446-026,REX-4014,CHI,2025-09-18,10000
BPHX25026272-027,REX-4014,ATL,2025-02-11,10000
BCHI24057274-028,REX-4014,ATL,2024-05-04,10000
BCLE25046213-029,REX-4014,PHX,2025-04-21,10000
BPHX25023492-030,REX-4014,PHX,2025-02-19,10000
BATL23039229-031,REX-4014,CHI,2023-03-17,10000
BCLE24118213-032,REX-4014,CLE,2024-11-10,10000
BCLE25073361-033,REX-4014,PHX,2025-07-24,10000
BCLE23118692-034,REX-4014,DAL,2023-11-13,10000
BCHI24117512-035,REX-4014,CLE,2024-11-24,10000
BCHI24117226-036,REX-4014,DAL,2024-11-03,10000
BCHI25091588-037,REX-4014,CHI,2025-09-26,10000
BATL23055708-038,REX-4014,ATL,2023-05-21,10000
BPHX23072612-039,REX-4014,CLE,2023-07-05,10000
BATL25065906-040,REX-4014,CLE,2025-06-27,10000
BDAL23041919-041,REX-4014,DAL,2023-04-05,10000
BDAL25018056-042,REX-4014,ATL,2025-01-04,10000
BCHI24057751-043,REX-4014,CHI,2024-05-15,10000
BATL24013868-044,REX-4014,CLE,2024-01-04,10000
BCHI25024945-045,REX-4014,PHX,2025-02-22,10000
BATL23108555-046,REX-4014,DAL,2023-10-21,10000
BDAL25071153-047,REX-4014,PHX,2025-07-30,10000
BCHI24083588-048,REX-4014,CLE,2024-08-12,10000
BDAL25065901-049,REX-4014,PHX,2025-06-23,10000
BPHX24055949-050,REX-4014,ATL,2024-05-27,10000
BPHX25022747-051,REX-4014,ATL,2025-02-26,10000
BCHI25026881-052,REX-4014,CHI,2025-02-20,10000
BDAL24081359-053,REX-4014,PHX,2024-08-28,10000
BCLE24071803-054,REX-4014,CHI,2024-07-16,10000
BDAL25104770-055,REX-4014,CHI,2025-10-14,10000
BATL24124115-056,REX-4014,CHI,2024-12-22,10000
BATL24052591-057,REX-4014,CLE,2024-05-28,10000
BPHX24091546-058,REX-4014,CHI,2024-09-24,10000
BATL25012476-059,REX-4014,DAL,2025-01-17,10000
BPHX24103877-060,REX-4014,ATL,2024-10-31,10000
BCHI23096994-061,REX-4014,CHI,2023-09-28,10000
BDAL25103695-062,REX-4014,DAL,2025-10-24,10000
BDAL25096549-063,REX-4014,CLE,2025-09-13,10000
BCLE25083306-064,REX-4014,ATL,2025-08-17,10000
BCHI25036992-065,REX-4014,CLE,2025-03-24,10000
BCLE25035332-066,REX-4014,CHI,2025-03-19,10000
BPHX23097038-067,REX-4014,DAL,2023-09-11,10000
BDAL25022775-068,REX-4014,ATL,2025-02-19,10000
BCLE25086374-069,REX-4014,CHI,2025-08-23,10000
BCLE24038606-070,REX-4014,DAL,2024-03-29,10000
BCLE25043290-071,REX-4014,CLE,2025-04-16,10000
BDAL23039071-072,REX-4014,CLE,2023-03-18,10000
BATL23079807-073,REX-4014,ATL,2023-07-19,10000
BPHX25037078-074,REX-4014,CHI,2025-03-06,10000
BCHI25053531-075,REX-4014,PHX,2025-05-08,10000
BPHX23077686-076,REX-4014,DAL,2023-07-22,10000
BDAL23034559-077,REX-4014,PHX,2023-03-09,10000
BATL25066942-078,REX-4014,CLE,2025-06-29,10000
BCHI25016876-079,REX-4014,CLE,2025-01-22,10000
BDAL25034109-080,REX-4014,CLE,2025-03-26,10000
BCLE25074475-081,REX-4014,CHI,2025-07-20,10000
BCLE23026464-082,REX-4014,ATL,2023-02-13,10000
BCHI23094362-083,REX-4014,CLE,2023-09-15,10000
BCHI24024538-084,REX-4014,ATL,2024-02-29,10000
BATL24111046-085,REX-4014,DAL,2024-11-03,10000
BATL23109850-086,REX-4014,DAL,2023-10-24,10000
BCLE23121422-087,REX-4014,ATL,2023-12-24,10000
BDAL23014898-088,REX-4014,CHI,2023-01-31,10000
BCLE24103854-089,REX-4014,DAL,2024-10-25,10000
BATL23047897-090,REX-4014,CHI,2023-04-18,10000
BCLE23088802-091,REX-4014,PHX,2023-08-21,10000
BCHI25012786-092,REX-4014,PHX,2025-01-11,10000
BATL25101710-093,REX-4014,CHI,2025-10-28,10000
BPHX24091510-094,REX-4014,CLE,2024-09-09,10000
BPHX25097984-095,REX-4014,CLE,2025-09-07,10000
BPHX25102204-096,REX-4014,CLE,2025-10-01,10000
BCHI24103430-097,REX-4014,CLE,2024-10-21,10000
BDAL23099984-098,REX-4014,DAL,2023-09-16,10000
BCHI25029692-099,REX-4014,DAL,2025-02-19,10000
BCHI25078048-100,REX-4014,CLE,2025-07-18,10000
BCHI23084522-101,REX-4014,PHX,2023-08-23,10000
BATL25077779-102,REX-4014,DAL,2025-07-13,10000
BPHX25077815-103,REX-4014,CLE,2025-07-17,10000
BPHX24106120-104,REX-4014,DAL,2024-10-02,10000
BATL25028770-105,REX-4014,CLE,2025-02-05,10000
BCLE23072527-106,REX-4014,PHX,2023-07-06,10000
BDAL23073131-107,REX-4014,CHI,2023-07-17,10000
BCHI23056400-108,REX-4014,CLE,2023-05-03,10000
BDAL25047929-109,REX-4014,CLE,2025-04-21,10000
BCHI24086119-110,REX-4014,DAL,2024-08-12,10000
BCHI23089313-111,REX-4014,ATL,2023-08-01,10000
BPHX23114674-112,REX-4014,CLE,2023-11-13,10000
BCHI24127022-113,REX-4014,CLE,2024-12-18,10000
BCHI24074705-114,REX-4014,PHX,2024-07-24,10000
BCHI23025381-115,REX-4014,CLE,2023-02-23,10000
BDAL24016062-116,REX-4014,DAL,2024-01-05,10000
BCLE24123972-117,REX-4014,ATL,2024-12-19,10000
BCLE25033324-118,REX-4014,CLE,2025-03-31,10000
BCHI23074524-119,REX-4014,PHX,2023-07-07,10000
BPHX25056585-120,REX-4014,ATL,2025-05-09,10000
BDAL25016314-121,REX-4014,CHI,2025-01-27,10000
BCLE23063549-122,REX-4014,ATL,2023-06-23,10000
BCLE23045458-123,REX-4014,PHX,2023-04-12,10000
BPHX25058242-124,REX-4014,PHX,2025-05-18,10000
BATL24079394-125,REX-4014,CLE,2024-07-13,10000
BPHX24122816-126,REX-4014,DAL,2024-12-07,10000
BCHI25096053-127,REX-4014,CLE,2025-09-23,10000
BPHX24031897-128,REX-4014,CLE,2024-03-27,10000
BDAL24024460-129,REX-4014,ATL,2024-02-23,10000
BDAL24066375-130,REX-4014,CLE,2024-06-07,10000
BPHX23018055-131,REX-4014,ATL,2023-01-16,10000
BPHX23099725-132,REX-4014,ATL,2023-09-22,10000
BCHI25106802-133,REX-4014,CLE,2025-10-21,10000
BCLE25038147-134,REX-4014,CLE,2025-03-24,10000
BCLE25076129-135,REX-4014,CHI,2025-07-30,10000
BCHI25057626-136,REX-4014,PHX,2025-05-29,10000
BCLE24087636-137,REX-4014,CLE,2024-08-15,10000
BATL24108538-138,REX-4014,DAL,2024-10-27,10000
BPHX23062734-139,REX-4014,ATL,2023-06-30,10000
BCHI25067560-140,REX-4014,CHI,2025-06-11,10000
BPHX23066083-141,REX-4014,DAL,2023-06-11,10000
BDAL24033754-142,REX-4014,CLE,2024-03-29,10000
BCLE25119693-143,REX-4014,CHI,2025-11-11,10000
BDAL24026752-144,REX-4014,ATL,2024-02-02,10000
BCLE24043399-145,REX-4014,DAL,2024-04-28,10000
BATL24023504-146,REX-4014,CLE,2024-02-09,10000
BPHX23128601-147,REX-4014,CHI,2023-12-29,10000
BCHI25076295-148,REX-4014,DAL,2025-07-08,10000
BPHX23112118-149,REX-4014,PHX,2023-11-06,10000
BDAL25065500-150,REX-4014,CHI,2025-06-24,10000
BDAL23049312-151,REX-4014,CLE,2023-04-26,10000
BPHX24098404-152,REX-4014,CLE,2024-09-27,10000
BDAL23045703-153,REX-4014,CLE,2023-04-27,10000
BCHI23079307-154,REX-4014,PHX,2023-07-04,10000
BCHI25081672-155,REX-4014,PHX,2025-08-05,10000
BDAL24018792-156,REX-4014,CHI,2024-01-21,10000
BCLE23118381-157,REX-4014,CLE,2023-11-05,10000
BCLE24129266-158,REX-4014,ATL,2024-12-04,10000
BATL23038172-159,REX-4014,PHX,2023-03-22,10000
BDAL23117108-160,REX-4014,DAL,2023-11-22,10000
BPHX25036543-161,REX-4014,CHI,2025-03-04,10000
BDAL23042079-162,REX-4014,DAL,2023-04-18,10000
BCHI23077333-163,REX-4014,DAL,2023-07-13,10000
BCHI24053463-164,REX-4014,DAL,2024-05-31,10000
BCHI23063317-165,REX-4014,DAL,2023-06-16,10000
BPHX24093112-166,REX-4014,CHI,2024-09-27,10000
BDAL23067171-167,REX-4014,DAL,2023-06-23,10000
BCHI23092531-168,REX-4014,PHX,2023-09-19,10000
BDAL25111298-169,REX-4014,DAL,2025-11-07,10000
BATL24094509-170,REX-4014,DAL,2024-09-24,10000
BATL25094711-171,REX-4014,ATL,2025-09-22,10000
BCLE23115846-172,REX-4014,CLE,2023-11-14,10000
BCHI25119626-173,REX-4014,CLE,2025-11-05,10000
BCHI24113147-174,REX-4014,CHI,2024-11-20,10000
BATL25023658-175,REX-4014,ATL,2025-02-10,10000
BPHX23121715-176,REX-4014,PHX,2023-12-06,10000
BATL25018277-177,REX-4014,CHI,2025-01-16,10000
BPHX24084833-178,REX-4014,CHI,2024-08-06,10000
BDAL24058684-179,REX-4014,ATL,2024-05-04,10000
BCHI25018218-180,REX-4014,PHX,2025-01-23,10000
BPHX24079239-181,REX-4014,CHI,2024-07-31,10000
BATL25054271-182,REX-4014,CHI,2025-05-07,10000
BDAL23101854-183,REX-4014,PHX,2023-10-11,10000
BCHI25012680-184,REX-4014,CHI,2025-01-30,10000
BDAL23092374-185,REX-4014,ATL,2023-09-13,10000
BPHX24079410-186,REX-4014,ATL,2024-07-12,10000
BCLE25064637-187,REX-4014,PHX,2025-06-14,10000
BCLE24127797-188,REX-4014,CLE,2024-12-16,10000
BCHI25037126-189,REX-4014,ATL,2025-03-22,10000
BCLE25037142-190,REX-4014,ATL,2025-03-01,10000
BDAL23022623-191,REX-4014,DAL,2023-02-27,10000
BATL23101627-192,REX-4014,DAL,2023-10-27,10000
BATL25088685-193,REX-4014,PHX,2025-08-25,10000
BCLE23011311-194,REX-4014,DAL,2023-01-11,10000
BATL24039991-195,REX-4014,CHI,2024-03-17,10000
BCLE25055720-196,REX-4014,ATL,2025-05-16,10000
BCLE24091782-197,REX-4014,ATL,2024-09-08,10000
BCHI25058489-198,REX-4014,CLE,2025-05-09,10000
BPHX23089782-199,REX-4014,CLE,2023-08-16,10000
BCHI25114963-200,REX-4014,ATL,2025-11-21,10000
BPHX24081025-201,REX-4014,CHI,2024-08-19,10000
BATL24127825-202,REX-4014,ATL,2024-12-23,10000
BCHI23066908-203,REX-4014,CLE,2023-06-25,10000
BCHI25111333-204,REX-4014,PHX,2025-11-05,10000
BCLE25087338-205,REX-4014,DAL,2025-08-20,10000
BCLE24066850-206,REX-4014,CLE,2024-06-03,10000
BATL24122698-207,REX-4014,CHI,2024-12-07,10000
BATL24111726-208,REX-4014,DAL,2024-11-11,10000
BATL24118612-209,REX-4014,PHX,2024-11-24,10000
BATL24012033-210,REX-4014,PHX,2024-01-09,10000
BDAL23034302-211,REX-4014,CLE,2023-03-17,10000
BCLE24026170-212,REX-4014,DAL,2024-02-13,10000
BPHX25119897-213,REX-4014,PHX,2025-11-21,10000
BCLE24064131-214,REX-4014,DAL,2024-06-02,10000
BCLE25016438-215,REX-4014,DAL,2025-01-01,10000
BDAL23098159-216,REX-4014,PHX,2023-09-12,10000
BPHX25066554-217,REX-4014,ATL,2025-06-19,10000
BPHX25107018-218,REX-4014,CHI,2025-10-13,10000
BCLE24067955-219,REX-4014,CLE,2024-06-30,10000
BCHI25053956-220,REX-4014,CHI,2025-05-31,10000
BDAL24082680-221,REX-4014,CLE,2024-08-24,10000
BDAL24116021-222,REX-4014,PHX,2024-11-02,10000
BATL25058272-223,REX-4014,DAL,2025-05-22,10000
BCLE25076776-224,REX-4014,CHI,2025-07-04,10000
BDAL25061939-225,REX-4014,CLE,2025-06-09,10000
BDAL25049406-226,REX-4014,ATL,2025-04-11,10000
BATL23038179-227,REX-4014,CLE,2023-03-05,10000
BCLE23094866-228,REX-4014,DAL,2023-09-16,10000
BPHX25011530-229,REX-4014,CHI,2025-01-11,10000
BPHX23117077-230,REX-4014,DAL,2023-11-11,10000
BCLE25063255-231,REX-4014,CHI,2025-06-28,10000
BPHX25016150-232,REX-4014,DAL,2025-01-21,10000
BCLE24051424-233,REX-4014,ATL,2024-05-26,10000
BCHI25107340-234,REX-4014,CHI,2025-10-19,10000
BDAL23085264-235,REX-4014,PHX,2023-08-30,10000
BCHI24035678-236,REX-4014,PHX,2024-03-15,10000
BCLE24023223-237,REX-4014,CLE,2024-02-14,10000
BATL25078292-238,REX-4014,CLE,2025-07-14,10000
BDAL24102063-239,REX-4014,CHI,2024-10-16,10000
BDAL24083580-240,REX-4014,ATL,2024-08-17,10000
BCHI25014673-241,REX-4014,CLE,2025-01-10,10000
BATL24024878-242,REX-4014,PHX,2024-02-16,10000
BDAL23027044-243,REX-4014,PHX,2023-02-23,10000
BCHI23092412-244,REX-4014,CLE,2023-09-23,10000
BPHX24098842-245,REX-4014,CHI,2024-09-25,10000
BPHX25042208-246,REX-4014,ATL,2025-04-21,10000
BCLE24108372-247,REX-4014,PHX,2024-10-11,10000
BDAL25113102-248,REX-4014,CHI,2025-11-25,10000
BATL24018088-249,REX-4014,CHI,2024-01-08,10000
BCLE23049488-250,REX-4014,ATL,2023-04-24,10000
BATL24093653-251,REX-4014,DAL,2024-09-14,10000
BDAL24049501-252,REX-4014,DAL,2024-04-06,10000
BDAL23064216-253,REX-4014,CHI,2023-06-11,10000
BATL24075961-254,REX-4014,CHI,2024-07-16,10000
BCHI23073762-255,REX-4014,CHI,2023-07-11,10000
BATL23116531-256,REX-4014,CHI,2023-11-12,10000
BCLE23032330-257,REX-4014,CLE,2023-03-26,10000
BATL24067825-258,REX-4014,CHI,2024-06-26,10000
BPHX23039938-259,REX-4014,DAL,2023-03-04,10000
BPHX24095012-260,REX-4014,PHX,2024-09-10,10000
BPHX24092195-261,REX-4014,CLE,2024-09-01,10000
BPHX23117809-262,REX-4014,PHX,2023-11-20,10000
BATL25086573-263,REX-4014,CHI,2025-08-09,10000
BDAL23106231-264,REX-4014,DAL,2023-10-22,10000
BATL25037070-265,REX-4014,CHI,2025-03-27,10000
BDAL23084960-266,REX-4014,PHX,2023-08-06,10000
BDAL23098366-267,REX-4014,ATL,2023-09-08,10000
BCLE23101829-268,REX-4014,DAL,2023-10-16,10000
BCHI25027850-269,REX-4014,ATL,2025-02-25,10000
BDAL23116123-270,REX-4014,ATL,2023-11-24,10000
BPHX23119433-271,REX-4014,PHX,2023-11-23,10000
BDAL25109148-272,REX-4014,CLE,2025-10-18,10000
BPHX23079281-273,REX-4014,PHX,2023-07-04,10000
BATL24056781-274,REX-4014,CLE,2024-05-08,10000
BDAL23049108-275,REX-4014,CHI,2023-04-14,10000
BDAL25089793-276,REX-4014,CLE,2025-08-21,10000
BPHX23083194-277,REX-4014,DAL,2023-08-09,10000
BPHX25016995-278,REX-4014,CLE,2025-01-19,10000
BCLE25034189-279,REX-4014,DAL,2025-03-31,10000
BCLE24087329-280,REX-4014,CHI,2024-08-14,10000
BCHI25075582-281,REX-4014,CHI,2025-07-11,10000
BATL23092584-282,REX-4014,PHX,2023-09-01,10000
BDAL25026990-000,REX-4021,ATL,2025-02-03,10000
BCHI24029341-001,REX-4021,PHX,2024-02-12,10000
BCLE25101742-002,REX-4021,CLE,2025-10-21,10000
BDAL23108761-003,REX-4021,CHI,2023-10-08,10000
BATL25079446-004,REX-4021,ATL,2025-07-24,10000
BCHI24116218-005,REX-4021,ATL,2024-11-02,10000
BCHI25035902-006,REX-4021,CHI,2025-03-15,10000
BCHI24119351-007,REX-4021,CHI,2024-11-19,10000
BCHI25095911-008,REX-4021,PHX,2025-09-30,10000
BDAL23026427-009,REX-4021,CLE,2023-02-04,10000
BCHI25056040-010,REX-4021,CLE,2025-05-03,10000
BDAL25084728-011,REX-4021,CLE,2025-08-29,10000
BATL25099589-012,REX-4021,CHI,2025-09-10,10000
BATL25024968-013,REX-4021,CLE,2025-02-17,10000
BATL23081310-014,REX-4021,PHX,2023-08-14,10000
BPHX24103481-015,REX-4021,PHX,2024-10-04,10000
BPHX24029221-016,REX-4021,CHI,2024-02-22,10000
BCLE25083262-017,REX-4021,CHI,2025-08-23,10000
BCHI24026325-018,REX-4021,PHX,2024-02-29,10000
BDAL25023837-019,REX-4021,PHX,2025-02-10,10000
BCHI24126804-020,REX-4021,DAL,2024-12-02,10000
BATL25095038-021,REX-4021,DAL,2025-09-18,10000
BATL24095876-022,REX-4021,DAL,2024-09-03,10000
BPHX24026194-023,REX-4021,PHX,2024-02-29,10000
BCHI24125480-024,REX-4021,DAL,2024-12-15,10000
BCHI23099899-025,REX-4021,PHX,2023-09-07,10000
BDAL25033399-026,REX-4021,DAL,2025-03-19,10000
BDAL23032294-027,REX-4021,DAL,2023-03-28,10000
BDAL25068849-028,REX-4021,ATL,2025-06-24,10000
BCHI24025442-029,REX-4021,CHI,2024-02-18,10000
BATL24072789-030,REX-4021,CHI,2024-07-10,10000
BATL24051831-031,REX-4021,CHI,2024-05-05,10000
BATL24041860-032,REX-4021,CLE,2024-04-07,10000
BDAL25048739-033,REX-4021,CLE,2025-04-26,10000
BCLE23103587-034,REX-4021,PHX,2023-10-09,10000
BPHX25094267-035,REX-4021,DAL,2025-09-01,10000
BDAL24101969-036,REX-4021,CLE,2024-10-19,10000
BCHI24041611-037,REX-4021,ATL,2024-04-20,10000
BATL25051595-038,REX-4021,PHX,2025-05-05,10000
BATL25105742-039,REX-4021,CLE,2025-10-11,10000
BDAL23012758-040,REX-4021,DAL,2023-01-19,10000
BPHX24089901-041,REX-4021,CHI,2024-08-05,10000
BATL25109261-042,REX-4021,PHX,2025-10-08,10000
BATL24072845-043,REX-4021,DAL,2024-07-12,10000
BPHX23115215-044,REX-4021,ATL,2023-11-29,10000
BDAL23015833-045,REX-4021,CHI,2023-01-29,10000
BATL24017643-046,REX-4021,PHX,2024-01-31,10000
BDAL25112421-047,REX-4021,PHX,2025-11-21,10000
BATL23073303-048,REX-4021,PHX,2023-07-15,10000
BATL24101111-049,REX-4021,DAL,2024-10-24,10000
BATL25028319-050,REX-4021,DAL,2025-02-24,10000
BDAL24111187-051,REX-4021,DAL,2024-11-06,10000
BATL25012017-052,REX-4021,CLE,2025-01-06,10000
BDAL25083616-053,REX-4021,PHX,2025-08-11,10000
BDAL25102923-054,REX-4021,DAL,2025-10-26,10000
BCHI25014618-055,REX-4021,ATL,2025-01-22,10000
BPHX23103509-056,REX-4021,PHX,2023-10-01,10000
BPHX25029998-057,REX-4021,PHX,2025-02-04,10000
BATL24032341-058,REX-4021,CHI,2024-03-23,10000
BCHI25076927-059,REX-4021,CLE,2025-07-03,10000
BCLE23089972-060,REX-4021,CHI,2023-08-18,10000
BCHI24029792-061,REX-4021,ATL,2024-02-19,10000
BDAL23129525-062,REX-4021,PHX,2023-12-03,10000
BATL23089008-063,REX-4021,CLE,2023-08-27,10000
BPHX25111911-064,REX-4021,PHX,2025-11-11,10000
BCHI23097806-065,REX-4021,PHX,2023-09-28,10000
BCHI23048575-066,REX-4021,DAL,2023-04-29,10000
BPHX23025169-067,REX-4021,CLE,2023-02-14,10000
BCHI24032196-068,REX-4021,CLE,2024-03-22,10000
BDAL25052044-069,REX-4021,CHI,2025-05-17,10000
BCLE23058734-070,REX-4021,CLE,2023-05-04,10000
BPHX24083948-071,REX-4021,ATL,2024-08-10,10000
BDAL25057266-072,REX-4021,PHX,2025-05-10,10000
BPHX25022314-073,REX-4021,CHI,2025-02-12,10000
BDAL23092943-074,REX-4021,ATL,2023-09-30,10000
BCHI25033086-075,REX-4021,ATL,2025-03-15,10000
BCLE23015888-076,REX-4021,PHX,2023-01-08,10000
BCHI25057214-077,REX-4021,ATL,2025-05-18,10000
BPHX24056671-078,REX-4021,ATL,2024-05-21,10000
BATL24072848-079,REX-4021,CLE,2024-07-18,10000
BCHI25051256-080,REX-4021,ATL,2025-05-08,10000
BCLE24022653-081,REX-4021,CHI,2024-02-27,10000
BPHX23031797-082,REX-4021,ATL,2023-03-10,10000
BPHX23048191-083,REX-4021,ATL,2023-04-01,10000
BCLE24033295-084,REX-4021,CHI,2024-03-20,10000
BATL24086224-085,REX-4021,CHI,2024-08-15,10000
BATL24105944-086,REX-4021,ATL,2024-10-18,10000
BPHX24035923-087,REX-4021,DAL,2024-03-28,10000
BCHI23053869-088,REX-4021,PHX,2023-05-05,10000
BCLE25106642-089,REX-4021,PHX,2025-10-12,10000
BPHX24107688-090,REX-4021,ATL,2024-10-14,10000
BPHX24094012-091,REX-4021,CHI,2024-09-06,10000
BATL25084692-092,REX-4021,DAL,2025-08-27,10000
BPHX23101944-093,REX-4021,CHI,2023-10-23,10000
BPHX25049683-094,REX-4021,ATL,2025-04-25,10000
BATL25035177-095,REX-4021,ATL,2025-03-06,10000
BCLE24118369-096,REX-4021,DAL,2024-11-07,10000
BCHI23074120-097,REX-4021,CLE,2023-07-09,10000
BPHX24071647-098,REX-4021,CLE,2024-07-03,10000
BCHI24014555-099,REX-4021,PHX,2024-01-21,10000
BDAL24035967-100,REX-4021,CLE,2024-03-03,10000
BATL24032922-101,REX-4021,PHX,2024-03-09,10000
BCHI24054350-102,REX-4021,PHX,2024-05-11,10000
BCHI24056269-103,REX-4021,DAL,2024-05-05,10000
BPHX25029743-104,REX-4021,DAL,2025-02-18,10000
BDAL24096892-105,REX-4021,CHI,2024-09-23,10000
BPHX25102615-106,REX-4021,PHX,2025-10-15,10000
BATL24107073-107,REX-4021,DAL,2024-10-17,10000
BCLE25044625-108,REX-4021,ATL,2025-04-27,10000
BDAL23027841-109,REX-4021,DAL,2023-02-03,10000
BATL23116404-110,REX-4021,ATL,2023-11-09,10000
BCHI25025026-111,REX-4021,PHX,2025-02-16,10000
BDAL24119005-112,REX-4021,PHX,2024-11-22,10000
BATL25086770-113,REX-4021,ATL,2025-08-01,10000
BCHI23109000-114,REX-4021,ATL,2023-10-14,10000
BCHI23051554-115,REX-4021,CLE,2023-05-01,10000
BCLE23047756-116,REX-4021,ATL,2023-04-10,10000
BCLE24043474-117,REX-4021,CLE,2024-04-18,10000
BCHI24038471-118,REX-4021,DAL,2024-03-23,10000
BCHI23058916-119,REX-4021,PHX,2023-05-04,10000
BCLE23029719-120,REX-4021,CHI,2023-02-02,10000
BCLE25041274-121,REX-4021,CHI,2025-04-22,10000
BCHI24075697-122,REX-4021,CLE,2024-07-16,10000
BPHX25103937-123,REX-4021,CLE,2025-10-25,10000
BCHI23073439-124,REX-4021,ATL,2023-07-17,10000
BCHI24019625-125,REX-4021,DAL,2024-01-29,10000
BDAL24127502-000,REX-4028,CLE,2024-12-26,10000
BPHX25028520-001,REX-4028,CHI,2025-02-03,10000
BATL24055914-002,REX-4028,CLE,2024-05-13,10000
BCLE23037640-003,REX-4028,PHX,2023-03-06,10000
BCHI25028798-004,REX-4028,CLE,2025-02-11,10000
BATL23012354-005,REX-4028,PHX,2023-01-20,10000
BDAL25062562-006,REX-4028,CHI,2025-06-07,10000
BATL23034463-007,REX-4028,CHI,2023-03-29,10000
BDAL25081762-008,REX-4028,CLE,2025-08-31,10000
BCHI24071539-009,REX-4028,ATL,2024-07-28,10000
BCLE24104394-010,REX-4028,CHI,2024-10-06,10000
BPHX23102260-011,REX-4028,DAL,2023-10-23,10000
BCHI23114939-012,REX-4028,CHI,2023-11-29,10000
BCHI25036435-013,REX-4028,PHX,2025-03-07,10000
BCLE23109204-014,REX-4028,DAL,2023-10-14,10000
BCLE23048161-015,REX-4028,ATL,2023-04-20,10000
BDAL23067499-016,REX-4028,DAL,2023-06-05,10000
BDAL23038381-017,REX-4028,PHX,2023-03-02,10000
BDAL24047150-018,REX-4028,PHX,2024-04-12,10000
BCHI24017227-019,REX-4028,CLE,2024-01-16,10000
BATL24082204-020,REX-4028,CLE,2024-08-27,10000
BATL24077225-021,REX-4028,ATL,2024-07-02,10000
BDAL25036909-022,REX-4028,CLE,2025-03-08,10000
BCLE23076050-023,REX-4028,PHX,2023-07-07,10000
BDAL25012674-024,REX-4028,ATL,2025-01-07,10000
BATL23068061-025,REX-4028,PHX,2023-06-28,10000
BPHX25112692-026,REX-4028,CLE,2025-11-15,10000
BDAL23072524-027,REX-4028,CHI,2023-07-03,10000
BPHX24101202-028,REX-4028,DAL,2024-10-26,10000
BPHX25042387-029,REX-4028,CHI,2025-04-27,10000
BCHI24059537-030,REX-4028,ATL,2024-05-12,10000
BATL25023274-031,REX-4028,DAL,2025-02-18,10000
BDAL24099079-032,REX-4028,ATL,2024-09-08,10000
BATL23058121-033,REX-4028,DAL,2023-05-10,10000
BDAL25058933-034,REX-4028,CLE,2025-05-12,10000
BDAL25015040-035,REX-4028,PHX,2025-01-09,10000
BPHX24022752-036,REX-4028,ATL,2024-02-05,10000
BCLE24097483-037,REX-4028,DAL,2024-09-15,10000
BDAL25028212-038,REX-4028,DAL,2025-02-17,10000
BCHI25053230-039,REX-4028,DAL,2025-05-31,10000
BCHI24104290-040,REX-4028,PHX,2024-10-18,10000
BATL24107524-041,REX-4028,DAL,2024-10-05,10000
BPHX24084971-042,REX-4028,DAL,2024-08-19,10000
BDAL25027437-043,REX-4028,DAL,2025-02-09,10000
BCHI23084273-044,REX-4028,CHI,2023-08-22,10000
BCHI24011440-045,REX-4028,PHX,2024-01-04,10000
BPHX24035773-046,REX-4028,CLE,2024-03-05,10000
BPHX25043280-047,REX-4028,DAL,2025-04-17,10000
BDAL24053525-048,REX-4028,PHX,2024-05-10,10000
BCLE25028357-049,REX-4028,CHI,2025-02-11,10000
BCHI25097566-050,REX-4028,CHI,2025-09-08,10000
BPHX25119907-051,REX-4028,CLE,2025-11-03,10000
BCHI25012392-052,REX-4028,CLE,2025-01-06,10000
BDAL24053725-053,REX-4028,CHI,2024-05-23,10000
BCHI23047547-054,REX-4028,DAL,2023-04-01,10000
BCLE25051172-055,REX-4028,CLE,2025-05-31,10000
BATL24069366-056,REX-4028,CHI,2024-06-13,10000
BPHX24037129-057,REX-4028,PHX,2024-03-28,10000
BCHI25089199-058,REX-4028,ATL,2025-08-06,10000
BCLE24128909-059,REX-4028,CLE,2024-12-07,10000
BPHX24082406-060,REX-4028,CLE,2024-08-28,10000
BDAL23106110-061,REX-4028,DAL,2023-10-18,10000
BATL25079537-062,REX-4028,PHX,2025-07-21,10000
BPHX24122599-063,REX-4028,PHX,2024-12-14,10000
BDAL25072100-064,REX-4028,DAL,2025-07-15,10000
BCLE23041370-065,REX-4028,DAL,2023-04-02,10000
BATL23084996-066,REX-4028,CHI,2023-08-12,10000
BCHI23123623-067,REX-4028,DAL,2023-12-24,10000
BPHX25054798-068,REX-4028,PHX,2025-05-23,10000
BATL24018080-069,REX-4028,PHX,2024-01-13,10000
BCHI23034232-070,REX-4028,PHX,2023-03-01,10000
BPHX25051072-071,REX-4028,ATL,2025-05-29,10000
BDAL24022025-072,REX-4028,CHI,2024-02-26,10000
BCHI23074063-073,REX-4028,DAL,2023-07-28,10000
BATL24108496-074,REX-4028,CLE,2024-10-29,10000
BPHX24069646-075,REX-4028,DAL,2024-06-21,10000
BCHI25037431-076,REX-4028,CHI,2025-03-06,10000
BDAL23086766-077,REX-4028,PHX,2023-08-22,10000
BDAL23122388-078,REX-4028,ATL,2023-12-20,10000
BCLE24104908-079,REX-4028,DAL,2024-10-03,10000
BATL23087116-080,REX-4028,ATL,2023-08-28,10000
BPHX25117852-081,REX-4028,CHI,2025-11-12,10000
BCHI23107286-082,REX-4028,PHX,2023-10-10,10000
BPHX24019804-083,REX-4028,ATL,2024-01-16,10000
BPHX23125732-084,REX-4028,ATL,2023-12-08,10000
BDAL24018389-085,REX-4028,CHI,2024-01-19,10000
BDAL23041157-086,REX-4028,PHX,2023-04-20,10000
BATL23107290-087,REX-4028,CHI,2023-10-07,10000
BPHX25117703-088,REX-4028,PHX,2025-11-01,10000
BPHX25059006-089,REX-4028,ATL,2025-05-01,10000
BCHI23061505-090,REX-4028,ATL,2023-06-19,10000
BCLE24085503-091,REX-4028,ATL,2024-08-21,10000
BATL24088492-092,REX-4028,CHI,2024-08-14,10000
BCHI25109369-093,REX-4028,CLE,2025-10-11,10000
BDAL23089898-094,REX-4028,DAL,2023-08-22,10000
BPHX23039951-095,REX-4028,ATL,2023-03-27,10000
BCLE25055055-096,REX-4028,DAL,2025-05-20,10000
BPHX23035305-097,REX-4028,DAL,2023-03-08,10000
BPHX23062923-098,REX-4028,ATL,2023-06-28,10000
BCHI24036744-099,REX-4028,CHI,2024-03-05,10000
BATL25053281-100,REX-4028,ATL,2025-05-26,10000
BCLE24026747-101,REX-4028,CHI,2024-02-28,10000
BCHI24079827-102,REX-4028,ATL,2024-07-29,10000
BDAL24105740-103,REX-4028,CHI,2024-10-24,10000
BCHI24072560-104,REX-4028,ATL,2024-07-01,10000
BCLE25045543-105,REX-4028,ATL,2025-04-22,10000
BATL23093396-106,REX-4028,DAL,2023-09-29,10000
BPHX24059019-107,REX-4028,ATL,2024-05-21,10000
BPHX24077146-108,REX-4028,PHX,2024-07-04,10000
BCLE23067600-109,REX-4028,CHI,2023-06-04,10000
BDAL24078449-110,REX-4028,PHX,2024-07-23,10000
BCHI24111040-111,REX-4028,CLE,2024-11-01,10000
BDAL25072037-112,REX-4028,CHI,2025-07-27,10000
BATL25038039-113,REX-4028,ATL,2025-03-25,10000
BDAL25106289-114,REX-4028,DAL,2025-10-10,10000
BCHI24113139-115,REX-4028,CHI,2024-11-22,10000
BDAL25091793-116,REX-4028,CLE,2025-09-20,10000
BPHX23071266-117,REX-4028,CLE,2023-07-23,10000
BPHX23118479-118,REX-4028,CLE,2023-11-20,10000
BATL25053161-119,REX-4028,DAL,2025-05-26,10000
BDAL23112529-120,REX-4028,DAL,2023-11-22,10000
BCLE24057092-121,REX-4028,ATL,2024-05-27,10000
BPHX23046005-122,REX-4028,ATL,2023-04-17,10000
BCLE25052559-123,REX-4028,CLE,2025-05-29,10000
BPHX24032276-124,REX-4028,ATL,2024-03-13,10000
BCHI24048291-125,REX-4028,CLE,2024-04-08,10000
BDAL23012975-126,REX-4028,PHX,2023-01-17,10000
BPHX23092160-127,REX-4028,ATL,2023-09-28,10000
BCLE25022678-128,REX-4028,CLE,2025-02-23,10000
BDAL24105902-129,REX-4028,ATL,2024-10-03,10000
BATL25023340-130,REX-4028,CLE,2025-02-22,10000
BCHI23013688-131,REX-4028,PHX,2023-01-18,10000
BATL24123480-132,REX-4028,PHX,2024-12-20,10000
BATL25062420-133,REX-4028,CLE,2025-06-25,10000
BCLE23107291-134,REX-4028,DAL,2023-10-14,10000
BDAL25053290-135,REX-4028,ATL,2025-05-29,10000
BCLE24075065-136,REX-4028,CHI,2024-07-21,10000
BCLE24085942-137,REX-4028,ATL,2024-08-06,10000
BCHI25119348-138,REX-4028,ATL,2025-11-26,10000
BDAL25031894-139,REX-4028,ATL,2025-03-13,10000
BPHX25102847-140,REX-4028,ATL,2025-10-10,10000
BCHI25102163-141,REX-4028,CHI,2025-10-20,10000
BDAL23016185-142,REX-4028,ATL,2023-01-25,10000
BCHI25037895-143,REX-4028,DAL,2025-03-03,10000
BPHX23122195-144,REX-4028,CLE,2023-12-20,10000
BCLE23055295-145,REX-4028,ATL,2023-05-19,10000
BCLE23037520-146,REX-4028,CHI,2023-03-23,10000
BCHI24087806-147,REX-4028,PHX,2024-08-09,10000
BCLE25049791-148,REX-4028,CHI,2025-04-03,10000
BDAL23112369-149,REX-4028,DAL,2023-11-09,10000
BCHI23064329-150,REX-4028,ATL,2023-06-11,10000
BPHX24102083-151,REX-4028,DAL,2024-10-31,10000
BATL25061948-152,REX-4028,ATL,2025-06-14,10000
BPHX23062900-153,REX-4028,PHX,2023-06-26,10000
BDAL23043877-154,REX-4028,CLE,2023-04-23,10000
BATL23011185-155,REX-4028,ATL,2023-01-26,10000
BDAL25109568-156,REX-4028,CHI,2025-10-13,10000
BATL24067092-157,REX-4028,ATL,2024-06-14,10000
BCLE24071480-158,REX-4028,DAL,2024-07-04,10000
BDAL25059582-159,REX-4028,CLE,2025-05-29,10000
BCHI24062262-160,REX-4028,PHX,2024-06-22,10000
BCHI25076900-161,REX-4028,CLE,2025-07-21,10000
BCHI25103734-162,REX-4028,DAL,2025-10-20,10000
BDAL23112685-163,REX-4028,CHI,2023-11-19,10000
BATL23089336-164,REX-4028,CLE,2023-08-25,10000
BCLE23045006-165,REX-4028,CLE,2023-04-01,10000
BDAL25087274-166,REX-4028,ATL,2025-08-24,10000
BCLE24017870-000,REX-4035,ATL,2024-01-02,10000
BATL24107819-001,REX-4035,DAL,2024-10-21,10000
BCLE24077108-002,REX-4035,CLE,2024-07-09,10000
BCLE25103938-003,REX-4035,ATL,2025-10-25,10000
BCLE25117568-004,REX-4035,CLE,2025-11-22,10000
BDAL25086090-005,REX-4035,DAL,2025-08-10,10000
BCHI23068483-006,REX-4035,CLE,2023-06-26,10000
BATL25015777-007,REX-4035,CHI,2025-01-25,10000
BCHI24094974-008,REX-4035,PHX,2024-09-14,10000
BCHI25019083-009,REX-4035,ATL,2025-01-24,10000
BATL24051104-010,REX-4035,PHX,2024-05-17,10000
BATL23029872-011,REX-4035,DAL,2023-02-18,10000
BDAL23011023-012,REX-4035,PHX,2023-01-20,10000
BCLE24094361-013,REX-4035,CHI,2024-09-21,10000
BPHX24059061-014,REX-4035,CLE,2024-05-02,10000
BDAL23102524-015,REX-4035,CLE,2023-10-19,10000
BCHI24047767-016,REX-4035,DAL,2024-04-19,10000
BCLE25072565-017,REX-4035,CHI,2025-07-27,10000
BPHX23102226-018,REX-4035,CHI,2023-10-01,10000
BPHX23053141-019,REX-4035,ATL,2023-05-08,10000
BDAL24086161-020,REX-4035,PHX,2024-08-20,10000
BDAL24108417-021,REX-4035,DAL,2024-10-30,10000
BCLE24044321-022,REX-4035,ATL,2024-04-23,10000
BATL23082731-023,REX-4035,ATL,2023-08-12,10000
BPHX25076145-024,REX-4035,PHX,2025-07-09,10000
BCHI23096870-025,REX-4035,ATL,2023-09-05,10000
BDAL25078591-026,REX-4035,DAL,2025-07-14,10000
BCLE23093582-027,REX-4035,DAL,2023-09-03,10000
BATL23036370-028,REX-4035,ATL,2023-03-24,10000
BATL23076828-029,REX-4035,PHX,2023-07-06,10000
BCLE25115896-030,REX-4035,DAL,2025-11-17,10000
BCLE23127625-031,REX-4035,PHX,2023-12-23,10000
BCLE24058570-032,REX-4035,CLE,2024-05-26,10000
BCLE23101195-033,REX-4035,CLE,2023-10-14,10000
BATL24034246-034,REX-4035,PHX,2024-03-31,10000
BCLE25025240-035,REX-4035,CLE,2025-02-01,10000
BCLE23024239-036,REX-4035,PHX,2023-02-14,10000
BCLE23096432-037,REX-4035,CLE,2023-09-21,10000
BPHX23031829-038,REX-4035,ATL,2023-03-29,10000
BPHX25069128-039,REX-4035,CLE,2025-06-06,10000
BPHX25023831-040,REX-4035,DAL,2025-02-22,10000
BATL24035505-041,REX-4035,DAL,2024-03-15,10000
BATL25071567-042,REX-4035,CHI,2025-07-02,10000
BDAL24059173-043,REX-4035,PHX,2024-05-18,10000
BCLE25092437-044,REX-4035,DAL,2025-09-08,10000
BATL25027868-045,REX-4035,ATL,2025-02-23,10000
BCHI24051319-046,REX-4035,PHX,2024-05-25,10000
BPHX25019921-047,REX-4035,PHX,2025-01-05,10000
BCHI24129231-048,REX-4035,DAL,2024-12-05,10000
BDAL25033946-049,REX-4035,CLE,2025-03-06,10000
BCHI24104588-050,REX-4035,CLE,2024-10-15,10000
BCLE24078728-051,REX-4035,CHI,2024-07-29,10000
BCHI25014813-052,REX-4035,ATL,2025-01-02,10000
BATL23074951-053,REX-4035,DAL,2023-07-25,10000
BATL23047363-054,REX-4035,DAL,2023-04-25,10000
BATL23124875-055,REX-4035,CHI,2023-12-22,10000
BDAL24101462-056,REX-4035,DAL,2024-10-13,10000
BCHI23104084-057,REX-4035,PHX,2023-10-19,10000
BATL24099035-058,REX-4035,CLE,2024-09-24,10000
BCLE23074811-059,REX-4035,CHI,2023-07-04,10000
BCLE24039625-060,REX-4035,PHX,2024-03-24,10000
BDAL23014300-061,REX-4035,ATL,2023-01-02,10000
BATL24116301-062,REX-4035,CLE,2024-11-28,10000
BATL23023320-063,REX-4035,CLE,2023-02-14,10000
BCLE25017120-064,REX-4035,PHX,2025-01-17,10000
BDAL23075944-065,REX-4035,DAL,2023-07-26,10000
BATL23108157-066,REX-4035,PHX,2023-10-07,10000
BATL24106846-067,REX-4035,ATL,2024-10-11,10000
BPHX23126026-068,REX-4035,DAL,2023-12-26,10000
BATL23091029-069,REX-4035,CHI,2023-09-18,10000
BCHI25031530-070,REX-4035,ATL,2025-03-12,10000
BCHI24104619-071,REX-4035,CHI,2024-10-13,10000
BPHX23083304-072,REX-4035,DAL,2023-08-02,10000
BATL23066682-073,REX-4035,DAL,2023-06-09,10000
BCLE23126500-074,REX-4035,PHX,2023-12-10,10000
BDAL23014435-075,REX-4035,ATL,2023-01-24,10000
BDAL23055205-076,REX-4035,CLE,2023-05-19,10000
BCLE23017323-077,REX-4035,PHX,2023-01-03,10000
BATL25057783-078,REX-4035,PHX,2025-05-09,10000
BDAL25029946-079,REX-4035,PHX,2025-02-14,10000
BPHX23074695-080,REX-4035,ATL,2023-07-27,10000
BCLE25071547-081,REX-4035,DAL,2025-07-13,10000
BDAL23025278-082,REX-4035,CLE,2023-02-11,10000
BDAL23063787-083,REX-4035,PHX,2023-06-01,10000
BCLE23119962-084,REX-4035,CLE,2023-11-26,10000
BCHI24118909-085,REX-4035,CLE,2024-11-23,10000
BATL25068113-086,REX-4035,ATL,2025-06-02,10000
BCLE23046424-087,REX-4035,ATL,2023-04-20,10000
BPHX24019849-088,REX-4035,DAL,2024-01-25,10000
BDAL24074891-089,REX-4035,CLE,2024-07-30,10000
BPHX23049043-090,REX-4035,ATL,2023-04-12,10000
BDAL23041062-091,REX-4035,PHX,2023-04-22,10000
BDAL23068869-092,REX-4035,ATL,2023-06-29,10000
BCLE23074390-093,REX-4035,ATL,2023-07-18,10000
BCLE24088758-094,REX-4035,CLE,2024-08-20,10000
BPHX24098715-095,REX-4035,PHX,2024-09-23,10000
BCLE24069914-096,REX-4035,PHX,2024-06-26,10000
BDAL24017249-097,REX-4035,DAL,2024-01-14,10000
BPHX24011731-098,REX-4035,DAL,2024-01-18,10000
BPHX25065315-099,REX-4035,ATL,2025-06-19,10000
BCHI24072009-100,REX-4035,ATL,2024-07-04,10000
BCLE23076632-101,REX-4035,CHI,2023-07-18,10000
BCHI25044727-102,REX-4035,CHI,2025-04-27,10000
BPHX23059561-103,REX-4035,PHX,2023-05-05,10000
BCHI25084860-104,REX-4035,PHX,2025-08-30,10000
BCLE24097468-105,REX-4035,CLE,2024-09-04,10000
BCHI25109467-106,REX-4035,CHI,2025-10-25,10000
BCLE23108357-107,REX-4035,ATL,2023-10-29,10000
BATL23124157-108,REX-4035,ATL,2023-12-09,10000
BPHX23032283-109,REX-4035,PHX,2023-03-29,10000
BATL24025225-110,REX-4035,DAL,2024-02-18,10000
BCLE23057358-111,REX-4035,CHI,2023-05-18,10000
BCHI25036343-112,REX-4035,DAL,2025-03-24,10000
BPHX25111202-113,REX-4035,CHI,2025-11-30,10000
BCLE25057790-114,REX-4035,ATL,2025-05-09,10000
BCHI23102641-115,REX-4035,CLE,2023-10-31,10000
BDAL23079775-116,REX-4035,DAL,2023-07-26,10000
BDAL25047275-117,REX-4035,PHX,2025-04-21,10000
BCLE25083821-118,REX-4035,DAL,2025-08-26,10000
BATL25047581-119,REX-4035,CLE,2025-04-05,10000
BDAL25034892-120,REX-4035,CLE,2025-03-21,10000
BDAL25087102-121,REX-4035,CLE,2025-08-31,10000
BDAL24116094-122,REX-4035,DAL,2024-11-22,10000
BCLE25104734-123,REX-4035,ATL,2025-10-03,10000
BPHX24096257-124,REX-4035,DAL,2024-09-07,10000
BCHI25052462-125,REX-4035,ATL,2025-05-03,10000
BATL25067671-126,REX-4035,PHX,2025-06-23,10000
BDAL25111920-127,REX-4035,CHI,2025-11-23,10000
BCLE23116097-128,REX-4035,CHI,2023-11-22,10000
BATL25049589-129,REX-4035,CHI,2025-04-06,10000
BATL23034158-130,REX-4035,ATL,2023-03-01,10000
BATL23041541-131,REX-4035,PHX,2023-04-29,10000
BDAL23044262-132,REX-4035,DAL,2023-04-14,10000
BPHX25019275-133,REX-4035,PHX,2025-01-24,10000
BCLE23094963-134,REX-4035,DAL,2023-09-11,10000
BCHI25098308-135,REX-4035,ATL,2025-09-28,10000
BCHI25086730-136,REX-4035,DAL,2025-08-29,10000
BDAL23122480-137,REX-4035,DAL,2023-12-01,10000
BPHX23021813-138,REX-4035,ATL,2023-02-26,10000
BATL24034688-139,REX-4035,ATL,2024-03-14,10000
BPHX24079409-140,REX-4035,CLE,2024-07-05,10000
BPHX23013167-141,REX-4035,ATL,2023-01-19,10000
BATL23015135-142,REX-4035,CHI,2023-01-18,10000
BDAL24097943-143,REX-4035,PHX,2024-09-17,10000
BPHX24125128-144,REX-4035,ATL,2024-12-15,10000
BDAL25089530-145,REX-4035,CHI,2025-08-13,10000
BCHI25032676-146,REX-4035,CLE,2025-03-24,10000
BDAL25115631-147,REX-4035,DAL,2025-11-13,10000
BPHX23082045-148,REX-4035,DAL,2023-08-10,10000
BDAL24075536-149,REX-4035,DAL,2024-07-20,10000
BATL24093456-150,REX-4035,CHI,2024-09-03,10000
BCLE24057620-151,REX-4035,DAL,2024-05-07,10000
BCLE23109148-152,REX-4035,DAL,2023-10-14,10000
BPHX24067628-153,REX-4035,PHX,2024-06-15,10000
BCHI23034111-154,REX-4035,DAL,2023-03-14,10000
BCHI24038794-155,REX-4035,DAL,2024-03-31,10000
BDAL25113785-156,REX-4035,CHI,2025-11-04,10000
BDAL24012599-157,REX-4035,PHX,2024-01-06,10000
BDAL23093999-158,REX-4035,DAL,2023-09-20,10000
BATL23076820-159,REX-4035,ATL,2023-07-02,10000
BPHX24096428-160,REX-4035,DAL,2024-09-20,10000
BCHI24065817-161,REX-4035,PHX,2024-06-17,10000
BPHX23081879-162,REX-4035,CHI,2023-08-30,10000
BPHX23054187-163,REX-4035,CHI,2023-05-26,10000
BPHX23099680-164,REX-4035,DAL,2023-09-03,10000
BCLE25043470-165,REX-4035,ATL,2025-04-26,10000
BDAL24027704-166,REX-4035,CHI,2024-02-15,10000
BATL25076183-167,REX-4035,ATL,2025-07-26,10000
BPHX23066449-168,REX-4035,ATL,2023-06-15,10000
BCLE24101077-169,REX-4035,PHX,2024-10-03,10000
BATL24073762-170,REX-4035,CHI,2024-07-14,10000
BPHX23112442-171,REX-4035,ATL,2023-11-21,10000
BPHX25067609-172,REX-4035,PHX,2025-06-07,10000
BPHX25091076-173,REX-4035,CLE,2025-09-04,10000
BDAL24021230-174,REX-4035,DAL,2024-02-13,10000
BCLE24011067-175,REX-4035,ATL,2024-01-26,10000
BDAL24046113-176,REX-4035,ATL,2024-04-08,10000
BPHX23079246-177,REX-4035,CHI,2023-07-30,10000
BATL24092069-178,REX-4035,CLE,2024-09-18,10000
BDAL24098469-179,REX-4035,CHI,2024-09-02,10000
BPHX24113192-180,REX-4035,DAL,2024-11-22,10000
BDAL25094087-181,REX-4035,ATL,2025-09-30,10000
BCLE25044742-182,REX-4035,ATL,2025-04-06,10000
BATL23091359-183,REX-4035,CHI,2023-09-26,10000
BATL25103017-184,REX-4035,DAL,2025-10-30,10000
BPHX23035190-185,REX-4035,CHI,2023-03-18,10000
BCHI23041785-186,REX-4035,CLE,2023-04-10,10000
BCLE23022897-187,REX-4035,PHX,2023-02-10,10000
BPHX25063024-188,REX-4035,CHI,2025-06-28,10000
BPHX24063508-189,REX-4035,ATL,2024-06-01,10000
BDAL23017895-190,REX-4035,CLE,2023-01-20,10000
BDAL25123247-191,REX-4035,PHX,2025-12-01,10000
BCHI23082928-192,REX-4035,DAL,2023-08-03,10000
BCLE23089154-193,REX-4035,ATL,2023-08-22,10000
BDAL24029571-194,REX-4035,ATL,2024-02-14,10000
BPHX25015839-195,REX-4035,ATL,2025-01-03,10000
BCHI23039132-196,REX-4035,ATL,2023-03-22,10000
BDAL25094842-197,REX-4035,CLE,2025-09-11,10000
BCLE23012809-198,REX-4035,CHI,2023-01-27,10000
BATL25102475-199,REX-4035,CHI,2025-10-08,10000
BCLE23065192-200,REX-4035,ATL,2023-06-03,10000
BDAL25075327-201,REX-4035,PHX,2025-07-24,10000
BCLE23043862-202,REX-4035,CLE,2023-04-13,10000
BDAL24086123-203,REX-4035,PHX,2024-08-18,10000
BCLE23081751-204,REX-4035,CLE,2023-08-26,10000
BATL23106384-205,REX-4035,DAL,2023-10-11,10000
BCHI25065395-206,REX-4035,CLE,2025-06-15,10000
BDAL25023996-207,REX-4035,CLE,2025-02-02,10000
BPHX25038479-208,REX-4035,DAL,2025-03-31,10000
BPHX25027909-209,REX-4035,ATL,2025-02-28,10000
BATL23081960-210,REX-4035,ATL,2023-08-20,10000
BPHX23088908-211,REX-4035,CHI,2023-08-01,10000
BATL25067221-212,REX-4035,DAL,2025-06-16,10000
BATL23038914-213,REX-4035,PHX,2023-03-01,10000
BPHX23088220-214,REX-4035,CLE,2023-08-20,10000
BDAL23056148-215,REX-4035,CLE,2023-05-10,10000
BDAL24049504-216,REX-4035,CHI,2024-04-03,10000
BPHX23075072-217,REX-4035,PHX,2023-07-15,10000
BPHX24123435-218,REX-4035,CHI,2024-12-09,10000
BCLE23043571-219,REX-4035,CHI,2023-04-22,10000
BPHX25083709-220,REX-4035,CLE,2025-08-19,10000
BDAL25104946-221,REX-4035,DAL,2025-10-03,10000
BCLE24079305-222,REX-4035,ATL,2024-07-23,10000
BPHX25024850-223,REX-4035,CLE,2025-02-14,10000
BPHX25078341-224,REX-4035,CLE,2025-07-29,10000
BPHX25106178-225,REX-4035,CLE,2025-10-17,10000
BCLE25102681-226,REX-4035,PHX,2025-10-15,10000
BCLE25049996-227,REX-4035,CLE,2025-04-24,10000
BCHI23075990-228,REX-4035,CHI,2023-07-06,10000
BPHX24026584-229,REX-4035,DAL,2024-02-28,10000
BATL23048445-230,REX-4035,DAL,2023-04-22,10000
BDAL25088414-231,REX-4035,CLE,2025-08-26,10000
BATL23071035-232,REX-4035,DAL,2023-07-19,10000
BDAL24129973-233,REX-4035,CHI,2024-12-28,10000
BCLE25021750-234,REX-4035,ATL,2025-02-04,10000
BATL25107704-235,REX-4035,CLE,2025-10-05,10000
BCHI24064209-236,REX-4035,ATL,2024-06-04,10000
BPHX23094532-237,REX-4035,PHX,2023-09-05,10000
BDAL24012765-238,REX-4035,PHX,2024-01-26,10000
BCHI23043018-239,REX-4035,PHX,2023-04-06,10000
BCHI25079260-240,REX-4035,ATL,2025-07-25,10000
BCLE25109689-241,REX-4035,CLE,2025-10-18,10000
BCHI25068912-242,REX-4035,CHI,2025-06-05,10000
BCHI23123845-243,REX-4035,ATL,2023-12-29,10000
BPHX23086273-244,REX-4035,CHI,2023-08-01,10000
BPHX25025067-245,REX-4035,DAL,2025-02-26,10000
BDAL25035819-246,REX-4035,PHX,2025-03-25,10000
BATL23107762-247,REX-4035,CHI,2023-10-01,10000
BDAL25119975-248,REX-4035,DAL,2025-11-15,10000
BATL24034435-249,REX-4035,CHI,2024-03-21,10000
BDAL24083173-250,REX-4035,ATL,2024-08-18,10000
BCHI25106281-251,REX-4035,CLE,2025-10-28,10000
BCHI24128870-252,REX-4035,CHI,2024-12-22,10000
BCHI25055684-253,REX-4035,PHX,2025-05-04,10000
BCHI23012744-254,REX-4035,CLE,2023-01-27,10000
BATL25021869-255,REX-4035,CLE,2025-02-19,10000
BDAL24023636-256,REX-4035,DAL,2024-02-14,10000
BATL24052016-257,REX-4035,DAL,2024-05-28,10000
BCHI24021529-258,REX-4035,DAL,2024-02-22,10000
BCLE25074675-259,REX-4035,CHI,2025-07-15,10000
BATL25039370-260,REX-4035,DAL,2025-03-07,10000
BPHX23047349-261,REX-4035,PHX,2023-04-07,10000
BCHI24101881-262,REX-4035,CLE,2024-10-02,10000
BATL24058259-263,REX-4035,ATL,2024-05-29,10000
BCHI25019955-264,REX-4035,CHI,2025-01-23,10000
BATL24025819-265,REX-4035,PHX,2024-02-07,10000
BCLE23124063-266,REX-4035,ATL,2023-12-30,10000
BCLE25117180-267,REX-4035,CLE,2025-11-18,10000
BDAL25055329-268,REX-4035,ATL,2025-05-27,10000
BCHI23115178-269,REX-4035,CLE,2023-11-26,10000
BPHX24113536-270,REX-4035,CLE,2024-11-07,10000
BDAL23111833-271,REX-4035,CHI,2023-11-11,10000
BPHX24096866-272,REX-4035,CLE,2024-09-08,10000
BCHI24104603-273,REX-4035,ATL,2024-10-12,10000
BCHI23053611-274,REX-4035,PHX,2023-05-20,10000
BCLE25046724-275,REX-4035,ATL,2025-04-06,10000
BDAL24036424-276,REX-4035,DAL,2024-03-12,10000
BATL24089691-277,REX-4035,PHX,2024-08-24,10000
BCLE23016668-278,REX-4035,PHX,2023-01-19,10000
BCHI24054994-279,REX-4035,CLE,2024-05-07,10000
BPHX24102857-280,REX-4035,PHX,2024-10-19,10000
BCHI24065633-281,REX-4035,CLE,2024-06-09,10000
BDAL25119426-282,REX-4035,CHI,2025-11-24,10000
BPHX25071718-283,REX-4035,DAL,2025-07-01,10000
BDAL24019419-284,REX-4035,CLE,2024-01-30,10000
BATL23079814-285,REX-4035,CHI,2023-07-16,10000
BCLE23014453-286,REX-4035,ATL,2023-01-16,10000
BCLE25054368-287,REX-4035,CHI,2025-05-18,10000
BCLE25063519-288,REX-4035,CLE,2025-06-10,10000
BDAL25071620-289,REX-4035,CLE,2025-07-29,10000
BCLE23053916-290,REX-4035,DAL,2023-05-31,10000
BCHI23054729-291,REX-4035,DAL,2023-05-25,10000
BPHX25048391-292,REX-4035,PHX,2025-04-14,10000
BDAL25061276-293,REX-4035,PHX,2025-06-05,10000
BCHI23081096-294,REX-4035,CHI,2023-08-31,10000
BCHI23051745-295,REX-4035,CLE,2023-05-10,10000
BCHI25012738-296,REX-4035,DAL,2025-01-02,10000
BCHI24092417-297,REX-4035,DAL,2024-09-09,10000
BPHX25067473-298,REX-4035,CLE,2025-06-15,10000
BATL25089740-299,REX-4035,ATL,2025-08-28,10000
BPHX23109941-300,REX-4035,DAL,2023-10-07,10000
BDAL23107113-301,REX-4035,CLE,2023-10-23,10000
BCLE23101684-302,REX-4035,CLE,2023-10-17,10000
BCHI25039970-303,REX-4035,CLE,2025-03-18,10000
BATL24096633-304,REX-4035,ATL,2024-09-16,10000
BCHI25043333-305,REX-4035,ATL,2025-04-25,10000
BATL24015140-306,REX-4035,ATL,2024-01-12,10000
BATL23081891-307,REX-4035,CHI,2023-08-23,10000
BCHI25082198-308,REX-4035,DAL,2025-08-02,10000
BDAL23052608-309,REX-4035,ATL,2023-05-18,10000
BDAL25096851-310,REX-4035,ATL,2025-09-24,10000
BCLE24045671-311,REX-4035,CHI,2024-04-25,10000
BATL23056206-312,REX-4035,PHX,2023-05-23,10000
BDAL25076008-313,REX-4035,CHI,2025-07-11,10000
BCHI23116971-314,REX-4035,DAL,2023-11-09,10000
BATL25051079-315,REX-4035,DAL,2025-05-27,10000
BATL24058145-316,REX-4035,DAL,2024-05-19,10000
BATL25016432-317,REX-4035,PHX,2025-01-06,10000
BPHX25086877-318,REX-4035,DAL,2025-08-05,10000
BCHI25092783-319,REX-4035,ATL,2025-09-24,10000
BDAL23063293-320,REX-4035,CHI,2023-06-17,10000
BDAL24022252-321,REX-4035,CLE,2024-02-07,10000
BCHI23021511-322,REX-4035,CHI,2023-02-08,10000
BCHI25044485-323,REX-4035,CLE,2025-04-09,10000
BCHI24069842-324,REX-4035,PHX,2024-06-17,10000
BDAL23117430-325,REX-4035,ATL,2023-11-01,10000
BATL24088613-326,REX-4035,CHI,2024-08-18,10000
BCLE25117500-327,REX-4035,DAL,2025-11-11,10000
BCLE25104913-328,REX-4035,CHI,2025-10-25,10000
BCHI23123299-329,REX-4035,PHX,2023-12-06,10000
BATL23113395-330,REX-4035,PHX,2023-11-23,10000
BCLE25014585-331,REX-4035,PHX,2025-01-04,10000
BCLE24045331-332,REX-4035,DAL,2024-04-19,10000
BCLE24044387-333,REX-4035,CHI,2024-04-24,10000
BPHX25018695-334,REX-4035,PHX,2025-01-09,10000
BCLE23046309-335,REX-4035,CLE,2023-04-06,10000
BDAL24079918-336,REX-4035,CHI,2024-07-14,10000
BPHX23127201-337,REX-4035,DAL,2023-12-23,10000
BCHI23065121-338,REX-4035,PHX,2023-06-09,10000
BCHI24047649-339,REX-4035,DAL,2024-04-01,10000
BPHX24128898-340,REX-4035,CHI,2024-12-07,10000
BCHI23013276-341,REX-4035,PHX,2023-01-14,10000
BATL23122263-342,REX-4035,CHI,2023-12-06,10000
BATL24073461-343,REX-4035,ATL,2024-07-29,10000
BDAL23112938-344,REX-4035,ATL,2023-11-19,10000
BDAL25042856-345,REX-4035,PHX,2025-04-29,10000
BPHX25094452-346,REX-4035,CHI,2025-09-07,10000
BPHX23111367-347,REX-4035,ATL,2023-11-27,10000
BATL23033639-348,REX-4035,ATL,2023-03-30,10000
BCLE25113406-349,REX-4035,CLE,2025-11-15,10000
BDAL23123949-350,REX-4035,CHI,2023-12-07,10000
BCHI25041305-351,REX-4035,DAL,2025-04-10,10000
BATL23068359-352,REX-4035,CHI,2023-06-25,10000
BPHX25083794-353,REX-4035,ATL,2025-08-23,10000
BCHI25043338-354,REX-4035,CHI,2025-04-21,10000
BCHI24019369-355,REX-4035,DAL,2024-01-08,10000
BDAL23128429-356,REX-4035,CHI,2023-12-10,10000
BATL23057196-357,REX-4035,PHX,2023-05-21,10000
BCLE23091271-358,REX-4035,ATL,2023-09-28,10000
BPHX25103450-359,REX-4035,CHI,2025-10-29,10000
BATL23078796-360,REX-4035,CHI,2023-07-17,10000
BCHI23039246-361,REX-4035,CLE,2023-03-21,10000
BPHX23073135-362,REX-4035,CHI,2023-07-10,10000
BPHX23019553-363,REX-4035,PHX,2023-01-03,10000
BCLE25019680-364,REX-4035,PHX,2025-01-28,10000
BPHX24047246-365,REX-4035,DAL,2024-04-14,10000
BPHX23073193-366,REX-4035,DAL,2023-07-20,10000
BATL25092373-367,REX-4035,DAL,2025-09-04,10000
BDAL25044096-368,REX-4035,CLE,2025-04-16,10000
BCHI23019561-369,REX-4035,CLE,2023-01-15,10000
BCLE25117144-370,REX-4035,ATL,2025-11-30,10000
BPHX24106935-371,REX-4035,CLE,2024-10-08,10000
BPHX23115155-372,REX-4035,DAL,2023-11-13,10000
BCHI25056990-373,REX-4035,CHI,2025-05-17,10000
BPHX24074337-374,REX-4035,PHX,2024-07-18,10000
BATL25097065-375,REX-4035,CHI,2025-09-15,10000
BDAL25096024-376,REX-4035,CHI,2025-09-17,10000
BPHX24123262-377,REX-4035,CLE,2024-12-06,10000
BPHX24043650-378,REX-4035,CLE,2024-04-15,10000
BCHI24037562-379,REX-4035,DAL,2024-03-15,10000
BATL23047375-380,REX-4035,CLE,2023-04-17,10000
BATL23078727-381,REX-4035,CHI,2023-07-06,10000
BCLE25062049-000,REX-4042,DAL,2025-06-10,10000
BDAL24032311-001,REX-4042,CHI,2024-03-30,10000
BPHX23037564-002,REX-4042,CHI,2023-03-19,10000
BCHI24081941-003,REX-4042,ATL,2024-08-09,10000
BPHX25101175-004,REX-4042,ATL,2025-10-09,10000
BDAL25114190-005,REX-4042,CLE,2025-11-27,10000
BCHI25114795-006,REX-4042,CHI,2025-11-11,10000
BCLE23126893-007,REX-4042,ATL,2023-12-14,10000
BATL23012422-008,REX-4042,DAL,2023-01-01,10000
BDAL25037474-009,REX-4042,PHX,2025-03-29,10000
BCHI24021251-010,REX-4042,CLE,2024-02-15,10000
BCHI23075661-011,REX-4042,CHI,2023-07-04,10000
BDAL24125530-012,REX-4042,ATL,2024-12-13,10000
BPHX24027618-013,REX-4042,CHI,2024-02-03,10000
BDAL23013867-014,REX-4042,PHX,2023-01-10,10000
BCLE25112185-015,REX-4042,CHI,2025-11-02,10000
BDAL24082917-016,REX-4042,CHI,2024-08-25,10000
BCHI24065098-017,REX-4042,PHX,2024-06-11,10000
BCHI25028923-018,REX-4042,ATL,2025-02-11,10000
BPHX24118548-019,REX-4042,CHI,2024-11-26,10000
BPHX23022904-020,REX-4042,DAL,2023-02-26,10000
BPHX23054610-021,REX-4042,ATL,2023-05-19,10000
BPHX24106785-022,REX-4042,CHI,2024-10-08,10000
BDAL23015067-023,REX-4042,DAL,2023-01-20,10000
BPHX23076603-024,REX-4042,CLE,2023-07-10,10000
BPHX24016142-025,REX-4042,DAL,2024-01-01,10000
BCHI24035408-026,REX-4042,ATL,2024-03-23,10000
BPHX24014271-027,REX-4042,ATL,2024-01-25,10000
BDAL24054387-028,REX-4042,ATL,2024-05-10,10000
BATL24026833-029,REX-4042,ATL,2024-02-20,10000
BCLE23082285-030,REX-4042,PHX,2023-08-07,10000
BCHI23011692-031,REX-4042,PHX,2023-01-14,10000
BCHI25016167-032,REX-4042,PHX,2025-01-30,10000
BPHX24073996-033,REX-4042,CHI,2024-07-16,10000
BPHX24074638-034,REX-4042,CHI,2024-07-27,10000
BCLE23099613-035,REX-4042,PHX,2023-09-20,10000
BCHI25091533-036,REX-4042,CHI,2025-09-06,10000
BPHX24123863-037,REX-4042,PHX,2024-12-12,10000
BCHI23098537-038,REX-4042,DAL,2023-09-04,10000
BCLE23014452-039,REX-4042,PHX,2023-01-18,10000
BDAL23076924-040,REX-4042,CHI,2023-07-26,10000
BATL24069987-041,REX-4042,DAL,2024-06-15,10000
BDAL24048722-042,REX-4042,CHI,2024-04-30,10000
BDAL24124013-043,REX-4042,PHX,2024-12-03,10000
BATL25057866-044,REX-4042,DAL,2025-05-18,10000
BPHX25015581-045,REX-4042,PHX,2025-01-17,10000
BCHI24013148-046,REX-4042,CHI,2024-01-04,10000
BCLE24045422-047,REX-4042,ATL,2024-04-13,10000
BPHX25064212-048,REX-4042,ATL,2025-06-04,10000
BPHX23111159-049,REX-4042,ATL,2023-11-03,10000
BPHX25053203-050,REX-4042,CHI,2025-05-13,10000
BPHX24105915-051,REX-4042,DAL,2024-10-08,10000
BPHX23042621-052,REX-4042,ATL,2023-04-08,10000
BATL23055166-053,REX-4042,PHX,2023-05-03,10000
BPHX23076483-054,REX-4042,DAL,2023-07-17,10000
BDAL25015222-055,REX-4042,DAL,2025-01-09,10000
BPHX23022986-056,REX-4042,DAL,2023-02-10,10000
BCHI24029821-057,REX-4042,ATL,2024-02-12,10000
BDAL24086326-058,REX-4042,CHI,2024-08-05,10000
BPHX25092284-059,REX-4042,PHX,2025-09-25,10000
BPHX24083373-060,REX-4042,ATL,2024-08-09,10000
BPHX24117631-061,REX-4042,CLE,2024-11-21,10000
BATL23066629-062,REX-4042,ATL,2023-06-12,10000
BDAL24105773-063,REX-4042,DAL,2024-10-04,10000
BDAL25038289-064,REX-4042,DAL,2025-03-20,10000
BPHX25073741-065,REX-4042,ATL,2025-07-11,10000
BATL23024844-066,REX-4042,DAL,2023-02-17,10000
BATL23063734-067,REX-4042,PHX,2023-06-13,10000
BCLE23072045-068,REX-4042,PHX,2023-07-30,10000
BCLE23047504-069,REX-4042,CHI,2023-04-21,10000
BCLE23065300-070,REX-4042,CHI,2023-06-20,10000
BCLE23117387-071,REX-4042,DAL,2023-11-15,10000
BATL24045655-072,REX-4042,PHX,2024-04-14,10000
BATL23099630-073,REX-4042,ATL,2023-09-16,10000
BCLE23026846-074,REX-4042,DAL,2023-02-28,10000
BPHX25099856-075,REX-4042,DAL,2025-09-02,10000
BATL25069835-076,REX-4042,ATL,2025-06-30,10000
BCHI25078126-077,REX-4042,CHI,2025-07-24,10000
BDAL24098891-078,REX-4042,CHI,2024-09-26,10000
BCLE24048239-079,REX-4042,DAL,2024-04-10,10000
BPHX25015256-080,REX-4042,ATL,2025-01-19,10000
BCLE24091001-081,REX-4042,CHI,2024-09-13,10000
BDAL23105698-082,REX-4042,PHX,2023-10-07,10000
BPHX23018816-083,REX-4042,DAL,2023-01-18,10000
BPHX23015799-084,REX-4042,CHI,2023-01-19,10000
BCLE24049981-085,REX-4042,DAL,2024-04-18,10000
BPHX24018161-086,REX-4042,PHX,2024-01-22,10000
BATL24057385-087,REX-4042,PHX,2024-05-26,10000
BDAL24032297-088,REX-4042,PHX,2024-03-27,10000
BCHI24055454-089,REX-4042,DAL,2024-05-05,10000
BPHX24074080-090,REX-4042,CLE,2024-07-04,10000
BATL24015744-091,REX-4042,CLE,2024-01-09,10000
BCHI25078418-092,REX-4042,DAL,2025-07-21,10000
BATL25106253-093,REX-4042,CLE,2025-10-04,10000
BCLE23119764-094,REX-4042,CLE,2023-11-08,10000
BCLE24015622-095,REX-4042,DAL,2024-01-16,10000
BPHX23091134-096,REX-4042,ATL,2023-09-14,10000
BATL23071241-097,REX-4042,PHX,2023-07-04,10000
BDAL24037885-098,REX-4042,DAL,2024-03-20,10000
BDAL25108597-099,REX-4042,CLE,2025-10-17,10000
BCLE24113393-100,REX-4042,CLE,2024-11-07,10000
BPHX24062169-101,REX-4042,CHI,2024-06-29,10000
BATL25084148-102,REX-4042,DAL,2025-08-20,10000
BCLE25022998-103,REX-4042,ATL,2025-02-20,10000
BPHX25025049-104,REX-4042,CLE,2025-02-27,10000
BPHX24022539-105,REX-4042,CHI,2024-02-12,10000
BPHX24037375-106,REX-4042,DAL,2024-03-02,10000
BATL24101691-107,REX-4042,CHI,2024-10-23,10000
BDAL23098884-108,REX-4042,DAL,2023-09-08,10000
BDAL24021853-109,REX-4042,ATL,2024-02-11,10000
BATL23088113-110,REX-4042,DAL,2023-08-20,10000
BATL23015523-111,REX-4042,CHI,2023-01-31,10000
BPHX23094982-112,REX-4042,CLE,2023-09-03,10000
BCHI23038786-113,REX-4042,CHI,2023-03-28,10000
BDAL23112466-114,REX-4042,ATL,2023-11-14,10000
BPHX23112497-115,REX-4042,CHI,2023-11-19,10000
BCLE24111979-116,REX-4042,DAL,2024-11-24,10000
BCHI23112759-117,REX-4042,ATL,2023-11-12,10000
BATL25096189-118,REX-4042,CHI,2025-09-26,10000
BPHX24124161-119,REX-4042,CLE,2024-12-12,10000
BDAL25023207-120,REX-4042,DAL,2025-02-12,10000
BPHX23038168-121,REX-4042,CHI,2023-03-22,10000
BCHI24089029-122,REX-4042,ATL,2024-08-26,10000
BCHI24016696-123,REX-4042,DAL,2024-01-18,10000
BDAL25083627-124,REX-4042,CLE,2025-08-17,10000
BPHX23115844-125,REX-4042,DAL,2023-11-14,10000
BPHX25011011-126,REX-4042,CHI,2025-01-21,10000
BATL25021306-127,REX-4042,CHI,2025-02-15,10000
BCHI25014912-128,REX-4042,DAL,2025-01-15,10000
BCHI23057348-129,REX-4042,ATL,2023-05-10,10000
BCHI25103525-130,REX-4042,CHI,2025-10-15,10000
BDAL24087714-131,REX-4042,DAL,2024-08-02,10000
BCLE23089572-132,REX-4042,CLE,2023-08-15,10000
BATL23033926-133,REX-4042,CLE,2023-03-31,10000
BCLE24028952-134,REX-4042,ATL,2024-02-18,10000
BCLE23077366-135,REX-4042,PHX,2023-07-22,10000
BCLE24067002-136,REX-4042,ATL,2024-06-08,10000
BCLE23054419-137,REX-4042,PHX,2023-05-26,10000
BPHX23061994-138,REX-4042,DAL,2023-06-13,10000
BDAL25051955-139,REX-4042,CHI,2025-05-01,10000
BCHI24061666-140,REX-4042,CLE,2024-06-28,10000
BCLE24094537-141,REX-4042,CHI,2024-09-14,10000
BCLE23074784-142,REX-4042,CHI,2023-07-18,10000
BATL25024164-143,REX-4042,CHI,2025-02-28,10000
BCHI24053931-144,REX-4042,CHI,2024-05-24,10000
BCLE25046864-145,REX-4042,PHX,2025-04-30,10000
BCLE25053733-146,REX-4042,ATL,2025-05-24,10000
BCHI25046529-147,REX-4042,ATL,2025-04-02,10000
BDAL25066163-148,REX-4042,CHI,2025-06-26,10000
BDAL24107755-149,REX-4042,PHX,2024-10-26,10000
BCHI24104943-150,REX-4042,CHI,2024-10-24,10000
BPHX24035162-151,REX-4042,DAL,2024-03-14,10000
BPHX25077505-152,REX-4042,CLE,2025-07-15,10000
BDAL23031267-153,REX-4042,CHI,2023-03-12,10000
BDAL23101107-154,REX-4042,DAL,2023-10-04,10000
BATL24036159-155,REX-4042,CLE,2024-03-30,10000
BCHI24079376-156,REX-4042,CHI,2024-07-19,10000
BCLE23111618-157,REX-4042,PHX,2023-11-13,10000
BATL24123267-158,REX-4042,DAL,2024-12-29,10000
BCHI25015093-159,REX-4042,ATL,2025-01-21,10000
BDAL24062505-160,REX-4042,CHI,2024-06-08,10000
BCHI25034562-161,REX-4042,CLE,2025-03-29,10000
BPHX24103832-162,REX-4042,PHX,2024-10-26,10000
BCHI23075921-163,REX-4042,CLE,2023-07-15,10000
BCLE25021916-164,REX-4042,DAL,2025-02-20,10000
BPHX24127824-165,REX-4042,CLE,2024-12-13,10000
BCHI24041187-166,REX-4042,PHX,2024-04-09,10000
BDAL23049591-167,REX-4042,CLE,2023-04-21,10000
BCHI24103450-168,REX-4042,DAL,2024-10-15,10000
BATL25103509-169,REX-4042,CLE,2025-10-25,10000
BPHX25039269-170,REX-4042,CLE,2025-03-15,10000
BPHX24035747-171,REX-4042,PHX,2024-03-30,10000
BATL23106507-172,REX-4042,CLE,2023-10-31,10000
BCHI25091807-173,REX-4042,CHI,2025-09-01,10000
BDAL25032393-174,REX-4042,PHX,2025-03-28,10000
BPHX25103136-175,REX-4042,ATL,2025-10-24,10000
BCHI25094245-176,REX-4042,PHX,2025-09-11,10000
BCHI25034212-177,REX-4042,CHI,2025-03-20,10000
BATL24052173-178,REX-4042,DAL,2024-05-19,10000
BDAL25052467-179,REX-4042,CLE,2025-05-30,10000
BPHX25046984-180,REX-4042,DAL,2025-04-27,10000
BDAL24016644-181,REX-4042,CHI,2024-01-26,10000
BDAL23023773-182,REX-4042,DAL,2023-02-19,10000
BCHI25063389-183,REX-4042,PHX,2025-06-24,10000
BATL23044271-184,REX-4042,DAL,2023-04-02,10000
BCLE23112841-185,REX-4042,CLE,2023-11-16,10000
BCHI24053419-186,REX-4042,DAL,2024-05-12,10000
BDAL23012823-187,REX-4042,DAL,2023-01-29,10000
BPHX25071372-188,REX-4042,DAL,2025-07-10,10000
BCHI24034471-189,REX-4042,ATL,2024-03-04,10000
BCHI24068913-190,REX-4042,CHI,2024-06-13,10000
BCLE23107170-191,REX-4042,CHI,2023-10-17,10000
BDAL23033790-192,REX-4042,CLE,2023-03-31,10000
BATL24085444-193,REX-4042,CLE,2024-08-04,10000
BCLE25082091-194,REX-4042,PHX,2025-08-10,10000
BDAL24072767-195,REX-4042,CLE,2024-07-09,10000
BPHX24084787-196,REX-4042,PHX,2024-08-22,10000
BCLE25116168-000,REX-4049,PHX,2025-11-07,10000
BATL23064258-001,REX-4049,CHI,2023-06-30,10000
BCHI25071352-002,REX-4049,CLE,2025-07-26,10000
BCHI24055995-003,REX-4049,DAL,2024-05-21,10000
BPHX25093572-004,REX-4049,CLE,2025-09-30,10000
BDAL24126822-005,REX-4049,DAL,2024-12-11,10000
BCHI24045519-006,REX-4049,CLE,2024-04-28,10000
BPHX24061482-007,REX-4049,CHI,2024-06-11,10000
BATL24073485-008,REX-4049,DAL,2024-07-27,10000
BATL25032438-009,REX-4049,PHX,2025-03-15,10000
BPHX24044938-010,REX-4049,CHI,2024-04-10,10000
BPHX23116118-011,REX-4049,CHI,2023-11-09,10000
BPHX24119883-012,REX-4049,ATL,2024-11-05,10000
BATL24029869-013,REX-4049,ATL,2024-02-28,10000
BDAL23109582-014,REX-4049,ATL,2023-10-10,10000
BATL25053589-015,REX-4049,DAL,2025-05-30,10000
BCHI23059732-016,REX-4049,CLE,2023-05-19,10000
BDAL24013384-017,REX-4049,CLE,2024-01-13,10000
BPHX24107737-018,REX-4049,DAL,2024-10-14,10000
BDAL25063489-019,REX-4049,ATL,2025-06-26,10000
BATL23084026-020,REX-4049,CLE,2023-08-07,10000
BCHI24064783-021,REX-4049,CHI,2024-06-30,10000
BATL24041427-022,REX-4049,DAL,2024-04-20,10000
BPHX23063196-023,REX-4049,CHI,2023-06-12,10000
BDAL25084014-024,REX-4049,PHX,2025-08-18,10000
BPHX25103253-025,REX-4049,ATL,2025-10-03,10000
BATL24011528-026,REX-4049,PHX,2024-01-31,10000
BDAL23017767-027,REX-4049,ATL,2023-01-31,10000
BATL24022083-028,REX-4049,ATL,2024-02-20,10000
BCHI25069027-029,REX-4049,DAL,2025-06-18,10000
BATL25078005-030,REX-4049,PHX,2025-07-26,10000
BCHI23037232-031,REX-4049,DAL,2023-03-27,10000
BCHI25039784-032,REX-4049,CHI,2025-03-18,10000
BCHI23032791-033,REX-4049,PHX,2023-03-20,10000
BCLE25075025-034,REX-4049,CHI,2025-07-24,10000
BCLE25037347-035,REX-4049,CHI,2025-03-21,10000
BATL23045770-036,REX-4049,PHX,2023-04-11,10000
BDAL25035684-037,REX-4049,PHX,2025-03-26,10000
BPHX23125823-038,REX-4049,CHI,2023-12-07,10000
BCHI23043330-039,REX-4049,PHX,2023-04-22,10000
BCLE25079202-040,REX-4049,CLE,2025-07-14,10000
BCHI24019952-041,REX-4049,ATL,2024-01-04,10000
BPHX25036299-042,REX-4049,PHX,2025-03-16,10000
BATL23028433-043,REX-4049,CHI,2023-02-21,10000
BPHX24022477-044,REX-4049,DAL,2024-02-18,10000
BATL24103024-045,REX-4049,CLE,2024-10-25,10000
BPHX23086946-046,REX-4049,CLE,2023-08-22,10000
BCHI25023619-047,REX-4049,PHX,2025-02-25,10000
BCLE25023799-048,REX-4049,DAL,2025-02-18,10000
BATL23113369-049,REX-4049,ATL,2023-11-04,10000
BPHX23046047-050,REX-4049,DAL,2023-04-16,10000
BDAL25073960-051,REX-4049,CLE,2025-07-02,10000
BATL23091057-052,REX-4049,CHI,2023-09-27,10000
BCLE24068514-053,REX-4049,PHX,2024-06-02,10000
BCHI25101094-054,REX-4049,CHI,2025-10-18,10000
BATL25104553-055,REX-4049,CHI,2025-10-07,10000
BPHX25097719-056,REX-4049,PHX,2025-09-01,10000
BCHI23061107-057,REX-4049,ATL,2023-06-12,10000
BCHI24074401-058,REX-4049,CLE,2024-07-23,10000
BATL24011902-059,REX-4049,DAL,2024-01-14,10000
BATL23031531-060,REX-4049,CHI,2023-03-17,10000
BDAL24092436-061,REX-4049,CLE,2024-09-03,10000
BPHX23083920-062,REX-4049,ATL,2023-08-12,10000
BCHI24083906-063,REX-4049,PHX,2024-08-05,10000
BCLE25012525-064,REX-4049,DAL,2025-01-07,10000
BDAL24107208-065,REX-4049,CLE,2024-10-23,10000
BCHI25052063-066,REX-4049,DAL,2025-05-25,10000
BATL25082999-067,REX-4049,DAL,2025-08-22,10000
BCHI24117779-068,REX-4049,CHI,2024-11-05,10000
BATL24031953-069,REX-4049,CLE,2024-03-05,10000
BPHX23065705-070,REX-4049,PHX,2023-06-29,10000
BDAL24109608-071,REX-4049,CHI,2024-10-10,10000
BATL24129132-072,REX-4049,CHI,2024-12-25,10000
BPHX25103947-073,REX-4049,CHI,2025-10-16,10000
BDAL24044171-000,REX-4056,CLE,2024-04-21,10000
BCLE23088616-001,REX-4056,CLE,2023-08-31,10000
BCHI24027793-002,REX-4056,PHX,2024-02-29,10000
BDAL23046728-003,REX-4056,CHI,2023-04-04,10000
BCLE24034296-004,REX-4056,DAL,2024-03-10,10000
BCLE24066042-005,REX-4056,DAL,2024-06-05,10000
BCHI25116307-006,REX-4056,CLE,2025-11-03,10000
BDAL23086592-007,REX-4056,PHX,2023-08-22,10000
BATL23034178-008,REX-4056,DAL,2023-03-01,10000
BPHX24118774-009,REX-4056,CLE,2024-11-23,10000
BPHX23103545-010,REX-4056,PHX,2023-10-06,10000
BPHX24117782-011,REX-4056,CLE,2024-11-17,10000
BCHI24096169-012,REX-4056,CHI,2024-09-05,10000
BATL23026434-013,REX-4056,DAL,2023-02-08,10000
BATL23055595-014,REX-4056,CLE,2023-05-16,10000
BPHX24119753-015,REX-4056,ATL,2024-11-25,10000
BATL25032914-016,REX-4056,DAL,2025-03-08,10000
BCLE24105448-017,REX-4056,PHX,2024-10-06,10000
BPHX23064893-018,REX-4056,DAL,2023-06-27,10000
BDAL25074541-019,REX-4056,CHI,2025-07-14,10000
BATL24092838-020,REX-4056,DAL,2024-09-11,10000
BATL23032517-021,REX-4056,PHX,2023-03-18,10000
BCLE25118907-022,REX-4056,CHI,2025-11-02,10000
BATL23116572-023,REX-4056,PHX,2023-11-12,10000
BDAL24093347-024,REX-4056,CLE,2024-09-27,10000
BATL25114361-025,REX-4056,CLE,2025-11-23,10000
BPHX25079558-026,REX-4056,CLE,2025-07-29,10000
BDAL23011721-027,REX-4056,CHI,2023-01-09,10000
BDAL23068649-028,REX-4056,CLE,2023-06-28,10000
BCHI23076119-029,REX-4056,CLE,2023-07-31,10000
BATL24106257-030,REX-4056,ATL,2024-10-01,10000
BDAL24015532-031,REX-4056,CHI,2024-01-30,10000
BPHX24102927-032,REX-4056,DAL,2024-10-15,10000
BATL23115483-033,REX-4056,CLE,2023-11-02,10000
BCHI23029422-034,REX-4056,CLE,2023-02-01,10000
BCHI24026739-035,REX-4056,CHI,2024-02-28,10000
BDAL24103319-036,REX-4056,DAL,2024-10-14,10000
BATL24052167-037,REX-4056,DAL,2024-05-16,10000
BCHI24118268-038,REX-4056,CLE,2024-11-24,10000
BCLE23098712-039,REX-4056,CLE,2023-09-24,10000
BPHX23081881-040,REX-4056,CLE,2023-08-05,10000
BPHX25053932-041,REX-4056,CHI,2025-05-23,10000
BCHI25076826-042,REX-4056,DAL,2025-07-02,10000
BATL24119740-043,REX-4056,CLE,2024-11-11,10000
BCHI25083159-044,REX-4056,CLE,2025-08-11,10000
BCLE25088464-045,REX-4056,DAL,2025-08-17,10000
BPHX25084796-046,REX-4056,ATL,2025-08-11,10000
BCHI23105227-047,REX-4056,DAL,2023-10-22,10000
BATL25036412-048,REX-4056,DAL,2025-03-13,10000
BPHX25071495-049,REX-4056,CLE,2025-07-17,10000
BCLE25086758-050,REX-4056,PHX,2025-08-31,10000
BATL25085624-051,REX-4056,DAL,2025-08-02,10000
BCHI23092686-052,REX-4056,PHX,2023-09-18,10000
BDAL23082162-053,REX-4056,DAL,2023-08-08,10000
BPHX25087773-054,REX-4056,ATL,2025-08-02,10000
BCHI24053605-055,REX-4056,PHX,2024-05-14,10000
BCLE25026582-056,REX-4056,ATL,2025-02-25,10000
BPHX25066606-057,REX-4056,CHI,2025-06-01,10000
BATL24042276-058,REX-4056,CHI,2024-04-28,10000
BCLE25098584-059,REX-4056,DAL,2025-09-23,10000
BPHX23073886-060,REX-4056,DAL,2023-07-19,10000
BCLE25042781-061,REX-4056,CHI,2025-04-11,10000
BDAL25029098-062,REX-4056,CLE,2025-02-15,10000
BATL23073276-063,REX-4056,CHI,2023-07-05,10000
BATL23013444-064,REX-4056,PHX,2023-01-01,10000
BPHX24088326-065,REX-4056,ATL,2024-08-19,10000
BDAL24025910-066,REX-4056,CHI,2024-02-26,10000
BPHX24096640-067,REX-4056,CLE,2024-09-15,10000
BCHI23019362-068,REX-4056,PHX,2023-01-17,10000
BDAL23092022-069,REX-4056,DAL,2023-09-19,10000
BCLE23046885-070,REX-4056,CLE,2023-04-19,10000
BCLE24074854-071,REX-4056,PHX,2024-07-31,10000
BDAL25037271-072,REX-4056,PHX,2025-03-18,10000
BPHX25029931-073,REX-4056,ATL,2025-02-20,10000
BPHX23123278-074,REX-4056,ATL,2023-12-22,10000
BDAL25027835-075,REX-4056,ATL,2025-02-26,10000
BATL24083200-076,REX-4056,CLE,2024-08-13,10000
BCLE23053359-077,REX-4056,PHX,2023-05-27,10000
BATL25062387-078,REX-4056,ATL,2025-06-13,10000
BPHX25057974-079,REX-4056,CHI,2025-05-01,10000
BPHX24019346-080,REX-4056,PHX,2024-01-04,10000
BPHX25076821-081,REX-4056,ATL,2025-07-10,10000
BPHX24011121-082,REX-4056,CHI,2024-01-16,10000
BATL25109220-083,REX-4056,DAL,2025-10-17,10000
BCHI25047012-084,REX-4056,CLE,2025-04-21,10000
BCHI23038917-085,REX-4056,DAL,2023-03-19,10000
BCHI23088889-086,REX-4056,CLE,2023-08-20,10000
BCHI23105578-087,REX-4056,PHX,2023-10-18,10000
BCLE25119574-088,REX-4056,CHI,2025-11-24,10000
BATL23078740-089,REX-4056,CLE,2023-07-01,10000
BCHI24101864-090,REX-4056,DAL,2024-10-01,10000
BPHX23018438-091,REX-4056,CHI,2023-01-23,10000
BCHI25086431-092,REX-4056,PHX,2025-08-18,10000
BDAL24125738-093,REX-4056,ATL,2024-12-23,10000
BCHI23035981-094,REX-4056,CHI,2023-03-14,10000
BCLE24068752-095,REX-4056,CHI,2024-06-17,10000
BCHI23121845-096,REX-4056,DAL,2023-12-13,10000
BDAL23028942-097,REX-4056,CLE,2023-02-25,10000
BCHI23092259-098,REX-4056,DAL,2023-09-17,10000
BATL24055603-099,REX-4056,DAL,2024-05-31,10000
BCLE24062827-100,REX-4056,CHI,2024-06-10,10000
BCHI23123476-101,REX-4056,PHX,2023-12-24,10000
BATL25015280-102,REX-4056,ATL,2025-01-27,10000
BATL25099640-103,REX-4056,CLE,2025-09-20,10000
BCLE24123376-104,REX-4056,CHI,2024-12-03,10000
BPHX23117765-105,REX-4056,PHX,2023-11-12,10000
BPHX24053740-106,REX-4056,ATL,2024-05-02,10000
BCLE24125331-107,REX-4056,CLE,2024-12-07,10000
BATL23048602-108,REX-4056,PHX,2023-04-18,10000
BDAL25098803-109,REX-4056,CHI,2025-09-02,10000
BPHX24047390-110,REX-4056,PHX,2024-04-23,10000
BATL24069690-111,REX-4056,PHX,2024-06-21,10000
BDAL23018353-112,REX-4056,PHX,2023-01-25,10000
BCHI24101672-113,REX-4056,CLE,2024-10-08,10000
BPHX24125466-114,REX-4056,DAL,2024-12-25,10000
BDAL24072610-115,REX-4056,DAL,2024-07-07,10000
BPHX25034961-116,REX-4056,CHI,2025-03-12,10000
BCHI24026528-117,REX-4056,ATL,2024-02-04,10000
BCHI24101173-118,REX-4056,CLE,2024-10-03,10000
BCLE23057737-119,REX-4056,CLE,2023-05-20,10000
BPHX23086759-120,REX-4056,ATL,2023-08-01,10000
BDAL24084163-121,REX-4056,CLE,2024-08-03,10000
BCHI23022506-122,REX-4056,CLE,2023-02-18,10000
BCHI24032995-123,REX-4056,CLE,2024-03-20,10000
BCHI23063128-124,REX-4056,PHX,2023-06-26,10000
BCLE24014018-125,REX-4056,DAL,2024-01-14,10000
BPHX24082240-126,REX-4056,PHX,2024-08-26,10000
BPHX24076298-127,REX-4056,DAL,2024-07-20,10000
BCLE23115543-128,REX-4056,CLE,2023-11-28,10000
BPHX25026450-129,REX-4056,CLE,2025-02-22,10000
BDAL24063915-130,REX-4056,PHX,2024-06-12,10000
BPHX23054287-131,REX-4056,CHI,2023-05-23,10000
BATL25039061-132,REX-4056,CLE,2025-03-15,10000
BCHI23108065-133,REX-4056,ATL,2023-10-22,10000
BPHX23085243-134,REX-4056,CLE,2023-08-06,10000
BCLE23032153-135,REX-4056,CHI,2023-03-13,10000
BPHX24051307-136,REX-4056,PHX,2024-05-28,10000
BCLE23111619-137,REX-4056,PHX,2023-11-01,10000
BATL24066403-138,REX-4056,PHX,2024-06-29,10000
BCHI23019039-139,REX-4056,PHX,2023-01-08,10000
BPHX25062148-140,REX-4056,CHI,2025-06-12,10000
BCLE24047298-141,REX-4056,PHX,2024-04-07,10000
BCHI23099770-142,REX-4056,DAL,2023-09-06,10000
BDAL24117563-143,REX-4056,CLE,2024-11-13,10000
BDAL23079759-144,REX-4056,DAL,2023-07-05,10000
BPHX23065750-145,REX-4056,ATL,2023-06-14,10000
BCHI23121644-146,REX-4056,PHX,2023-12-28,10000
BDAL24017391-147,REX-4056,CLE,2024-01-27,10000
BPHX25012390-148,REX-4056,PHX,2025-01-05,10000
BATL24011584-149,REX-4056,ATL,2024-01-24,10000
BCHI23024907-150,REX-4056,PHX,2023-02-21,10000
BCLE25039856-151,REX-4056,DAL,2025-03-07,10000
BCHI25108361-152,REX-4056,CLE,2025-10-20,10000
BDAL23031918-153,REX-4056,DAL,2023-03-17,10000
BPHX23032936-154,REX-4056,ATL,2023-03-29,10000
BCHI25073440-155,REX-4056,CHI,2025-07-27,10000
BCLE24041604-156,REX-4056,ATL,2024-04-22,10000
BCLE25098720-157,REX-4056,CHI,2025-09-28,10000
BATL23043138-158,REX-4056,CLE,2023-04-04,10000
BCLE23126035-159,REX-4056,CLE,2023-12-19,10000
BCHI25073796-160,REX-4056,CHI,2025-07-23,10000
BCLE23052870-161,REX-4056,PHX,2023-05-11,10000
BCLE24034320-162,REX-4056,PHX,2024-03-27,10000
BPHX24116312-163,REX-4056,CLE,2024-11-21,10000
BDAL23104493-164,REX-4056,CLE,2023-10-09,10000
BDAL23122035-165,REX-4056,CLE,2023-12-22,10000
BATL24077801-166,REX-4056,ATL,2024-07-14,10000
BCHI25013703-167,REX-4056,PHX,2025-01-27,10000
BCHI24051666-168,REX-4056,ATL,2024-05-13,10000
BCHI23077162-169,REX-4056,ATL,2023-07-24,10000
BPHX23022322-170,REX-4056,CLE,2023-02-02,10000
BATL23012460-171,REX-4056,CHI,2023-01-15,10000
BPHX24088798-172,REX-4056,ATL,2024-08-04,10000
BATL24025439-173,REX-4056,CHI,2024-02-27,10000
BPHX25074919-174,REX-4056,ATL,2025-07-11,10000
BCHI23033949-175,REX-4056,PHX,2023-03-19,10000
BDAL23066699-176,REX-4056,PHX,2023-06-30,10000
BCHI23014860-177,REX-4056,ATL,2023-01-10,10000
BCHI23082567-178,REX-4056,CHI,2023-08-29,10000
BCHI25019315-179,REX-4056,ATL,2025-01-11,10000
BATL25085528-180,REX-4056,CLE,2025-08-08,10000
BCLE24023444-181,REX-4056,PHX,2024-02-01,10000
BATL25103617-182,REX-4056,CLE,2025-10-15,10000
BDAL23045670-183,REX-4056,ATL,2023-04-21,10000
BDAL25066477-184,REX-4056,CHI,2025-06-09,10000
BCLE25072710-185,REX-4056,CLE,2025-07-17,10000
BATL23121476-186,REX-4056,PHX,2023-12-27,10000
BCLE25112160-187,REX-4056,ATL,2025-11-20,10000
BCHI25066340-188,REX-4056,PHX,2025-06-29,10000
BDAL24024769-189,REX-4056,CLE,2024-02-12,10000
BATL24102606-190,REX-4056,ATL,2024-10-29,10000
BATL25047152-191,REX-4056,ATL,2025-04-24,10000
BPHX23058936-192,REX-4056,CLE,2023-05-31,10000
BATL25064541-193,REX-4056,CHI,2025-06-11,10000
BATL25077346-194,REX-4056,DAL,2025-07-20,10000
BPHX23104181-195,REX-4056,DAL,2023-10-07,10000
BATL24076503-196,REX-4056,ATL,2024-07-06,10000
BCHI23031977-197,REX-4056,DAL,2023-03-07,10000
BCLE23108627-198,REX-4056,PHX,2023-10-07,10000
BATL25056629-199,REX-4056,ATL,2025-05-06,10000
BCHI24083568-200,REX-4056,CHI,2024-08-27,10000
BCHI23124763-201,REX-4056,CLE,2023-12-15,10000
BCHI25049015-202,REX-4056,ATL,2025-04-23,10000
BPHX25085573-203,REX-4056,CLE,2025-08-27,10000
BATL25055060-204,REX-4056,DAL,2025-05-26,10000
BCHI25064643-205,REX-4056,CHI,2025-06-08,10000
BCHI23111083-206,REX-4056,PHX,2023-11-02,10000
BCLE23048711-207,REX-4056,CHI,2023-04-01,10000
BPHX23039701-208,REX-4056,PHX,2023-03-10,10000
BCLE25098412-209,REX-4056,PHX,2025-09-08,10000
BCLE24051203-210,REX-4056,PHX,2024-05-07,10000
BATL24036872-211,REX-4056,DAL,2024-03-22,10000
BCLE24051260-212,REX-4056,PHX,2024-05-04,10000
BATL24098524-213,REX-4056,CHI,2024-09-16,10000
BPHX23028598-214,REX-4056,ATL,2023-02-19,10000
BATL25047068-215,REX-4056,PHX,2025-04-10,10000
BCLE23017305-216,REX-4056,DAL,2023-01-03,10000
BDAL23037977-217,REX-4056,DAL,2023-03-08,10000
BCLE24026500-218,REX-4056,CLE,2024-02-29,10000
BDAL25111844-219,REX-4056,CLE,2025-11-20,10000
BDAL25028624-220,REX-4056,CHI,2025-02-23,10000
BDAL23037003-221,REX-4056,ATL,2023-03-25,10000
BCHI23054354-222,REX-4056,ATL,2023-05-18,10000
BATL24119841-223,REX-4056,CLE,2024-11-16,10000
BCHI25094437-224,REX-4056,ATL,2025-09-06,10000
BDAL24105380-225,REX-4056,CHI,2024-10-18,10000
BDAL25051892-226,REX-4056,CLE,2025-05-16,10000
BDAL25028412-227,REX-4056,PHX,2025-02-02,10000
BCHI25103010-228,REX-4056,PHX,2025-10-23,10000
BPHX24087031-229,REX-4056,CLE,2024-08-21,10000
BPHX24012430-230,REX-4056,CLE,2024-01-21,10000
BATL25035724-231,REX-4056,CLE,2025-03-11,10000
BATL23085521-232,REX-4056,CLE,2023-08-12,10000
BPHX23103465-233,REX-4056,ATL,2023-10-31,10000
BDAL23027824-234,REX-4056,CHI,2023-02-16,10000
BPHX23096680-235,REX-4056,PHX,2023-09-28,10000
BCLE25065776-236,REX-4056,ATL,2025-06-28,10000
BCLE23054806-237,REX-4056,CHI,2023-05-09,10000
BPHX24116616-238,REX-4056,DAL,2024-11-18,10000
BCHI25099686-239,REX-4056,CHI,2025-09-22,10000
BPHX25065982-240,REX-4056,CHI,2025-06-30,10000
BDAL23093813-241,REX-4056,DAL,2023-09-28,10000
BPHX24047093-242,REX-4056,DAL,2024-04-09,10000
BATL23046785-243,REX-4056,DAL,2023-04-07,10000
BATL25073634-244,REX-4056,CHI,2025-07-22,10000
BATL24083873-245,REX-4056,ATL,2024-08-07,10000
BATL23112915-246,REX-4056,CLE,2023-11-27,10000
BCHI24103072-247,REX-4056,PHX,2024-10-10,10000
BDAL24064022-248,REX-4056,ATL,2024-06-17,10000
BDAL23036633-249,REX-4056,ATL,2023-03-13,10000
BPHX25029845-250,REX-4056,ATL,2025-02-02,10000
BCLE24091408-251,REX-4056,PHX,2024-09-09,10000
BATL25108504-252,REX-4056,DAL,2025-10-19,10000
BCLE23119948-253,REX-4056,CHI,2023-11-16,10000
BDAL24118764-254,REX-4056,DAL,2024-11-09,10000
BCHI23108243-255,REX-4056,DAL,2023-10-29,10000
BPHX23081656-256,REX-4056,ATL,2023-08-19,10000
BDAL23081406-257,REX-4056,PHX,2023-08-28,10000
BPHX24036855-258,REX-4056,CLE,2024-03-27,10000
BCLE24104197-259,REX-4056,CHI,2024-10-30,10000
BDAL24034206-000,REX-4063,CLE,2024-03-30,10000
BCHI23068298-001,REX-4063,CLE,2023-06-21,10000
BPHX25114185-002,REX-4063,PHX,2025-11-14,10000
BCHI24109381-003,REX-4063,CLE,2024-10-12,10000
BPHX25013423-004,REX-4063,PHX,2025-01-09,10000
BPHX25017108-005,REX-4063,CLE,2025-01-27,10000
BDAL24086756-006,REX-4063,DAL,2024-08-05,10000
BCHI25072435-007,REX-4063,ATL,2025-07-01,10000
BPHX25068249-008,REX-4063,DAL,2025-06-28,10000
BPHX23127786-009,REX-4063,ATL,2023-12-02,10000
BATL23064404-010,REX-4063,DAL,2023-06-26,10000
BCHI25086495-011,REX-4063,CLE,2025-08-30,10000
BCLE25021108-012,REX-4063,PHX,2025-02-08,10000
BPHX24073865-013,REX-4063,CHI,2024-07-13,10000
BCHI25083243-014,REX-4063,ATL,2025-08-04,10000
BPHX24015742-015,REX-4063,CHI,2024-01-16,10000
BCLE25105947-016,REX-4063,CHI,2025-10-01,10000
BPHX24098593-017,REX-4063,ATL,2024-09-14,10000
BCLE23023523-018,REX-4063,DAL,2023-02-24,10000
BPHX24093034-019,REX-4063,DAL,2024-09-06,10000
BATL25059059-020,REX-4063,ATL,2025-05-04,10000
BCLE23025541-021,REX-4063,PHX,2023-02-28,10000
BCHI23056927-022,REX-4063,CHI,2023-05-17,10000
BCHI25098144-023,REX-4063,DAL,2025-09-11,10000
BCLE25097114-024,REX-4063,CHI,2025-09-01,10000
BDAL23023668-025,REX-4063,CHI,2023-02-05,10000
BATL23046237-026,REX-4063,PHX,2023-04-30,10000
BDAL23103675-027,REX-4063,CLE,2023-10-05,10000
BDAL24077873-028,REX-4063,DAL,2024-07-12,10000
BDAL23045778-029,REX-4063,CHI,2023-04-10,10000
BCHI23064175-030,REX-4063,ATL,2023-06-07,10000
BCHI23073738-031,REX-4063,CHI,2023-07-13,10000
BDAL24105932-032,REX-4063,DAL,2024-10-22,10000
BCLE25019755-033,REX-4063,CHI,2025-01-12,10000
BATL24121211-034,REX-4063,ATL,2024-12-21,10000
BDAL25117111-035,REX-4063,PHX,2025-11-27,10000
BDAL25043671-036,REX-4063,CLE,2025-04-23,10000
BATL24039247-037,REX-4063,ATL,2024-03-22,10000
BCHI24019612-038,REX-4063,CHI,2024-01-21,10000
BPHX23088544-039,REX-4063,CLE,2023-08-22,10000
BATL23081284-040,REX-4063,PHX,2023-08-27,10000
BDAL24126940-041,REX-4063,ATL,2024-12-14,10000
BCHI25069570-042,REX-4063,DAL,2025-06-24,10000
BDAL23121471-043,REX-4063,CLE,2023-12-19,10000
BATL24033332-044,REX-4063,ATL,2024-03-31,10000
BATL24094438-045,REX-4063,ATL,2024-09-21,10000
BPHX23062830-046,REX-4063,CLE,2023-06-10,10000
BPHX23028065-047,REX-4063,CLE,2023-02-08,10000
BCLE24021537-048,REX-4063,CHI,2024-02-07,10000
BPHX23052948-049,REX-4063,DAL,2023-05-02,10000
BCLE23035942-050,REX-4063,CLE,2023-03-30,10000
BCLE23074365-051,REX-4063,CHI,2023-07-17,10000
BATL24026759-052,REX-4063,CLE,2024-02-14,10000
BATL23075544-053,REX-4063,CHI,2023-07-05,10000
BDAL24123630-054,REX-4063,CHI,2024-12-13,10000
BCHI24052119-055,REX-4063,CLE,2024-05-10,10000
BCHI23014555-056,REX-4063,ATL,2023-01-29,10000
BATL24079800-057,REX-4063,CLE,2024-07-31,10000
BATL23079260-058,REX-4063,PHX,2023-07-22,10000
BCHI25014033-059,REX-4063,PHX,2025-01-20,10000
BATL23086813-060,REX-4063,PHX,2023-08-08,10000
BATL25059425-061,REX-4063,ATL,2025-05-18,10000
BCLE25046149-062,REX-4063,CLE,2025-04-14,10000
BCLE25089515-063,REX-4063,ATL,2025-08-12,10000
BDAL25105723-064,REX-4063,CHI,2025-10-12,10000
BCLE23036375-000,REX-4070,PHX,2023-03-25,10000
BPHX23085646-001,REX-4070,PHX,2023-08-25,10000
BPHX24094700-002,REX-4070,CHI,2024-09-30,10000
BDAL25048011-003,REX-4070,ATL,2025-04-14,10000
BPHX23057020-004,REX-4070,ATL,2023-05-23,10000
BPHX23012723-005,REX-4070,PHX,2023-01-27,10000
BCHI25062392-006,REX-4070,CLE,2025-06-16,10000
BPHX23107563-007,REX-4070,CHI,2023-10-21,10000
BATL23072060-008,REX-4070,DAL,2023-07-28,10000
BDAL24024281-009,REX-4070,CHI,2024-02-12,10000
BCLE25044815-010,REX-4070,PHX,2025-04-07,10000
BDAL25105472-011,REX-4070,PHX,2025-10-19,10000
BPHX24127626-012,REX-4070,PHX,2024-12-30,10000
BDAL25113414-013,REX-4070,PHX,2025-11-13,10000
BCLE23085107-014,REX-4070,PHX,2023-08-10,10000
BATL25103205-015,REX-4070,CLE,2025-10-15,10000
BCLE23072117-016,REX-4070,PHX,2023-07-23,10000
BATL23027269-017,REX-4070,CHI,2023-02-24,10000
BATL24105960-018,REX-4070,CHI,2024-10-31,10000
BCLE23079518-019,REX-4070,PHX,2023-07-17,10000
BATL25085809-020,REX-4070,PHX,2025-08-12,10000
BCHI25105287-021,REX-4070,CHI,2025-10-01,10000
BCHI24129955-022,REX-4070,CLE,2024-12-04,10000
BPHX23032951-023,REX-4070,PHX,2023-03-06,10000
BDAL25077165-024,REX-4070,PHX,2025-07-10,10000
BCLE25071538-025,REX-4070,ATL,2025-07-30,10000
BATL24099052-026,REX-4070,PHX,2024-09-12,10000
BDAL23107374-027,REX-4070,PHX,2023-10-03,10000
BCHI23089037-028,REX-4070,CHI,2023-08-13,10000
BPHX25083560-029,REX-4070,CHI,2025-08-20,10000
BPHX23045315-030,REX-4070,PHX,2023-04-25,10000
BCHI25026779-031,REX-4070,DAL,2025-02-12,10000
BCLE24101461-032,REX-4070,CHI,2024-10-18,10000
BATL23047003-033,REX-4070,DAL,2023-04-03,10000
BDAL23027235-034,REX-4070,CLE,2023-02-25,10000
BDAL25056855-035,REX-4070,PHX,2025-05-26,10000
BCLE24125001-036,REX-4070,ATL,2024-12-20,10000
BDAL24042391-037,REX-4070,CLE,2024-04-25,10000
BCLE24096531-038,REX-4070,ATL,2024-09-16,10000
BCHI23026343-039,REX-4070,CLE,2023-02-10,10000
BPHX25089433-040,REX-4070,PHX,2025-08-01,10000
BCLE24068695-041,REX-4070,CHI,2024-06-30,10000
BDAL23027188-042,REX-4070,CHI,2023-02-15,10000
BDAL25032601-043,REX-4070,PHX,2025-03-10,10000
BATL23076504-044,REX-4070,PHX,2023-07-24,10000
BDAL25103730-045,REX-4070,CHI,2025-10-26,10000
BDAL24098143-046,REX-4070,ATL,2024-09-05,10000
BCLE25109779-047,REX-4070,ATL,2025-10-14,10000
BDAL24081778-048,REX-4070,DAL,2024-08-11,10000
BATL25042506-049,REX-4070,CHI,2025-04-03,10000
BCHI23076518-050,REX-4070,DAL,2023-07-14,10000
BCHI23059700-051,REX-4070,PHX,2023-05-18,10000
BATL25056690-052,REX-4070,CLE,2025-05-24,10000
BCHI24095913-053,REX-4070,PHX,2024-09-10,10000
BATL24107788-054,REX-4070,PHX,2024-10-03,10000
BCHI24059443-055,REX-4070,PHX,2024-05-29,10000
BCLE24019457-056,REX-4070,ATL,2024-01-05,10000
BATL25108656-057,REX-4070,DAL,2025-10-19,10000
BCHI25061981-058,REX-4070,CHI,2025-06-07,10000
BDAL24028577-059,REX-4070,ATL,2024-02-15,10000
BATL24055919-060,REX-4070,PHX,2024-05-07,10000
BDAL25042055-061,REX-4070,ATL,2025-04-20,10000
BDAL25045702-062,REX-4070,ATL,2025-04-24,10000
BCHI24064868-063,REX-4070,PHX,2024-06-09,10000
BCLE24053456-064,REX-4070,ATL,2024-05-03,10000
BATL23026087-065,REX-4070,PHX,2023-02-26,10000
BCHI25098145-066,REX-4070,PHX,2025-09-21,10000
BATL23033610-067,REX-4070,DAL,2023-03-17,10000
BCLE23105233-068,REX-4070,DAL,2023-10-07,10000
BCLE23128960-069,REX-4070,CLE,2023-12-27,10000
BCLE23046143-070,REX-4070,CHI,2023-04-24,10000
BCLE24097668-071,REX-4070,DAL,2024-09-02,10000
BPHX23073302-072,REX-4070,ATL,2023-07-04,10000
BCHI23089196-073,REX-4070,CLE,2023-08-18,10000
BPHX24052478-074,REX-4070,ATL,2024-05-30,10000
BDAL23096395-075,REX-4070,CHI,2023-09-08,10000
BATL25037928-076,REX-4070,ATL,2025-03-09,10000
BCLE23103869-077,REX-4070,ATL,2023-10-23,10000
BPHX24077690-078,REX-4070,DAL,2024-07-16,10000
BPHX23049740-079,REX-4070,DAL,2023-04-25,10000
BDAL23089941-080,REX-4070,PHX,2023-08-20,10000
BATL25085550-081,REX-4070,ATL,2025-08-30,10000
BPHX25017025-082,REX-4070,DAL,2025-01-13,10000
BCHI23021570-083,REX-4070,CLE,2023-02-13,10000
BDAL24057302-084,REX-4070,DAL,2024-05-05,10000
BCLE25019763-085,REX-4070,ATL,2025-01-13,10000
BPHX25061128-086,REX-4070,PHX,2025-06-25,10000
BDAL24062478-087,REX-4070,ATL,2024-06-07,10000
BATL24093625-088,REX-4070,PHX,2024-09-01,10000
BPHX24101555-089,REX-4070,DAL,2024-10-11,10000
BPHX23068718-090,REX-4070,PHX,2023-06-14,10000
BPHX24112644-091,REX-4070,ATL,2024-11-12,10000
BCHI24062087-092,REX-4070,DAL,2024-06-18,10000
BCHI25059973-093,REX-4070,DAL,2025-05-11,10000
BCLE25071853-094,REX-4070,ATL,2025-07-17,10000
BATL25061050-095,REX-4070,PHX,2025-06-27,10000
BDAL24026140-096,REX-4070,CHI,2024-02-14,10000
BCLE23063585-097,REX-4070,ATL,2023-06-18,10000
BATL25117722-098,REX-4070,DAL,2025-11-23,10000
BPHX25073187-099,REX-4070,DAL,2025-07-13,10000
BCHI23126367-100,REX-4070,DAL,2023-12-22,10000
BCLE24027791-101,REX-4070,DAL,2024-02-11,10000
BPHX24017182-102,REX-4070,CHI,2024-01-08,10000
BCLE24041376-103,REX-4070,CHI,2024-04-04,10000
BCLE24048576-104,REX-4070,ATL,2024-04-13,10000
BATL24061815-105,REX-4070,PHX,2024-06-20,10000
BCHI25055262-106,REX-4070,ATL,2025-05-28,10000
BDAL23073787-107,REX-4070,CHI,2023-07-02,10000
BCLE23089615-108,REX-4070,PHX,2023-08-29,10000
BPHX25072941-109,REX-4070,ATL,2025-07-18,10000
BATL24025361-110,REX-4070,DAL,2024-02-21,10000
BPHX25103133-111,REX-4070,PHX,2025-10-09,10000
BCHI24024531-112,REX-4070,DAL,2024-02-28,10000
BPHX24013955-113,REX-4070,PHX,2024-01-23,10000
BCLE23105754-114,REX-4070,DAL,2023-10-26,10000
BCHI24048388-115,REX-4070,ATL,2024-04-27,10000
BCHI25018506-116,REX-4070,CLE,2025-01-27,10000
BPHX23013182-117,REX-4070,DAL,2023-01-22,10000
BATL25037283-118,REX-4070,PHX,2025-03-25,10000
BCLE24062561-119,REX-4070,CHI,2024-06-08,10000
BCLE23056453-120,REX-4070,ATL,2023-05-01,10000
BDAL25081745-121,REX-4070,CLE,2025-08-22,10000
BCHI24067241-122,REX-4070,DAL,2024-06-03,10000
BDAL25033166-000,REX-4077,CHI,2025-03-19,10000
BCHI23033938-001,REX-4077,DAL,2023-03-26,10000
BCHI23129074-002,REX-4077,DAL,2023-12-14,10000
BATL25082468-003,REX-4077,DAL,2025-08-16,10000
BATL25065266-004,REX-4077,CLE,2025-06-05,10000
BCLE24103095-005,REX-4077,PHX,2024-10-03,10000
BDAL24078046-006,REX-4077,DAL,2024-07-29,10000
BCHI24065321-007,REX-4077,CHI,2024-06-23,10000
BPHX24103703-008,REX-4077,DAL,2024-10-03,10000
BATL25108208-009,REX-4077,CLE,2025-10-03,10000
BATL24011894-010,REX-4077,ATL,2024-01-22,10000
BCLE24018704-011,REX-4077,DAL,2024-01-11,10000
BPHX23128150-012,REX-4077,CLE,2023-12-01,10000
BCLE25108233-013,REX-4077,DAL,2025-10-10,10000
BPHX25099077-014,REX-4077,CLE,2025-09-20,10000
BCLE23106727-015,REX-4077,CLE,2023-10-31,10000
BDAL24023959-016,REX-4077,ATL,2024-02-22,10000
BDAL25114479-017,REX-4077,CHI,2025-11-07,10000
BCHI23013958-018,REX-4077,PHX,2023-01-09,10000
BATL23069161-019,REX-4077,CLE,2023-06-07,10000
BCLE24115657-020,REX-4077,CLE,2024-11-04,10000
BDAL25032737-021,REX-4077,DAL,2025-03-18,10000
BCLE23112328-022,REX-4077,PHX,2023-11-11,10000
BPHX25095412-023,REX-4077,CHI,2025-09-09,10000
BDAL23011718-024,REX-4077,CHI,2023-01-12,10000
BDAL25073118-025,REX-4077,ATL,2025-07-16,10000
BDAL23046294-026,REX-4077,CLE,2023-04-10,10000
BCHI23057248-027,REX-4077,CLE,2023-05-25,10000
BDAL25033916-028,REX-4077,ATL,2025-03-27,10000
BCLE25031336-029,REX-4077,ATL,2025-03-27,10000
BPHX23117592-030,REX-4077,DAL,2023-11-30,10000
BCLE23115891-031,REX-4077,PHX,2023-11-12,10000
BDAL25063151-032,REX-4077,DAL,2025-06-04,10000
BDAL23079399-033,REX-4077,ATL,2023-07-16,10000
BPHX25097358-034,REX-4077,PHX,2025-09-29,10000
BCHI24077931-035,REX-4077,CLE,2024-07-03,10000
BDAL25054053-036,REX-4077,PHX,2025-05-15,10000
BCLE25051662-037,REX-4077,CHI,2025-05-22,10000
BPHX24114673-038,REX-4077,ATL,2024-11-30,10000
BCHI25109596-039,REX-4077,CLE,2025-10-11,10000
BPHX24088165-040,REX-4077,CLE,2024-08-18,10000
BDAL25093434-041,REX-4077,ATL,2025-09-05,10000
BATL24099570-042,REX-4077,PHX,2024-09-07,10000
BCHI24081781-043,REX-4077,CHI,2024-08-28,10000
BCLE23069411-044,REX-4077,CLE,2023-06-06,10000
BPHX25117766-045,REX-4077,CLE,2025-11-11,10000
BCHI25085151-046,REX-4077,DAL,2025-08-09,10000
BCHI24062339-047,REX-4077,CHI,2024-06-05,10000
BCLE23028583-048,REX-4077,ATL,2023-02-03,10000
BPHX24011741-049,REX-4077,CLE,2024-01-09,10000
BDAL25056143-050,REX-4077,CHI,2025-05-02,10000
BPHX25075342-051,REX-4077,DAL,2025-07-20,10000
BATL24014032-052,REX-4077,CLE,2024-01-19,10000
BCLE24068107-053,REX-4077,CHI,2024-06-15,10000
BCLE23027470-054,REX-4077,CLE,2023-02-06,10000
BATL23018817-055,REX-4077,PHX,2023-01-28,10000
BCHI25048974-056,REX-4077,DAL,2025-04-09,10000
BPHX25015958-057,REX-4077,CLE,2025-01-08,10000
BATL23091227-058,REX-4077,ATL,2023-09-14,10000
BCLE23084083-059,REX-4077,CLE,2023-08-18,10000
BPHX24033378-060,REX-4077,ATL,2024-03-04,10000
BCHI25064127-061,REX-4077,CLE,2025-06-11,10000
BPHX24093427-062,REX-4077,PHX,2024-09-08,10000
BCLE25052908-063,REX-4077,ATL,2025-05-14,10000
BPHX23118947-064,REX-4077,PHX,2023-11-09,10000
BPHX23024975-065,REX-4077,ATL,2023-02-10,10000
BCHI24087418-066,REX-4077,CLE,2024-08-26,10000
BCLE24112682-067,REX-4077,PHX,2024-11-14,10000
BPHX25055764-068,REX-4077,CLE,2025-05-01,10000
BPHX25098964-069,REX-4077,CHI,2025-09-25,10000
BATL25091994-070,REX-4077,CHI,2025-09-26,10000
BPHX23026174-071,REX-4077,CHI,2023-02-08,10000
BDAL23057834-072,REX-4077,PHX,2023-05-11,10000
BPHX23086681-073,REX-4077,PHX,2023-08-28,10000
BCLE25063643-074,REX-4077,DAL,2025-06-12,10000
BPHX24016633-075,REX-4077,PHX,2024-01-29,10000
BCHI24044599-076,REX-4077,CHI,2024-04-20,10000
BCHI24118675-077,REX-4077,ATL,2024-11-25,10000
BPHX24087829-078,REX-4077,DAL,2024-08-23,10000
BATL25084394-079,REX-4077,DAL,2025-08-25,10000
BPHX23063115-080,REX-4077,ATL,2023-06-26,10000
BATL24029063-081,REX-4077,CLE,2024-02-13,10000
BPHX25055975-082,REX-4077,ATL,2025-05-01,10000
BCHI24031770-083,REX-4077,CLE,2024-03-04,10000
BDAL25016849-084,REX-4077,ATL,2025-01-04,10000
BCHI23121523-085,REX-4077,CLE,2023-12-24,10000
BPHX24112867-086,REX-4077,CHI,2024-11-22,10000
BCLE24044671-087,REX-4077,PHX,2024-04-09,10000
BDAL24066820-088,REX-4077,CLE,2024-06-12,10000
BATL24079444-089,REX-4077,CHI,2024-07-01,10000
BCLE23088173-090,REX-4077,PHX,2023-08-02,10000
BCLE23082669-091,REX-4077,CHI,2023-08-16,10000
BCHI23032727-092,REX-4077,ATL,2023-03-27,10000
BATL23086925-093,REX-4077,ATL,2023-08-30,10000
BPHX24089288-094,REX-4077,PHX,2024-08-21,10000
BATL23076959-095,REX-4077,DAL,2023-07-23,10000
BCLE23104307-096,REX-4077,PHX,2023-10-10,10000
BCLE25055019-097,REX-4077,PHX,2025-05-01,10000
BDAL24119274-098,REX-4077,ATL,2024-11-30,10000
BDAL23067101-099,REX-4077,PHX,2023-06-24,10000
BATL25013483-100,REX-4077,CHI,2025-01-08,10000
BATL25053260-101,REX-4077,PHX,2025-05-13,10000
BPHX25048516-102,REX-4077,CHI,2025-04-26,10000
BCLE25018251-103,REX-4077,ATL,2025-01-10,10000
BCHI23012140-104,REX-4077,CLE,2023-01-21,10000
BDAL24117580-105,REX-4077,ATL,2024-11-23,10000
BCLE25067443-106,REX-4077,CLE,2025-06-07,10000
BCHI23111947-107,REX-4077,CHI,2023-11-06,10000
BPHX24087586-108,REX-4077,CHI,2024-08-28,10000
BDAL24096638-109,REX-4077,CLE,2024-09-15,10000
BCHI24073406-110,REX-4077,PHX,2024-07-26,10000
BATL25079919-111,REX-4077,CHI,2025-07-02,10000
BDAL25067627-112,REX-4077,ATL,2025-06-24,10000
BCLE24091605-113,REX-4077,CHI,2024-09-09,10000
BPHX24113064-114,REX-4077,CHI,2024-11-16,10000
BATL24082520-115,REX-4077,CHI,2024-08-04,10000
BCHI24106582-116,REX-4077,ATL,2024-10-01,10000
BCLE23029846-117,REX-4077,CHI,2023-02-17,10000
BATL24065979-118,REX-4077,PHX,2024-06-13,10000
BCLE25101982-119,REX-4077,DAL,2025-10-31,10000
BCHI24066807-120,REX-4077,CLE,2024-06-15,10000
BCLE23048352-121,REX-4077,DAL,2023-04-08,10000
BPHX23016553-122,REX-4077,ATL,2023-01-11,10000
BDAL24045902-123,REX-4077,DAL,2024-04-23,10000
BPHX23109514-124,REX-4077,ATL,2023-10-14,10000
BDAL23089461-125,REX-4077,CHI,2023-08-04,10000
BDAL24018443-126,REX-4077,CLE,2024-01-30,10000
BPHX23107751-127,REX-4077,CLE,2023-10-28,10000
BCLE23077961-128,REX-4077,ATL,2023-07-08,10000
BATL25098309-129,REX-4077,CLE,2025-09-02,10000
BCHI25017598-130,REX-4077,CHI,2025-01-26,10000
BPHX25115320-131,REX-4077,CHI,2025-11-28,10000
BPHX25108210-132,REX-4077,PHX,2025-10-18,10000
BATL25053364-133,REX-4077,CHI,2025-05-03,10000
BPHX23098499-134,REX-4077,ATL,2023-09-18,10000
BCHI25112934-135,REX-4077,ATL,2025-11-17,10000
BPHX25071534-136,REX-4077,ATL,2025-07-21,10000
BCLE25017694-137,REX-4077,CLE,2025-01-26,10000
BDAL23095744-138,REX-4077,CLE,2023-09-05,10000
BCLE23117086-139,REX-4077,DAL,2023-11-10,10000
BDAL25025816-140,REX-4077,PHX,2025-02-05,10000
BATL23023328-141,REX-4077,CHI,2023-02-27,10000
BCLE25055999-142,REX-4077,DAL,2025-05-13,10000
BATL24039008-143,REX-4077,CLE,2024-03-17,10000
BCHI23096712-144,REX-4077,CLE,2023-09-08,10000
BPHX23048883-145,REX-4077,CHI,2023-04-02,10000
BCHI24098411-146,REX-4077,DAL,2024-09-26,10000
BPHX25023175-147,REX-4077,ATL,2025-02-11,10000
BPHX25108371-148,REX-4077,PHX,2025-10-30,10000
BDAL23112463-149,REX-4077,CHI,2023-11-02,10000
BPHX25044814-150,REX-4077,PHX,2025-04-18,10000
BCHI24111750-151,REX-4077,PHX,2024-11-25,10000
BCLE24073713-152,REX-4077,CLE,2024-07-22,10000
BCHI24093028-153,REX-4077,CHI,2024-09-24,10000
BATL23069877-154,REX-4077,CHI,2023-06-24,10000
BCHI23049548-155,REX-4077,ATL,2023-04-19,10000
BCHI25091305-156,REX-4077,CLE,2025-09-01,10000
BCLE24015504-157,REX-4077,ATL,2024-01-04,10000
BCHI24058278-158,REX-4077,CLE,2024-05-17,10000
BPHX24101737-159,REX-4077,PHX,2024-10-18,10000
BDAL23028160-160,REX-4077,ATL,2023-02-17,10000
BCLE25049649-161,REX-4077,DAL,2025-04-29,10000
BDAL25022491-162,REX-4077,CLE,2025-02-21,10000
BCHI23073755-163,REX-4077,DAL,2023-07-23,10000
BATL23105187-164,REX-4077,CLE,2023-10-22,10000
BDAL23117672-165,REX-4077,ATL,2023-11-12,10000
BCHI23056329-166,REX-4077,ATL,2023-05-01,10000
BCLE23025882-167,REX-4077,PHX,2023-02-25,10000
BDAL23073334-168,REX-4077,PHX,2023-07-22,10000
BDAL24107152-169,REX-4077,CLE,2024-10-25,10000
BATL23044925-170,REX-4077,CHI,2023-04-17,10000
BPHX24049333-171,REX-4077,CHI,2024-04-29,10000
BCLE25025412-172,REX-4077,CLE,2025-02-27,10000
BPHX24107669-173,REX-4077,CLE,2024-10-13,10000
BCLE25097676-174,REX-4077,ATL,2025-09-18,10000
BDAL23022663-175,REX-4077,ATL,2023-02-08,10000
BDAL23097664-176,REX-4077,PHX,2023-09-15,10000
BCHI23064333-177,REX-4077,ATL,2023-06-21,10000
BCHI25023755-178,REX-4077,ATL,2025-02-03,10000
BCHI25058401-179,REX-4077,CLE,2025-05-17,10000
BPHX23015739-180,REX-4077,ATL,2023-01-03,10000
BCLE23018900-181,REX-4077,DAL,2023-01-02,10000
BPHX24056757-182,REX-4077,ATL,2024-05-28,10000
BDAL25111745-183,REX-4077,ATL,2025-11-11,10000
BDAL23052469-184,REX-4077,PHX,2023-05-24,10000
BATL23095578-185,REX-4077,PHX,2023-09-09,10000
BCHI24039270-186,REX-4077,DAL,2024-03-07,10000
BDAL24128417-187,REX-4077,DAL,2024-12-02,10000
BDAL24056597-188,REX-4077,ATL,2024-05-18,10000
BCHI25076381-189,REX-4077,CLE,2025-07-30,10000
BCLE23108807-190,REX-4077,CLE,2023-10-01,10000
BATL23017769-191,REX-4077,CHI,2023-01-20,10000
BPHX25099816-192,REX-4077,CLE,2025-09-28,10000
BCHI23061507-193,REX-4077,PHX,2023-06-08,10000
BDAL23097166-194,REX-4077,CHI,2023-09-10,10000
BPHX25013903-195,REX-4077,CLE,2025-01-03,10000
BPHX23097069-196,REX-4077,ATL,2023-09-13,10000
BCLE25064629-197,REX-4077,CLE,2025-06-29,10000
BDAL24074137-198,REX-4077,CLE,2024-07-29,10000
BATL24094838-199,REX-4077,PHX,2024-09-12,10000
BCLE25015599-200,REX-4077,PHX,2025-01-13,10000
BCLE24034212-201,REX-4077,PHX,2024-03-04,10000
BDAL23089197-202,REX-4077,PHX,2023-08-16,10000
BCHI23124174-203,REX-4077,CHI,2023-12-16,10000
BCLE23123101-204,REX-4077,CLE,2023-12-26,10000
BDAL23094734-205,REX-4077,CHI,2023-09-18,10000
BATL24071378-206,REX-4077,CHI,2024-07-15,10000
BCHI24068437-207,REX-4077,CLE,2024-06-01,10000
BCLE25056292-208,REX-4077,PHX,2025-05-24,10000
BDAL25042994-209,REX-4077,CHI,2025-04-13,10000
BPHX25086922-210,REX-4077,CHI,2025-08-13,10000
BATL23031769-211,REX-4077,DAL,2023-03-31,10000
BCHI25058354-212,REX-4077,DAL,2025-05-10,10000
BPHX23014188-213,REX-4077,DAL,2023-01-11,10000
BCHI23061415-214,REX-4077,ATL,2023-06-17,10000
BCLE25055095-215,REX-4077,ATL,2025-05-17,10000
BDAL23126092-216,REX-4077,CLE,2023-12-03,10000
BCLE23078863-217,REX-4077,PHX,2023-07-18,10000
BCHI23026477-218,REX-4077,DAL,2023-02-19,10000
BCLE24058759-219,REX-4077,ATL,2024-05-21,10000
BCLE24116465-220,REX-4077,CHI,2024-11-28,10000
BCLE24048184-221,REX-4077,CLE,2024-04-29,10000
BCHI25073045-222,REX-4077,CLE,2025-07-03,10000
BCLE23057183-223,REX-4077,DAL,2023-05-05,10000
BATL23052015-224,REX-4077,PHX,2023-05-14,10000
BDAL23048075-225,REX-4077,CLE,2023-04-23,10000
BCLE23071855-226,REX-4077,DAL,2023-07-28,10000
BPHX25022570-227,REX-4077,CHI,2025-02-20,10000
BATL25041173-228,REX-4077,PHX,2025-04-21,10000
BPHX25028014-229,REX-4077,CHI,2025-02-25,10000
BDAL23071425-230,REX-4077,PHX,2023-07-27,10000
BDAL25114153-231,REX-4077,CLE,2025-11-25,10000
BCLE23072106-232,REX-4077,CHI,2023-07-30,10000
BCHI24023064-233,REX-4077,CHI,2024-02-01,10000
BDAL24067897-234,REX-4077,PHX,2024-06-08,10000
BATL25064983-235,REX-4077,ATL,2025-06-29,10000
BCLE23043091-236,REX-4077,DAL,2023-04-01,10000
BCHI25066861-237,REX-4077,DAL,2025-06-11,10000
BATL23108692-238,REX-4077,DAL,2023-10-26,10000
BDAL24127042-239,REX-4077,CLE,2024-12-03,10000
BCHI25113369-240,REX-4077,CLE,2025-11-26,10000
BCHI24051894-241,REX-4077,PHX,2024-05-01,10000
BATL24124282-242,REX-4077,ATL,2024-12-05,10000
BDAL23054102-243,REX-4077,PHX,2023-05-21,10000
BCHI25086425-244,REX-4077,CHI,2025-08-15,10000
BCHI24115909-245,REX-4077,PHX,2024-11-18,10000
BATL24112717-246,REX-4077,PHX,2024-11-04,10000
BPHX23034594-247,REX-4077,CLE,2023-03-28,10000
BATL24048643-248,REX-4077,CHI,2024-04-01,10000
BATL24038876-249,REX-4077,DAL,2024-03-12,10000
BATL25027558-250,REX-4077,ATL,2025-02-08,10000
BDAL23011162-251,REX-4077,CLE,2023-01-14,10000
BCLE25012887-252,REX-4077,ATL,2025-01-02,10000
BPHX24084185-253,REX-4077,CHI,2024-08-18,10000
BCLE25011486-254,REX-4077,ATL,2025-01-07,10000
BDAL24023853-255,REX-4077,ATL,2024-02-10,10000
BATL24066567-256,REX-4077,CHI,2024-06-20,10000
BATL24054211-257,REX-4077,CLE,2024-05-18,10000
BDAL23122657-258,REX-4077,CLE,2023-12-27,10000
BPHX23102818-259,REX-4077,DAL,2023-10-09,10000
BDAL24038474-260,REX-4077,ATL,2024-03-06,10000
BDAL25013807-261,REX-4077,CHI,2025-01-27,10000
BCLE25062941-262,REX-4077,ATL,2025-06-07,10000
BATL23094140-263,REX-4077,CHI,2023-09-25,10000
BDAL25026209-264,REX-4077,CHI,2025-02-13,10000
BATL25051756-265,REX-4077,CHI,2025-05-29,10000
BCHI24015819-266,REX-4077,ATL,2024-01-23,10000
BATL24111872-267,REX-4077,DAL,2024-11-02,10000
BCHI23099011-268,REX-4077,ATL,2023-09-16,10000
BPHX23062062-269,REX-4077,ATL,2023-06-16,10000
BPHX25119342-270,REX-4077,DAL,2025-11-07,10000
BCHI25108606-271,REX-4077,ATL,2025-10-18,10000
BDAL24109609-272,REX-4077,PHX,2024-10-21,10000
BPHX25105396-273,REX-4077,CHI,2025-10-10,10000
BCHI25041599-274,REX-4077,ATL,2025-04-01,10000
BATL24038406-275,REX-4077,ATL,2024-03-25,10000
BATL25036013-276,REX-4077,PHX,2025-03-21,10000
BCHI25023575-277,REX-4077,DAL,2025-02-11,10000
BCHI24062388-278,REX-4077,ATL,2024-06-05,10000
BDAL23068282-279,REX-4077,CHI,2023-06-22,10000
BATL24121674-280,REX-4077,PHX,2024-12-21,10000
BCHI25116511-281,REX-4077,PHX,2025-11-15,10000
BPHX25078086-282,REX-4077,PHX,2025-07-12,10000
BPHX25016194-283,REX-4077,DAL,2025-01-22,10000
BCLE25023942-284,REX-4077,PHX,2025-02-22,10000
BDAL24042243-285,REX-4077,DAL,2024-04-23,10000
BDAL23069220-286,REX-4077,CHI,2023-06-18,10000
BDAL23064731-287,REX-4077,CLE,2023-06-10,10000
BCLE23086902-288,REX-4077,CLE,2023-08-31,10000
BDAL24024221-289,REX-4077,DAL,2024-02-15,10000
BDAL24055496-290,REX-4077,ATL,2024-05-27,10000
BCHI23105278-291,REX-4077,CLE,2023-10-10,10000
BDAL24096679-292,REX-4077,PHX,2024-09-05,10000
BCHI25041194-293,REX-4077,PHX,2025-04-10,10000
BATL25117512-294,REX-4077,ATL,2025-11-15,10000
BATL24048773-295,REX-4077,ATL,2024-04-09,10000
BCHI25118679-296,REX-4077,PHX,2025-11-22,10000
BCLE24116129-297,REX-4077,ATL,2024-11-28,10000
BPHX25054433-298,REX-4077,PHX,2025-05-28,10000
BCHI25071493-299,REX-4077,DAL,2025-07-10,10000
BCHI23103102-300,REX-4077,DAL,2023-10-12,10000
BPHX23016810-301,REX-4077,DAL,2023-01-20,10000
BPHX24047974-302,REX-4077,PHX,2024-04-06,10000
BDAL24091380-303,REX-4077,CHI,2024-09-05,10000
BATL23033518-304,REX-4077,DAL,2023-03-07,10000
BPHX25034345-305,REX-4077,PHX,2025-03-11,10000
BCHI23057331-306,REX-4077,ATL,2023-05-11,10000
BCLE25086387-307,REX-4077,CHI,2025-08-30,10000
BDAL25072527-308,REX-4077,ATL,2025-07-13,10000
BCHI23083910-309,REX-4077,CLE,2023-08-02,10000
BCLE25094058-310,REX-4077,ATL,2025-09-27,10000
BPHX23055650-311,REX-4077,ATL,2023-05-23,10000
BDAL24049591-312,REX-4077,CLE,2024-04-22,10000
BCLE25077039-313,REX-4077,CHI,2025-07-20,10000
BATL23016353-314,REX-4077,PHX,2023-01-23,10000
BATL25032814-315,REX-4077,ATL,2025-03-11,10000
BPHX25052126-316,REX-4077,PHX,2025-05-06,10000
BATL24024369-317,REX-4077,DAL,2024-02-27,10000
BPHX25063601-318,REX-4077,CHI,2025-06-04,10000
BCHI24094325-319,REX-4077,CHI,2024-09-27,10000
BDAL25074304-320,REX-4077,CLE,2025-07-28,10000
BPHX23102048-321,REX-4077,PHX,2023-10-20,10000
BCHI24056388-322,REX-4077,CHI,2024-05-20,10000
BPHX25108580-323,REX-4077,CHI,2025-10-02,10000
BCLE23035717-324,REX-4077,PHX,2023-03-22,10000
BDAL24127407-325,REX-4077,CHI,2024-12-11,10000
BPHX23125081-326,REX-4077,ATL,2023-12-25,10000
BPHX25067302-327,REX-4077,ATL,2025-06-03,10000
BPHX23071715-328,REX-4077,ATL,2023-07-15,10000
BDAL23119810-329,REX-4077,DAL,2023-11-20,10000
BATL23059085-330,REX-4077,PHX,2023-05-17,10000
BDAL23092253-331,REX-4077,CLE,2023-09-06,10000
BDAL25107719-332,REX-4077,PHX,2025-10-30,10000
BDAL23124397-333,REX-4077,CHI,2023-12-04,10000
BPHX23041437-334,REX-4077,CLE,2023-04-02,10000
BPHX25086630-335,REX-4077,PHX,2025-08-03,10000
BPHX24021618-336,REX-4077,CLE,2024-02-03,10000
BCLE24053236-337,REX-4077,DAL,2024-05-28,10000
BPHX25088558-338,REX-4077,CLE,2025-08-08,10000
BCHI23064969-339,REX-4077,PHX,2023-06-19,10000
BPHX23105573-340,REX-4077,ATL,2023-10-15,10000
BCLE23122646-341,REX-4077,ATL,2023-12-16,10000
BCLE24089759-342,REX-4077,PHX,2024-08-25,10000
BCLE23121183-343,REX-4077,DAL,2023-12-11,10000
BPHX23116866-344,REX-4077,ATL,2023-11-11,10000
BCLE24039721-345,REX-4077,ATL,2024-03-19,10000
BCLE25069566-346,REX-4077,CLE,2025-06-24,10000
BDAL25038274-347,REX-4077,CLE,2025-03-10,10000
BCLE23017183-348,REX-4077,ATL,2023-01-10,10000
BDAL24054908-349,REX-4077,ATL,2024-05-26,10000
BCLE23077908-350,REX-4077,CLE,2023-07-07,10000
BDAL23014148-351,REX-4077,CLE,2023-01-30,10000
BCLE24033750-352,REX-4077,ATL,2024-03-27,10000
BPHX23049396-353,REX-4077,CLE,2023-04-01,10000
BDAL24104105-354,REX-4077,CHI,2024-10-31,10000
BCHI24027472-355,REX-4077,PHX,2024-02-29,10000
BATL23094502-356,REX-4077,CLE,2023-09-05,10000
BDAL24123844-357,REX-4077,CLE,2024-12-31,10000
BDAL25041196-358,REX-4077,PHX,2025-04-03,10000
BPHX24034606-359,REX-4077,CLE,2024-03-11,10000
BCHI24077045-360,REX-4077,CLE,2024-07-24,10000
BATL23057735-361,REX-4077,DAL,2023-05-18,10000
BCLE25109784-362,REX-4077,CHI,2025-10-20,10000
BDAL23122552-000,REX-4084,CHI,2023-12-18,10000
BPHX24103177-001,REX-4084,DAL,2024-10-26,10000
BDAL23128899-002,REX-4084,CLE,2023-12-26,10000
BCLE24118354-003,REX-4084,PHX,2024-11-17,10000
BATL25119248-004,REX-4084,CHI,2025-11-12,10000
BATL23011347-005,REX-4084,CHI,2023-01-28,10000
BDAL23094873-006,REX-4084,PHX,2023-09-12,10000
BCHI24052300-007,REX-4084,CLE,2024-05-13,10000
BDAL23109171-008,REX-4084,DAL,2023-10-09,10000
BATL24027156-009,REX-4084,ATL,2024-02-18,10000
BATL23038270-010,REX-4084,DAL,2023-03-19,10000
BDAL23106202-011,REX-4084,CLE,2023-10-02,10000
BDAL25041388-012,REX-4084,ATL,2025-04-29,10000
BDAL24114969-013,REX-4084,ATL,2024-11-09,10000
BATL23044644-014,REX-4084,CHI,2023-04-21,10000
BCHI25026269-015,REX-4084,ATL,2025-02-20,10000
BCLE25062058-016,REX-4084,PHX,2025-06-24,10000
BATL23051853-017,REX-4084,ATL,2023-05-24,10000
BATL24022503-018,REX-4084,ATL,2024-02-23,10000
BATL24029313-019,REX-4084,CLE,2024-02-23,10000
BPHX25056103-020,REX-4084,ATL,2025-05-22,10000
BATL24027947-021,REX-4084,ATL,2024-02-09,10000
BDAL24055675-022,REX-4084,CHI,2024-05-24,10000
BATL25075454-023,REX-4084,PHX,2025-07-07,10000
BDAL23067524-024,REX-4084,PHX,2023-06-13,10000
BPHX23128231-025,REX-4084,PHX,2023-12-10,10000
BCHI25108101-026,REX-4084,ATL,2025-10-31,10000
BCLE25097249-027,REX-4084,PHX,2025-09-14,10000
BDAL23069801-028,REX-4084,ATL,2023-06-20,10000
BDAL23127233-029,REX-4084,PHX,2023-12-26,10000
BPHX24095640-030,REX-4084,PHX,2024-09-18,10000
BCLE25096459-031,REX-4084,ATL,2025-09-11,10000
BATL25083535-032,REX-4084,ATL,2025-08-19,10000
BCLE23019203-033,REX-4084,DAL,2023-01-09,10000
BPHX25107812-034,REX-4084,PHX,2025-10-03,10000
BPHX25029020-035,REX-4084,DAL,2025-02-03,10000
BPHX23051636-036,REX-4084,CLE,2023-05-26,10000
BCHI25023660-037,REX-4084,ATL,2025-02-27,10000
BDAL25066711-038,REX-4084,CHI,2025-06-12,10000
BDAL25091945-039,REX-4084,PHX,2025-09-27,10000
BATL25054970-040,REX-4084,PHX,2025-05-18,10000
BDAL23031462-041,REX-4084,ATL,2023-03-12,10000
BCHI24068462-042,REX-4084,ATL,2024-06-19,10000
BATL24063644-043,REX-4084,CLE,2024-06-04,10000
BCLE23087297-044,REX-4084,PHX,2023-08-28,10000
BCHI23064093-045,REX-4084,PHX,2023-06-14,10000
BPHX23125143-046,REX-4084,DAL,2023-12-06,10000
BCHI25107271-047,REX-4084,CHI,2025-10-22,10000
BPHX24092456-048,REX-4084,CLE,2024-09-22,10000
BATL24125407-049,REX-4084,ATL,2024-12-06,10000
BDAL25031105-050,REX-4084,ATL,2025-03-26,10000
BCLE25102587-051,REX-4084,CLE,2025-10-04,10000
BCHI25057829-052,REX-4084,DAL,2025-05-05,10000
BATL25063890-053,REX-4084,DAL,2025-06-01,10000
BATL24014244-054,REX-4084,PHX,2024-01-17,10000
BCHI24012806-055,REX-4084,PHX,2024-01-08,10000
BATL24034292-056,REX-4084,CLE,2024-03-11,10000
BATL24015249-057,REX-4084,PHX,2024-01-10,10000
BCHI25062789-058,REX-4084,ATL,2025-06-21,10000
BDAL23062404-059,REX-4084,PHX,2023-06-13,10000
BDAL23092052-060,REX-4084,DAL,2023-09-13,10000
BCHI23034846-061,REX-4084,PHX,2023-03-02,10000
BCLE25091155-062,REX-4084,CLE,2025-09-20,10000
BCLE24061685-063,REX-4084,CLE,2024-06-28,10000
BCHI24031118-064,REX-4084,PHX,2024-03-08,10000
BDAL25128961-065,REX-4084,PHX,2025-12-01,10000
BCHI24118036-066,REX-4084,DAL,2024-11-21,10000
BDAL25016164-067,REX-4084,ATL,2025-01-29,10000
BPHX25017200-068,REX-4084,CHI,2025-01-09,10000
BDAL23046410-069,REX-4084,CLE,2023-04-28,10000
BPHX23017583-070,REX-4084,ATL,2023-01-07,10000
BCHI23023013-071,REX-4084,CHI,2023-02-22,10000
BATL24077036-072,REX-4084,PHX,2024-07-26,10000
BCHI25087768-073,REX-4084,ATL,2025-08-31,10000
BDAL23011272-074,REX-4084,DAL,2023-01-07,10000
BDAL23048279-075,REX-4084,ATL,2023-04-04,10000
BPHX25092333-076,REX-4084,DAL,2025-09-19,10000
BPHX25052645-077,REX-4084,PHX,2025-05-26,10000
BCHI24084196-078,REX-4084,ATL,2024-08-24,10000
BCHI25129267-079,REX-4084,CLE,2025-12-01,10000
BPHX23092426-080,REX-4084,DAL,2023-09-19,10000
BATL25088311-081,REX-4084,CLE,2025-08-14,10000
BCHI25094946-082,REX-4084,ATL,2025-09-14,10000
BATL24032465-083,REX-4084,CLE,2024-03-09,10000
BCLE25063625-084,REX-4084,DAL,2025-06-09,10000
BDAL25024610-085,REX-4084,DAL,2025-02-24,10000
BCLE25093224-086,REX-4084,CHI,2025-09-02,10000
BCLE25106452-087,REX-4084,ATL,2025-10-04,10000
BDAL23057176-088,REX-4084,PHX,2023-05-13,10000
BATL25064662-089,REX-4084,DAL,2025-06-13,10000
BDAL23082436-090,REX-4084,CLE,2023-08-25,10000
BDAL23074082-091,REX-4084,CLE,2023-07-02,10000
BATL25016134-092,REX-4084,PHX,2025-01-23,10000
BDAL23012013-093,REX-4084,CHI,2023-01-04,10000
BPHX24017941-094,REX-4084,DAL,2024-01-24,10000
BATL25019515-095,REX-4084,CHI,2025-01-17,10000
BCLE24037476-096,REX-4084,CLE,2024-03-30,10000
BDAL25083370-097,REX-4084,DAL,2025-08-01,10000
BPHX24038467-098,REX-4084,ATL,2024-03-24,10000
BATL24081562-099,REX-4084,CHI,2024-08-03,10000
BDAL24109230-100,REX-4084,CLE,2024-10-17,10000
BCHI24078836-101,REX-4084,ATL,2024-07-14,10000
BDAL25107171-102,REX-4084,CLE,2025-10-10,10000
BATL24114450-103,REX-4084,ATL,2024-11-13,10000
BATL23048987-104,REX-4084,PHX,2023-04-18,10000
BATL24091353-105,REX-4084,CHI,2024-09-04,10000
BDAL25037921-106,REX-4084,PHX,2025-03-14,10000
BPHX24127407-107,REX-4084,CLE,2024-12-14,10000
BDAL24084196-108,REX-4084,CHI,2024-08-02,10000
BCLE25033144-109,REX-4084,DAL,2025-03-17,10000
BDAL23048496-110,REX-4084,ATL,2023-04-21,10000
BPHX23108904-111,REX-4084,DAL,2023-10-09,10000
BATL23104573-112,REX-4084,ATL,2023-10-24,10000
BDAL23012670-113,REX-4084,ATL,2023-01-19,10000
BPHX25023756-114,REX-4084,CLE,2025-02-10,10000
BDAL23078763-115,REX-4084,ATL,2023-07-16,10000
BCLE23049444-116,REX-4084,DAL,2023-04-18,10000
BATL25067619-117,REX-4084,ATL,2025-06-07,10000
BCLE23034946-118,REX-4084,PHX,2023-03-11,10000
BDAL25093826-119,REX-4084,PHX,2025-09-27,10000
BPHX23077260-120,REX-4084,DAL,2023-07-03,10000
BDAL25061190-121,REX-4084,CLE,2025-06-30,10000
BCLE23082999-122,REX-4084,PHX,2023-08-27,10000
BATL25111377-123,REX-4084,CHI,2025-11-09,10000
BDAL25092549-124,REX-4084,CHI,2025-09-09,10000
BPHX24018932-125,REX-4084,PHX,2024-01-06,10000
BCHI24093051-126,REX-4084,CLE,2024-09-03,10000
BCLE24109806-127,REX-4084,ATL,2024-10-28,10000
BCLE25047451-128,REX-4084,CHI,2025-04-10,10000
BCLE25099501-129,REX-4084,CHI,2025-09-27,10000
BATL23092922-130,REX-4084,ATL,2023-09-12,10000
BCLE24018327-131,REX-4084,DAL,2024-01-04,10000
BCLE23093110-132,REX-4084,CHI,2023-09-09,10000
BATL24022438-133,REX-4084,CHI,2024-02-27,10000
BCLE24062386-134,REX-4084,CLE,2024-06-09,10000
BDAL25116956-135,REX-4084,CHI,2025-11-02,10000
BPHX23121001-136,REX-4084,ATL,2023-12-18,10000
BCLE24099510-137,REX-4084,DAL,2024-09-07,10000
BATL25069035-138,REX-4084,DAL,2025-06-30,10000
BCHI24129818-139,REX-4084,CHI,2024-12-22,10000
BCLE24031732-140,REX-4084,ATL,2024-03-05,10000
BATL23033321-141,REX-4084,DAL,2023-03-17,10000
BATL24034539-142,REX-4084,CHI,2024-03-16,10000
BDAL25013105-143,REX-4084,CHI,2025-01-05,10000
BCLE25055177-144,REX-4084,DAL,2025-05-14,10000
BATL25027554-145,REX-4084,PHX,2025-02-20,10000
BDAL23067968-146,REX-4084,ATL,2023-06-20,10000
BCLE24025413-147,REX-4084,ATL,2024-02-22,10000
BCHI25029379-148,REX-4084,CHI,2025-02-01,10000
BPHX23123514-149,REX-4084,DAL,2023-12-02,10000
BPHX25061424-150,REX-4084,CHI,2025-06-07,10000
BCLE24055425-151,REX-4084,CLE,2024-05-21,10000
BCHI23087664-152,REX-4084,CLE,2023-08-14,10000
BCLE24116944-153,REX-4084,DAL,2024-11-05,10000
BATL24074698-154,REX-4084,DAL,2024-07-13,10000
BCLE23017179-155,REX-4084,ATL,2023-01-21,10000
BCLE25023023-156,REX-4084,ATL,2025-02-14,10000
BCHI24099021-157,REX-4084,CLE,2024-09-19,10000
BCHI24125620-158,REX-4084,CHI,2024-12-15,10000
BCHI24072623-159,REX-4084,CLE,2024-07-09,10000
BDAL23127382-160,REX-4084,ATL,2023-12-16,10000
BCHI24127597-161,REX-4084,PHX,2024-12-07,10000
BDAL23091155-162,REX-4084,CHI,2023-09-19,10000
BATL23113337-163,REX-4084,PHX,2023-11-15,10000
BCLE24077064-164,REX-4084,ATL,2024-07-01,10000
BPHX25053999-165,REX-4084,PHX,2025-05-06,10000
BPHX24129228-166,REX-4084,DAL,2024-12-25,10000
BPHX24079529-167,REX-4084,ATL,2024-07-18,10000
BCLE24096007-168,REX-4084,PHX,2024-09-17,10000
BCLE24102302-169,REX-4084,CLE,2024-10-02,10000
BCLE24053705-170,REX-4084,CHI,2024-05-06,10000
BCLE23045683-171,REX-4084,CHI,2023-04-28,10000
BCLE25107946-172,REX-4084,CHI,2025-10-06,10000
BPHX23109156-173,REX-4084,CHI,2023-10-07,10000
BPHX23091227-174,REX-4084,CHI,2023-09-13,10000
BCLE24017962-175,REX-4084,CHI,2024-01-25,10000
BATL24129652-176,REX-4084,CHI,2024-12-07,10000
BCHI23038350-177,REX-4084,ATL,2023-03-28,10000
BATL24042230-178,REX-4084,DAL,2024-04-05,10000
BCHI23106788-179,REX-4084,CLE,2023-10-01,10000
BPHX25057211-180,REX-4084,ATL,2025-05-15,10000
BCLE25026537-181,REX-4084,ATL,2025-02-03,10000
BDAL23085901-182,REX-4084,PHX,2023-08-30,10000
BDAL24084490-183,REX-4084,CLE,2024-08-24,10000
BATL25035994-184,REX-4084,CHI,2025-03-17,10000
BPHX23038999-185,REX-4084,CLE,2023-03-14,10000
BCLE24128542-186,REX-4084,DAL,2024-12-29,10000
BDAL24092755-187,REX-4084,CLE,2024-09-03,10000
BATL24127587-188,REX-4084,DAL,2024-12-17,10000
BCLE23018058-189,REX-4084,PHX,2023-01-19,10000
BCLE24029668-190,REX-4084,CHI,2024-02-09,10000
BPHX23113029-191,REX-4084,PHX,2023-11-11,10000
BATL23015098-192,REX-4084,ATL,2023-01-15,10000
BPHX25087132-193,REX-4084,DAL,2025-08-21,10000
BPHX25013984-194,REX-4084,CHI,2025-01-16,10000
BCLE24078185-195,REX-4084,PHX,2024-07-05,10000
BATL23116795-196,REX-4084,PHX,2023-11-28,10000
BDAL23014251-197,REX-4084,CLE,2023-01-12,10000
BDAL24011659-198,REX-4084,ATL,2024-01-24,10000
BPHX25036426-199,REX-4084,CLE,2025-03-19,10000
BATL23118852-200,REX-4084,DAL,2023-11-25,10000
BPHX23099012-201,REX-4084,CHI,2023-09-01,10000
BATL25106322-202,REX-4084,PHX,2025-10-11,10000
BPHX25103153-203,REX-4084,CLE,2025-10-24,10000
BCLE23083066-204,REX-4084,ATL,2023-08-09,10000
BCHI24121223-205,REX-4084,ATL,2024-12-05,10000
BDAL23048039-206,REX-4084,CHI,2023-04-17,10000
BPHX23018867-207,REX-4084,DAL,2023-01-17,10000
BPHX24072353-208,REX-4084,PHX,2024-07-31,10000
BCHI24053498-209,REX-4084,CHI,2024-05-22,10000
BATL24015606-210,REX-4084,CLE,2024-01-18,10000
BATL24068031-211,REX-4084,ATL,2024-06-23,10000
BCLE25089230-212,REX-4084,CHI,2025-08-28,10000
BATL24013436-213,REX-4084,ATL,2024-01-07,10000
BATL23097574-214,REX-4084,CLE,2023-09-04,10000
BATL24073395-215,REX-4084,PHX,2024-07-14,10000
BCHI23024270-216,REX-4084,CLE,2023-02-06,10000
BPHX23047673-217,REX-4084,CHI,2023-04-15,10000
BATL24094633-218,REX-4084,DAL,2024-09-19,10000
BPHX25052005-000,REX-4091,CHI,2025-05-22,10000
BCLE25055985-001,REX-4091,CLE,2025-05-24,10000
BDAL24075596-002,REX-4091,DAL,2024-07-05,10000
BATL25056240-003,REX-4091,CLE,2025-05-06,10000
BCLE24011008-004,REX-4091,CLE,2024-01-08,10000
BATL24105674-005,REX-4091,PHX,2024-10-20,10000
BCHI24072650-006,REX-4091,PHX,2024-07-27,10000
BDAL24019049-007,REX-4091,DAL,2024-01-14,10000
BDAL24112827-008,REX-4091,CLE,2024-11-15,10000
BCHI23013134-009,REX-4091,DAL,2023-01-28,10000
BDAL25019664-010,REX-4091,CHI,2025-01-08,10000
BATL25015521-011,REX-4091,ATL,2025-01-31,10000
BCLE25022742-012,REX-4091,ATL,2025-02-25,10000
BCLE23094120-013,REX-4091,ATL,2023-09-04,10000
BCLE25072226-014,REX-4091,CHI,2025-07-01,10000
BDAL24128769-015,REX-4091,ATL,2024-12-03,10000
BCLE23113094-016,REX-4091,ATL,2023-11-11,10000
BCHI25055137-017,REX-4091,CHI,2025-05-06,10000
BDAL24128347-018,REX-4091,CLE,2024-12-12,10000
BCLE25068910-019,REX-4091,PHX,2025-06-12,10000
BCLE25103735-020,REX-4091,CHI,2025-10-28,10000
BATL24075745-021,REX-4091,CLE,2024-07-15,10000
BATL23057512-022,REX-4091,PHX,2023-05-05,10000
BCLE25113711-023,REX-4091,PHX,2025-11-17,10000
BPHX25117393-024,REX-4091,PHX,2025-11-09,10000
BATL24074015-025,REX-4091,CLE,2024-07-10,10000
BCHI23114568-026,REX-4091,CHI,2023-11-24,10000
BCHI23018461-027,REX-4091,CHI,2023-01-19,10000
BDAL24064609-028,REX-4091,DAL,2024-06-14,10000
BCHI24072951-029,REX-4091,ATL,2024-07-03,10000
BCLE24049741-030,REX-4091,ATL,2024-04-03,10000
BCLE24083427-031,REX-4091,DAL,2024-08-20,10000
BDAL23091844-032,REX-4091,ATL,2023-09-30,10000
BCHI24032903-033,REX-4091,CLE,2024-03-06,10000
BCHI24127047-034,REX-4091,DAL,2024-12-12,10000
BCHI23065326-035,REX-4091,ATL,2023-06-20,10000
BCHI25045831-036,REX-4091,DAL,2025-04-16,10000
BCLE23046824-037,REX-4091,ATL,2023-04-28,10000
BATL24075194-038,REX-4091,CLE,2024-07-26,10000
BPHX23085216-039,REX-4091,CHI,2023-08-06,10000
BPHX24024614-040,REX-4091,DAL,2024-02-27,10000
BATL24077479-041,REX-4091,ATL,2024-07-04,10000
BATL25078109-042,REX-4091,DAL,2025-07-02,10000
BPHX23102535-043,REX-4091,PHX,2023-10-31,10000
BPHX24014031-044,REX-4091,ATL,2024-01-07,10000
BCHI24019036-045,REX-4091,ATL,2024-01-22,10000
BCLE24076081-046,REX-4091,ATL,2024-07-31,10000
BPHX23124077-047,REX-4091,CLE,2023-12-30,10000
BCLE23107986-048,REX-4091,ATL,2023-10-21,10000
BPHX25072642-049,REX-4091,CHI,2025-07-20,10000
BCLE23102633-050,REX-4091,PHX,2023-10-09,10000
BCLE25022802-051,REX-4091,CLE,2025-02-25,10000
BATL23035068-052,REX-4091,CLE,2023-03-31,10000
BATL24071221-053,REX-4091,CLE,2024-07-02,10000
BCHI23086544-054,REX-4091,CLE,2023-08-06,10000
BATL24028871-055,REX-4091,CHI,2024-02-19,10000
BATL25066036-056,REX-4091,DAL,2025-06-28,10000
BATL25094994-057,REX-4091,CLE,2025-09-07,10000
BCHI24073016-058,REX-4091,CLE,2024-07-01,10000
BCLE23049923-059,REX-4091,DAL,2023-04-02,10000
BCHI23077804-060,REX-4091,ATL,2023-07-30,10000
BATL23011393-061,REX-4091,ATL,2023-01-03,10000
BPHX25053414-062,REX-4091,DAL,2025-05-24,10000
BATL24087303-063,REX-4091,CLE,2024-08-10,10000
BATL25102804-064,REX-4091,ATL,2025-10-04,10000
BDAL23076854-065,REX-4091,CLE,2023-07-28,10000
BCLE24116906-066,REX-4091,CLE,2024-11-14,10000
BCHI23033475-067,REX-4091,ATL,2023-03-30,10000
BCHI25056486-068,REX-4091,CHI,2025-05-27,10000
BPHX24013461-069,REX-4091,DAL,2024-01-07,10000
BDAL24082702-070,REX-4091,DAL,2024-08-10,10000
BDAL25105348-071,REX-4091,CLE,2025-10-19,10000
BATL23013401-072,REX-4091,DAL,2023-01-05,10000
BPHX23108318-073,REX-4091,PHX,2023-10-30,10000
BCLE23058003-074,REX-4091,DAL,2023-05-18,10000
BCLE23106292-075,REX-4091,ATL,2023-10-24,10000
BPHX24016777-076,REX-4091,DAL,2024-01-08,10000
BPHX25108885-077,REX-4091,PHX,2025-10-09,10000
BATL24115028-078,REX-4091,PHX,2024-11-13,10000
BCHI25059144-079,REX-4091,CHI,2025-05-07,10000
BCHI25109785-080,REX-4091,ATL,2025-10-05,10000
BCLE25027911-081,REX-4091,CHI,2025-02-26,10000
BCLE24034853-082,REX-4091,DAL,2024-03-25,10000
BATL23011281-083,REX-4091,DAL,2023-01-06,10000
BATL25082804-084,REX-4091,CLE,2025-08-28,10000
BDAL24123283-085,REX-4091,DAL,2024-12-16,10000
BATL25077898-086,REX-4091,ATL,2025-07-31,10000
BATL24031915-087,REX-4091,ATL,2024-03-07,10000
BATL23087184-088,REX-4091,CLE,2023-08-29,10000
BDAL25051886-089,REX-4091,CLE,2025-05-19,10000
BPHX23063591-090,REX-4091,CLE,2023-06-01,10000
BDAL23103314-091,REX-4091,CLE,2023-10-28,10000
BCLE24051204-092,REX-4091,CHI,2024-05-16,10000
BATL25053988-093,REX-4091,PHX,2025-05-02,10000
BCHI23105907-094,REX-4091,PHX,2023-10-14,10000
BDAL25048274-095,REX-4091,CLE,2025-04-22,10000
BCLE24083554-096,REX-4091,CLE,2024-08-10,10000
BCHI23033843-097,REX-4091,CHI,2023-03-07,10000
BCLE23117494-098,REX-4091,PHX,2023-11-25,10000
BCHI25075227-099,REX-4091,CHI,2025-07-19,10000
BDAL25104724-100,REX-4091,PHX,2025-10-24,10000
BDAL23112506-101,REX-4091,CHI,2023-11-18,10000
BATL25024471-102,REX-4091,PHX,2025-02-12,10000
BATL23047427-103,REX-4091,ATL,2023-04-25,10000
BPHX23068821-104,REX-4091,DAL,2023-06-08,10000
BPHX25043700-105,REX-4091,CLE,2025-04-09,10000
BPHX25014190-106,REX-4091,DAL,2025-01-30,10000
BCLE23082274-107,REX-4091,DAL,2023-08-11,10000
BCLE24114924-000,REX-4098,DAL,2024-11-18,10000
BCHI23112744-001,REX-4098,CLE,2023-11-30,10000
BCHI24031179-002,REX-4098,DAL,2024-03-09,10000
BCHI24014305-003,REX-4098,CLE,2024-01-20,10000
BDAL24052393-004,REX-4098,CHI,2024-05-07,10000
BCHI23048926-005,REX-4098,CLE,2023-04-02,10000
BDAL23042527-006,REX-4098,DAL,2023-04-09,10000
BDAL23015626-007,REX-4098,PHX,2023-01-18,10000
BATL25106152-008,REX-4098,PHX,2025-10-21,10000
BATL24122595-009,REX-4098,DAL,2024-12-29,10000
BCHI25042654-010,REX-4098,CHI,2025-04-14,10000
BCLE23117260-011,REX-4098,PHX,2023-11-04,10000
BDAL23033641-012,REX-4098,ATL,2023-03-18,10000
BCLE25082528-013,REX-4098,ATL,2025-08-06,10000
BATL24033638-014,REX-4098,CHI,2024-03-17,10000
BCHI25119573-015,REX-4098,DAL,2025-11-23,10000
BATL25076554-016,REX-4098,DAL,2025-07-05,10000
BCHI25018059-017,REX-4098,CLE,2025-01-07,10000
BATL25034421-018,REX-4098,CHI,2025-03-04,10000
BATL23069151-019,REX-4098,CLE,2023-06-03,10000
BATL23016071-020,REX-4098,CHI,2023-01-31,10000
BPHX23062541-021,REX-4098,PHX,2023-06-28,10000
BATL24105843-022,REX-4098,ATL,2024-10-04,10000
BDAL23056952-023,REX-4098,DAL,2023-05-20,10000
BCLE23073935-024,REX-4098,PHX,2023-07-02,10000
BPHX24065194-025,REX-4098,PHX,2024-06-12,10000
BCLE23108999-026,REX-4098,CLE,2023-10-15,10000
BDAL25017568-027,REX-4098,PHX,2025-01-14,10000
BPHX23097008-028,REX-4098,CHI,2023-09-22,10000
BDAL24102367-029,REX-4098,PHX,2024-10-04,10000
BPHX25115306-030,REX-4098,CLE,2025-11-02,10000
BATL23041130-031,REX-4098,ATL,2023-04-27,10000
BDAL23087157-032,REX-4098,ATL,2023-08-04,10000
BCLE25034654-033,REX-4098,PHX,2025-03-28,10000
BCLE25086716-034,REX-4098,PHX,2025-08-04,10000
BCHI25088616-035,REX-4098,CLE,2025-08-17,10000
BATL23062775-036,REX-4098,PHX,2023-06-25,10000
BATL25067578-037,REX-4098,DAL,2025-06-06,10000
BDAL23056610-038,REX-4098,CHI,2023-05-13,10000
BATL25098802-039,REX-4098,CLE,2025-09-22,10000
BPHX24071627-040,REX-4098,CHI,2024-07-24,10000
BPHX23113384-041,REX-4098,ATL,2023-11-15,10000
BCHI24101513-042,REX-4098,CHI,2024-10-17,10000
BCLE25026922-043,REX-4098,PHX,2025-02-17,10000
BATL25081886-044,REX-4098,ATL,2025-08-27,10000
BPHX23025421-045,REX-4098,DAL,2023-02-16,10000
BCLE23123322-046,REX-4098,CLE,2023-12-27,10000
BPHX24072338-047,REX-4098,DAL,2024-07-14,10000
BPHX25079597-048,REX-4098,ATL,2025-07-13,10000
BATL24061880-049,REX-4098,CLE,2024-06-15,10000
BDAL25055864-050,REX-4098,ATL,2025-05-27,10000
BDAL24027866-051,REX-4098,PHX,2024-02-11,10000
BCHI25083632-052,REX-4098,PHX,2025-08-31,10000
BCHI24127375-053,REX-4098,CLE,2024-12-27,10000
BCLE24023369-054,REX-4098,DAL,2024-02-11,10000
BCLE24103465-055,REX-4098,PHX,2024-10-10,10000
BPHX23106184-056,REX-4098,CLE,2023-10-30,10000
BDAL25049531-057,REX-4098,CLE,2025-04-12,10000
BATL25078361-058,REX-4098,CHI,2025-07-11,10000
BCLE23074581-059,REX-4098,ATL,2023-07-19,10000
BCHI25053721-060,REX-4098,CHI,2025-05-10,10000
BATL25026703-061,REX-4098,ATL,2025-02-12,10000
BCHI24011235-062,REX-4098,DAL,2024-01-27,10000
BCLE25015947-063,REX-4098,DAL,2025-01-15,10000
BCLE25109177-064,REX-4098,PHX,2025-10-25,10000
BPHX25046762-065,REX-4098,DAL,2025-04-27,10000
BCHI25056502-066,REX-4098,CLE,2025-05-22,10000
BPHX23128018-067,REX-4098,DAL,2023-12-27,10000
BCHI23123664-068,REX-4098,CHI,2023-12-29,10000
BPHX25065669-069,REX-4098,PHX,2025-06-11,10000
BCHI24082625-070,REX-4098,CLE,2024-08-03,10000
BCLE23081269-071,REX-4098,CHI,2023-08-01,10000
BCLE25049133-072,REX-4098,CHI,2025-04-22,10000
BPHX23079247-073,REX-4098,CHI,2023-07-24,10000
BDAL23037891-074,REX-4098,ATL,2023-03-08,10000
BPHX24047243-075,REX-4098,CLE,2024-04-01,10000
BPHX24023038-076,REX-4098,DAL,2024-02-05,10000
BPHX25087484-077,REX-4098,CLE,2025-08-08,10000
BATL25029315-078,REX-4098,DAL,2025-02-06,10000
BDAL24076036-079,REX-4098,PHX,2024-07-02,10000
BCLE24057792-080,REX-4098,CLE,2024-05-09,10000
BCLE23023512-081,REX-4098,DAL,2023-02-01,10000
BCHI25116201-082,REX-4098,DAL,2025-11-28,10000
BCHI23128045-083,REX-4098,ATL,2023-12-16,10000
BATL25037444-084,REX-4098,CLE,2025-03-12,10000
BATL25057396-085,REX-4098,ATL,2025-05-28,10000
BDAL25049475-086,REX-4098,ATL,2025-04-05,10000
BATL25062631-087,REX-4098,ATL,2025-06-14,10000
BCLE25107422-088,REX-4098,DAL,2025-10-29,10000
BDAL23114338-089,REX-4098,CLE,2023-11-22,10000
BCLE23078166-090,REX-4098,CLE,2023-07-11,10000
BCLE23119907-091,REX-4098,CLE,2023-11-10,10000
BCLE25023138-092,REX-4098,PHX,2025-02-22,10000
BATL25014927-093,REX-4098,ATL,2025-01-03,10000
BATL24089772-094,REX-4098,ATL,2024-08-31,10000
BDAL25021847-095,REX-4098,DAL,2025-02-13,10000
BATL23061379-096,REX-4098,CHI,2023-06-19,10000
BCLE23078522-097,REX-4098,CHI,2023-07-31,10000
BCLE23093323-098,REX-4098,DAL,2023-09-09,10000
BATL24062520-099,REX-4098,CLE,2024-06-20,10000
BDAL25104407-100,REX-4098,PHX,2025-10-09,10000
BPHX23071359-101,REX-4098,PHX,2023-07-26,10000
BPHX23052250-102,REX-4098,ATL,2023-05-31,10000
BPHX25056137-103,REX-4098,PHX,2025-05-09,10000
BATL23115894-104,REX-4098,CLE,2023-11-26,10000
BCHI24011515-105,REX-4098,CLE,2024-01-01,10000
BDAL24128928-106,REX-4098,CHI,2024-12-03,10000
BATL23019548-107,REX-4098,DAL,2023-01-11,10000
BATL23091484-108,REX-4098,CHI,2023-09-07,10000
BCHI23029384-109,REX-4098,ATL,2023-02-17,10000
BDAL24032880-110,REX-4098,ATL,2024-03-18,10000
BDAL23033270-111,REX-4098,ATL,2023-03-02,10000
BATL23065384-112,REX-4098,DAL,2023-06-20,10000
BATL25092506-113,REX-4098,DAL,2025-09-13,10000
BPHX24089123-114,REX-4098,PHX,2024-08-25,10000
BPHX25114163-115,REX-4098,DAL,2025-11-15,10000
BATL23125605-116,REX-4098,PHX,2023-12-21,10000
BCHI23076105-117,REX-4098,ATL,2023-07-30,10000
BPHX24028101-118,REX-4098,PHX,2024-02-26,10000
BCHI25055451-119,REX-4098,DAL,2025-05-17,10000
BCHI23087275-120,REX-4098,PHX,2023-08-09,10000
BCHI24026782-121,REX-4098,DAL,2024-02-14,10000
BPHX23053740-122,REX-4098,CLE,2023-05-12,10000
BDAL25117714-123,REX-4098,DAL,2025-11-13,10000
BPHX24121490-124,REX-4098,CLE,2024-12-22,10000
BDAL24018035-125,REX-4098,ATL,2024-01-04,10000
BATL25012190-126,REX-4098,ATL,2025-01-02,10000
BDAL25013376-127,REX-4098,DAL,2025-01-31,10000
BCLE23096219-128,REX-4098,CLE,2023-09-08,10000
BATL24118624-129,REX-4098,CHI,2024-11-04,10000
BATL24102085-130,REX-4098,PHX,2024-10-20,10000
BCHI24084476-131,REX-4098,CHI,2024-08-03,10000
BCLE24035555-132,REX-4098,CHI,2024-03-21,10000
BCHI23067909-133,REX-4098,PHX,2023-06-03,10000
BDAL24104246-134,REX-4098,ATL,2024-10-12,10000
BPHX23049169-135,REX-4098,CLE,2023-04-12,10000
BPHX24072953-136,REX-4098,CLE,2024-07-16,10000
BATL25076355-137,REX-4098,CHI,2025-07-16,10000
BATL25021348-138,REX-4098,DAL,2025-02-23,10000
BCHI23021076-139,REX-4098,PHX,2023-02-06,10000
BATL24087599-140,REX-4098,CLE,2024-08-05,10000
BDAL23031266-141,REX-4098,CLE,2023-03-22,10000
BCLE25087800-142,REX-4098,DAL,2025-08-20,10000
BDAL24076665-143,REX-4098,PHX,2024-07-16,10000
BCHI23066131-144,REX-4098,PHX,2023-06-13,10000
BPHX23045889-145,REX-4098,PHX,2023-04-07,10000
BCLE25107126-146,REX-4098,CHI,2025-10-07,10000
BCLE23074670-147,REX-4098,CLE,2023-07-30,10000
BATL23012722-148,REX-4098,DAL,2023-01-22,10000
BATL25063788-149,REX-4098,CLE,2025-06-11,10000
BDAL24019807-150,REX-4098,CLE,2024-01-27,10000
BDAL23041705-151,REX-4098,CLE,2023-04-18,10000
BDAL23042229-152,REX-4098,DAL,2023-04-09,10000
BCHI24117218-153,REX-4098,DAL,2024-11-05,10000
BATL23128548-154,REX-4098,CLE,2023-12-15,10000
BDAL23093424-155,REX-4098,CHI,2023-09-16,10000
BPHX25043004-156,REX-4098,CHI,2025-04-26,10000
BCHI24058830-157,REX-4098,PHX,2024-05-07,10000
BDAL24078908-158,REX-4098,ATL,2024-07-28,10000
BDAL23075853-159,REX-4098,CLE,2023-07-08,10000
BCHI24124971-160,REX-4098,ATL,2024-12-23,10000
BCLE23069103-161,REX-4098,CLE,2023-06-09,10000
BCLE24034541-162,REX-4098,PHX,2024-03-11,10000
BATL25028989-163,REX-4098,CLE,2025-02-27,10000
BATL24119644-164,REX-4098,CHI,2024-11-28,10000
BDAL24108438-165,REX-4098,ATL,2024-10-03,10000
BCLE25103130-166,REX-4098,ATL,2025-10-30,10000
BPHX25018412-167,REX-4098,CHI,2025-01-14,10000
BATL25117556-168,REX-4098,ATL,2025-11-17,10000
BDAL23057931-169,REX-4098,ATL,2023-05-21,10000
BCHI24092672-170,REX-4098,ATL,2024-09-21,10000
BCLE25082805-171,REX-4098,ATL,2025-08-02,10000
BPHX23024064-172,REX-4098,DAL,2023-02-03,10000
BPHX23029698-173,REX-4098,PHX,2023-02-28,10000
BDAL24122938-174,REX-4098,CHI,2024-12-21,10000
BDAL23068069-175,REX-4098,ATL,2023-06-22,10000
BPHX23119227-176,REX-4098,PHX,2023-11-05,10000
BDAL25111870-177,REX-4098,PHX,2025-11-06,10000
BDAL24072602-178,REX-4098,CLE,2024-07-12,10000
BPHX25024177-179,REX-4098,DAL,2025-02-22,10000
BPHX24013894-180,REX-4098,CHI,2024-01-23,10000
BCHI24079087-181,REX-4098,CHI,2024-07-19,10000
BCLE25061817-182,REX-4098,ATL,2025-06-06,10000
BATL23082887-183,REX-4098,CLE,2023-08-16,10000
BCHI23035361-184,REX-4098,ATL,2023-03-15,10000
BCHI23052655-185,REX-4098,DAL,2023-05-15,10000
BCHI24047628-186,REX-4098,PHX,2024-04-08,10000
BCLE25034602-187,REX-4098,DAL,2025-03-15,10000
BATL25103802-188,REX-4098,ATL,2025-10-11,10000
BDAL24125718-189,REX-4098,CLE,2024-12-12,10000
BATL23079245-190,REX-4098,CHI,2023-07-13,10000
BDAL25094909-191,REX-4098,ATL,2025-09-03,10000
BCLE24103730-192,REX-4098,ATL,2024-10-07,10000
BPHX24113323-193,REX-4098,CLE,2024-11-11,10000
BPHX25086473-194,REX-4098,CLE,2025-08-29,10000
BDAL23122261-195,REX-4098,ATL,2023-12-30,10000
BCHI23016769-196,REX-4098,PHX,2023-01-20,10000
BPHX23015055-197,REX-4098,PHX,2023-01-03,10000
BCLE23081284-198,REX-4098,CHI,2023-08-13,10000
BATL24089606-199,REX-4098,CHI,2024-08-18,10000
BATL23122538-200,REX-4098,CLE,2023-12-09,10000
BDAL24098415-201,REX-4098,PHX,2024-09-15,10000
BCHI24125216-202,REX-4098,PHX,2024-12-19,10000
BDAL24068516-203,REX-4098,CLE,2024-06-03,10000
BDAL24126467-204,REX-4098,CHI,2024-12-23,10000
BCLE25095422-205,REX-4098,CHI,2025-09-18,10000
BATL23027722-206,REX-4098,ATL,2023-02-12,10000
BDAL23109156-207,REX-4098,CLE,2023-10-18,10000
BCHI24058056-208,REX-4098,DAL,2024-05-15,10000
BCLE24024175-209,REX-4098,PHX,2024-02-27,10000
BDAL23089927-210,REX-4098,PHX,2023-08-10,10000
BDAL23126715-211,REX-4098,DAL,2023-12-25,10000
BCHI25037836-212,REX-4098,DAL,2025-03-11,10000
BATL24091673-213,REX-4098,CHI,2024-09-25,10000
BDAL25123014-214,REX-4098,PHX,2025-12-01,10000
BCHI25076685-215,REX-4098,DAL,2025-07-20,10000
BCLE23089174-216,REX-4098,ATL,2023-08-14,10000
BATL25089571-217,REX-4098,DAL,2025-08-13,10000
BDAL23118976-218,REX-4098,DAL,2023-11-30,10000
BDAL23051255-219,REX-4098,PHX,2023-05-13,10000
BATL23035636-220,REX-4098,CHI,2023-03-25,10000
BCLE23099001-221,REX-4098,DAL,2023-09-10,10000
BPHX23016771-222,REX-4098,CLE,2023-01-11,10000
BDAL23043256-223,REX-4098,DAL,2023-04-13,10000
BCHI24083540-224,REX-4098,CLE,2024-08-03,10000
BATL24074223-225,REX-4098,PHX,2024-07-08,10000
BDAL23064585-226,REX-4098,CLE,2023-06-15,10000
BDAL25085075-227,REX-4098,PHX,2025-08-27,10000
BPHX25052607-228,REX-4098,DAL,2025-05-15,10000
BCHI24096091-229,REX-4098,ATL,2024-09-10,10000
BDAL25063280-230,REX-4098,ATL,2025-06-11,10000
BATL24057820-231,REX-4098,CHI,2024-05-27,10000
BDAL24025997-232,REX-4098,CLE,2024-02-13,10000
BCHI24088555-233,REX-4098,CHI,2024-08-31,10000
BPHX24018158-234,REX-4098,CLE,2024-01-11,10000
BCHI23108240-235,REX-4098,DAL,2023-10-11,10000
BDAL25108673-236,REX-4098,DAL,2025-10-28,10000
BPHX25057889-237,REX-4098,PHX,2025-05-25,10000
BCLE25081432-238,REX-4098,PHX,2025-08-02,10000
BATL23075954-239,REX-4098,ATL,2023-07-01,10000
BDAL25113085-240,REX-4098,CHI,2025-11-14,10000
BCLE24087433-241,REX-4098,ATL,2024-08-23,10000
BCLE25048582-242,REX-4098,CHI,2025-04-05,10000
BCLE25072387-243,REX-4098,CLE,2025-07-31,10000
BCLE24076463-244,REX-4098,CHI,2024-07-07,10000
BDAL23078888-245,REX-4098,DAL,2023-07-19,10000
BCLE23059369-246,REX-4098,CLE,2023-05-05,10000
BCHI24023361-247,REX-4098,CHI,2024-02-24,10000
BATL25104662-248,REX-4098,ATL,2025-10-11,10000
BDAL24091105-249,REX-4098,PHX,2024-09-08,10000
BCLE24022100-250,REX-4098,CLE,2024-02-16,10000
BCHI23112983-251,REX-4098,CHI,2023-11-10,10000
BATL23074347-252,REX-4098,CLE,2023-07-18,10000
BCLE25089287-253,REX-4098,PHX,2025-08-28,10000
BCLE25032995-254,REX-4098,DAL,2025-03-11,10000
BPHX25044015-255,REX-4098,ATL,2025-04-08,10000
BCHI24068194-256,REX-4098,CHI,2024-06-17,10000
BPHX23093396-257,REX-4098,CLE,2023-09-10,10000
BATL24014943-258,REX-4098,ATL,2024-01-14,10000
BCHI25114282-259,REX-4098,PHX,2025-11-13,10000
BDAL25095742-260,REX-4098,CLE,2025-09-10,10000
BDAL25105508-261,REX-4098,PHX,2025-10-06,10000
BCLE25038601-262,REX-4098,PHX,2025-03-01,10000
BATL25051458-263,REX-4098,DAL,2025-05-20,10000
BCLE25077380-264,REX-4098,CLE,2025-07-25,10000
BCLE24098282-265,REX-4098,CLE,2024-09-12,10000
BATL24128666-266,REX-4098,PHX,2024-12-27,10000
BCLE24073593-267,REX-4098,DAL,2024-07-21,10000
BCHI25104453-268,REX-4098,DAL,2025-10-22,10000
BCHI25032028-269,REX-4098,ATL,2025-03-10,10000
BDAL23116558-270,REX-4098,PHX,2023-11-07,10000
BDAL23105963-271,REX-4098,PHX,2023-10-14,10000
BPHX23057168-272,REX-4098,PHX,2023-05-20,10000
BCHI24019306-273,REX-4098,CHI,2024-01-05,10000
BATL24066309-274,REX-4098,CHI,2024-06-14,10000
BCHI24127615-275,REX-4098,CLE,2024-12-13,10000
BCLE23043607-276,REX-4098,ATL,2023-04-03,10000
BCLE23079182-277,REX-4098,PHX,2023-07-17,10000
BATL24104876-278,REX-4098,CLE,2024-10-24,10000
BPHX23127882-279,REX-4098,CLE,2023-12-23,10000
BCHI23055103-280,REX-4098,CLE,2023-05-07,10000
BCLE23038234-281,REX-4098,DAL,2023-03-18,10000
BATL23036261-282,REX-4098,CLE,2023-03-02,10000
BPHX25073182-283,REX-4098,CHI,2025-07-09,10000
BATL24025136-284,REX-4098,PHX,2024-02-14,10000
BDAL25064694-285,REX-4098,ATL,2025-06-15,10000
BPHX23119659-286,REX-4098,ATL,2023-11-28,10000
BCHI23061397-287,REX-4098,CLE,2023-06-26,10000
BCLE24023302-288,REX-4098,CLE,2024-02-21,10000
BPHX25019955-289,REX-4098,CLE,2025-01-06,10000
BATL24119653-290,REX-4098,PHX,2024-11-28,10000
BATL24018761-291,REX-4098,CHI,2024-01-25,10000
BDAL24123258-292,REX-4098,CLE,2024-12-22,10000
BPHX25067162-293,REX-4098,CLE,2025-06-17,10000
BATL23069474-294,REX-4098,DAL,2023-06-10,10000
BCLE23079170-295,REX-4098,ATL,2023-07-26,10000
BCHI23049856-296,REX-4098,DAL,2023-04-16,10000
BATL23025749-297,REX-4098,DAL,2023-02-16,10000
BDAL25032113-298,REX-4098,ATL,2025-03-10,10000
BCLE24089755-299,REX-4098,CHI,2024-08-12,10000
BCHI24059192-300,REX-4098,DAL,2024-05-09,10000
BCHI25031928-301,REX-4098,CHI,2025-03-28,10000
BCHI23088716-302,REX-4098,DAL,2023-08-16,10000
BCLE23036538-303,REX-4098,PHX,2023-03-03,10000
BATL24066481-304,REX-4098,CLE,2024-06-18,10000
BATL23109963-305,REX-4098,DAL,2023-10-13,10000
BATL23059086-306,REX-4098,CLE,2023-05-08,10000
BDAL23032159-307,REX-4098,PHX,2023-03-14,10000
BCHI23068844-308,REX-4098,ATL,2023-06-15,10000
BCLE24072704-309,REX-4098,CLE,2024-07-08,10000
BCHI25104690-310,REX-4098,DAL,2025-10-14,10000
BPHX25065971-311,REX-4098,ATL,2025-06-02,10000
BCLE23021431-312,REX-4098,ATL,2023-02-13,10000
BCLE25028899-313,REX-4098,CLE,2025-02-15,10000
BPHX25033051-314,REX-4098,PHX,2025-03-03,10000
BCHI25053257-315,REX-4098,CLE,2025-05-24,10000
BCLE25067024-316,REX-4098,DAL,2025-06-15,10000
BDAL24028152-317,REX-4098,CLE,2024-02-01,10000
BATL24052507-318,REX-4098,CHI,2024-05-02,10000
BATL23017767-319,REX-4098,CHI,2023-01-21,10000
BCLE23045094-320,REX-4098,CLE,2023-04-04,10000
BCLE23063076-321,REX-4098,PHX,2023-06-06,10000
BDAL24011716-322,REX-4098,DAL,2024-01-05,10000
BCHI24125001-323,REX-4098,DAL,2024-12-17,10000
BCHI23097517-324,REX-4098,PHX,2023-09-23,10000
BCLE23092251-325,REX-4098,DAL,2023-09-08,10000
BPHX24026848-326,REX-4098,ATL,2024-02-26,10000
BDAL25067011-327,REX-4098,CHI,2025-06-27,10000
BATL24089631-328,REX-4098,DAL,2024-08-22,10000
BCHI24109248-329,REX-4098,CLE,2024-10-15,10000
BDAL23047731-330,REX-4098,CHI,2023-04-21,10000
BDAL25092285-331,REX-4098,ATL,2025-09-22,10000
BCHI23104777-332,REX-4098,DAL,2023-10-08,10000
BCLE24037101-333,REX-4098,ATL,2024-03-07,10000
BATL23038213-334,REX-4098,PHX,2023-03-15,10000
BCLE23089174-335,REX-4098,CLE,2023-08-22,10000
BDAL24077294-336,REX-4098,DAL,2024-07-07,10000
BCLE23065572-337,REX-4098,CHI,2023-06-23,10000
BPHX25021308-338,REX-4098,PHX,2025-02-25,10000
BPHX25021727-339,REX-4098,ATL,2025-02-26,10000
BPHX24024021-340,REX-4098,PHX,2024-02-26,10000
BDAL23041512-341,REX-4098,CHI,2023-04-18,10000
BCLE24126508-342,REX-4098,DAL,2024-12-13,10000
BCLE24036586-343,REX-4098,CHI,2024-03-19,10000
BPHX25061935-344,REX-4098,CLE,2025-06-07,10000
BDAL25039761-345,REX-4098,PHX,2025-03-05,10000
BCHI25059501-346,REX-4098,DAL,2025-05-18,10000
BPHX23118656-347,REX-4098,ATL,2023-11-29,10000
BCLE23095598-348,REX-4098,DAL,2023-09-28,10000
BATL23069893-349,REX-4098,DAL,2023-06-25,10000
BCHI24117465-350,REX-4098,CLE,2024-11-22,10000
BDAL24075403-351,REX-4098,DAL,2024-07-15,10000
BCLE23016028-352,REX-4098,CHI,2023-01-26,10000
BDAL24103929-353,REX-4098,PHX,2024-10-19,10000
BCLE25088207-354,REX-4098,CLE,2025-08-05,10000
BCLE25086877-355,REX-4098,PHX,2025-08-13,10000
BPHX24031959-356,REX-4098,CHI,2024-03-22,10000
BDAL23066145-357,REX-4098,CLE,2023-06-12,10000
BATL25065227-358,REX-4098,DAL,2025-06-21,10000
BPHX24063084-359,REX-4098,ATL,2024-06-15,10000
BATL23121812-360,REX-4098,ATL,2023-12-24,10000
BCLE23084018-361,REX-4098,CHI,2023-08-23,10000
BCHI25066199-362,REX-4098,CLE,2025-06-20,10000
BCLE24045244-363,REX-4098,DAL,2024-04-11,10000
BDAL23029854-364,REX-4098,CLE,2023-02-03,10000
BDAL24042788-365,REX-4098,CLE,2024-04-25,10000
BPHX25112854-366,REX-4098,CHI,2025-11-04,10000
BATL23064343-367,REX-4098,DAL,2023-06-08,10000
BPHX25012169-368,REX-4098,PHX,2025-01-30,10000
BATL24081404-369,REX-4098,DAL,2024-08-02,10000
BDAL25017686-370,REX-4098,DAL,2025-01-07,10000
BDAL25081510-371,REX-4098,ATL,2025-08-21,10000
BCLE25015765-372,REX-4098,ATL,2025-01-24,10000
BCLE23024464-373,REX-4098,DAL,2023-02-22,10000
BCHI25116636-000,REX-4105,ATL,2025-11-12,10000
BCHI25021534-001,REX-4105,ATL,2025-02-14,10000
BCLE25022266-002,REX-4105,ATL,2025-02-19,10000
BCHI25109982-003,REX-4105,PHX,2025-10-28,10000
BCHI23091842-004,REX-4105,CHI,2023-09-06,10000
BCHI25089525-005,REX-4105,PHX,2025-08-25,10000
BDAL24104195-006,REX-4105,CHI,2024-10-11,10000
BATL24086385-007,REX-4105,ATL,2024-08-23,10000
BATL25018468-008,REX-4105,DAL,2025-01-11,10000
BATL23088291-009,REX-4105,PHX,2023-08-25,10000
BCLE25016766-010,REX-4105,CHI,2025-01-11,10000
BCLE25116935-011,REX-4105,PHX,2025-11-01,10000
BPHX24047862-012,REX-4105,ATL,2024-04-16,10000
BCHI23095013-013,REX-4105,PHX,2023-09-14,10000
BCHI23105264-014,REX-4105,DAL,2023-10-10,10000
BDAL24112932-015,REX-4105,CLE,2024-11-30,10000
BPHX25049274-016,REX-4105,ATL,2025-04-16,10000
BATL25103947-017,REX-4105,PHX,2025-10-09,10000
BATL23022979-018,REX-4105,PHX,2023-02-01,10000
BCHI24068698-019,REX-4105,CLE,2024-06-23,10000
BCLE23098068-020,REX-4105,CLE,2023-09-16,10000
BCLE23123168-021,REX-4105,CHI,2023-12-08,10000
BPHX25036805-022,REX-4105,ATL,2025-03-05,10000
BCHI25044955-023,REX-4105,DAL,2025-04-03,10000
BDAL23096515-024,REX-4105,CHI,2023-09-01,10000
BCLE23082208-025,REX-4105,DAL,2023-08-09,10000
BPHX25078368-026,REX-4105,PHX,2025-07-08,10000
BPHX24083205-027,REX-4105,ATL,2024-08-15,10000
BCLE25113494-028,REX-4105,CLE,2025-11-09,10000
BPHX25017215-029,REX-4105,DAL,2025-01-27,10000
BATL25069334-030,REX-4105,CHI,2025-06-17,10000
BCLE24074805-031,REX-4105,DAL,2024-07-26,10000
BDAL25101791-032,REX-4105,CHI,2025-10-07,10000
BCHI25119326-033,REX-4105,PHX,2025-11-26,10000
BDAL24087292-034,REX-4105,DAL,2024-08-07,10000
BATL24011687-035,REX-4105,ATL,2024-01-01,10000
BCHI25055558-036,REX-4105,CHI,2025-05-31,10000
BCLE24106690-037,REX-4105,DAL,2024-10-05,10000
BCLE23125716-038,REX-4105,DAL,2023-12-06,10000
BPHX25094664-039,REX-4105,ATL,2025-09-23,10000
BDAL24082738-040,REX-4105,ATL,2024-08-13,10000
BATL24072572-041,REX-4105,ATL,2024-07-24,10000
BATL25111448-042,REX-4105,CHI,2025-11-07,10000
BCHI23039813-043,REX-4105,ATL,2023-03-23,10000
BPHX23011422-044,REX-4105,DAL,2023-01-14,10000
BDAL24027987-045,REX-4105,PHX,2024-02-21,10000
BPHX23095832-046,REX-4105,CLE,2023-09-16,10000
BPHX23098082-047,REX-4105,PHX,2023-09-03,10000
BCLE24063241-048,REX-4105,DAL,2024-06-22,10000
BDAL23082295-049,REX-4105,ATL,2023-08-27,10000
BDAL23063567-050,REX-4105,CHI,2023-06-02,10000
BDAL24118429-051,REX-4105,CHI,2024-11-17,10000
BDAL23061628-052,REX-4105,PHX,2023-06-01,10000
BCHI23076202-053,REX-4105,ATL,2023-07-25,10000
BCLE23035029-054,REX-4105,ATL,2023-03-14,10000
BATL25024205-055,REX-4105,DAL,2025-02-09,10000
BATL25088938-056,REX-4105,ATL,2025-08-20,10000
BDAL25103159-057,REX-4105,ATL,2025-10-14,10000
BCHI23074509-058,REX-4105,CLE,2023-07-01,10000
BCLE25069039-059,REX-4105,CHI,2025-06-08,10000
BATL24031635-060,REX-4105,PHX,2024-03-03,10000
BCHI24067230-061,REX-4105,CHI,2024-06-22,10000
BDAL24048933-062,REX-4105,CHI,2024-04-25,10000
BDAL24014799-063,REX-4105,DAL,2024-01-04,10000
BPHX25097425-064,REX-4105,CHI,2025-09-20,10000
BCHI25018880-065,REX-4105,DAL,2025-01-01,10000
BATL23072841-066,REX-4105,DAL,2023-07-17,10000
BPHX25056331-067,REX-4105,ATL,2025-05-09,10000
BCLE25053886-068,REX-4105,PHX,2025-05-20,10000
BCLE24106694-069,REX-4105,PHX,2024-10-15,10000
BPHX23099014-070,REX-4105,CHI,2023-09-20,10000
BATL25041474-071,REX-4105,DAL,2025-04-23,10000
BCHI24074524-072,REX-4105,PHX,2024-07-02,10000
BCHI23056295-073,REX-4105,DAL,2023-05-05,10000
BPHX24107412-074,REX-4105,PHX,2024-10-12,10000
BPHX25055271-075,REX-4105,CLE,2025-05-20,10000
BPHX24074587-076,REX-4105,DAL,2024-07-03,10000
BDAL23048334-077,REX-4105,PHX,2023-04-04,10000
BCHI24033728-078,REX-4105,CHI,2024-03-29,10000
BCLE24026401-079,REX-4105,ATL,2024-02-27,10000
BCLE23027212-080,REX-4105,CLE,2023-02-10,10000
BDAL24112039-081,REX-4105,CLE,2024-11-13,10000
BATL25116932-082,REX-4105,CHI,2025-11-28,10000
BATL24029776-083,REX-4105,PHX,2024-02-11,10000
BDAL24043644-084,REX-4105,DAL,2024-04-14,10000
BPHX24114532-085,REX-4105,CHI,2024-11-09,10000
BCLE24051591-086,REX-4105,CLE,2024-05-24,10000
BCHI23077519-087,REX-4105,PHX,2023-07-29,10000
BATL23035638-088,REX-4105,DAL,2023-03-28,10000
BATL23025051-089,REX-4105,CLE,2023-02-19,10000
BCLE24077190-090,REX-4105,PHX,2024-07-11,10000
BDAL23092391-091,REX-4105,CLE,2023-09-26,10000
BCHI23067805-092,REX-4105,CLE,2023-06-01,10000
BCHI23013487-093,REX-4105,CLE,2023-01-31,10000
BATL25036114-094,REX-4105,DAL,2025-03-12,10000
BCHI25051383-095,REX-4105,DAL,2025-05-20,10000
BPHX24074320-096,REX-4105,CLE,2024-07-15,10000
BCHI24068723-097,REX-4105,PHX,2024-06-25,10000
BPHX24082524-098,REX-4105,ATL,2024-08-19,10000
BCHI25045563-099,REX-4105,PHX,2025-04-12,10000
BCHI24089300-100,REX-4105,ATL,2024-08-05,10000
BCLE25029143-101,REX-4105,PHX,2025-02-22,10000
BCHI25022774-102,REX-4105,PHX,2025-02-02,10000
BCHI24041407-103,REX-4105,PHX,2024-04-03,10000
BPHX24047059-104,REX-4105,PHX,2024-04-20,10000
BDAL23086446-105,REX-4105,ATL,2023-08-12,10000
BCLE23063773-106,REX-4105,ATL,2023-06-21,10000
BCHI25095095-107,REX-4105,CLE,2025-09-30,10000
BPHX23108758-108,REX-4105,CHI,2023-10-17,10000
BCLE24049084-109,REX-4105,DAL,2024-04-21,10000
BDAL25046535-110,REX-4105,ATL,2025-04-23,10000
BDAL23037660-111,REX-4105,CLE,2023-03-16,10000
BATL24079007-112,REX-4105,CHI,2024-07-03,10000
BDAL25104862-113,REX-4105,DAL,2025-10-20,10000
BPHX25089428-114,REX-4105,CHI,2025-08-02,10000
BCLE23067974-115,REX-4105,CLE,2023-06-16,10000
BATL25021223-116,REX-4105,ATL,2025-02-08,10000
BCLE25113722-117,REX-4105,ATL,2025-11-30,10000
BCLE25061639-118,REX-4105,PHX,2025-06-15,10000
BATL25109594-119,REX-4105,PHX,2025-10-11,10000
BCHI23107850-120,REX-4105,PHX,2023-10-14,10000
BDAL23012926-121,REX-4105,PHX,2023-01-19,10000
BDAL24089560-122,REX-4105,DAL,2024-08-25,10000
BCHI25013718-123,REX-4105,ATL,2025-01-31,10000
BCHI24084349-124,REX-4105,CHI,2024-08-17,10000
BCHI25015116-125,REX-4105,PHX,2025-01-30,10000
BATL25086409-126,REX-4105,ATL,2025-08-05,10000
BCHI23128763-127,REX-4105,CLE,2023-12-03,10000
BPHX24103936-128,REX-4105,ATL,2024-10-12,10000
BCLE25081091-129,REX-4105,DAL,2025-08-21,10000
BATL24012537-130,REX-4105,CHI,2024-01-20,10000
BDAL25072551-131,REX-4105,CLE,2025-07-28,10000
BCHI25083563-132,REX-4105,CLE,2025-08-17,10000
BCHI24124703-133,REX-4105,DAL,2024-12-18,10000
BATL23015498-134,REX-4105,DAL,2023-01-29,10000
BCHI25056009-135,REX-4105,DAL,2025-05-22,10000
BDAL25049864-136,REX-4105,ATL,2025-04-05,10000
BCHI23063497-137,REX-4105,CLE,2023-06-08,10000
BDAL24033921-138,REX-4105,DAL,2024-03-19,10000
BATL23079557-139,REX-4105,CHI,2023-07-29,10000
BDAL25025542-140,REX-4105,CHI,2025-02-23,10000
BATL25083754-141,REX-4105,CLE,2025-08-27,10000
BATL24042496-142,REX-4105,CHI,2024-04-19,10000
BATL23103700-143,REX-4105,PHX,2023-10-28,10000
BDAL23012274-144,REX-4105,CLE,2023-01-01,10000
BCHI23108203-145,REX-4105,PHX,2023-10-08,10000
BDAL25085957-146,REX-4105,CHI,2025-08-24,10000
BATL23087442-147,REX-4105,PHX,2023-08-29,10000
BPHX25026816-148,REX-4105,DAL,2025-02-28,10000
BCHI24102281-149,REX-4105,CHI,2024-10-11,10000
BATL24035550-150,REX-4105,ATL,2024-03-14,10000
BCHI25068235-151,REX-4105,PHX,2025-06-14,10000
BCLE24058133-152,REX-4105,DAL,2024-05-28,10000
BCLE23126991-153,REX-4105,PHX,2023-12-31,10000
BPHX24124502-154,REX-4105,CHI,2024-12-09,10000
BPHX24017130-155,REX-4105,ATL,2024-01-27,10000
BATL23018243-156,REX-4105,DAL,2023-01-22,10000
BCLE24026085-157,REX-4105,DAL,2024-02-04,10000
BDAL23075157-158,REX-4105,CHI,2023-07-12,10000
BCHI23015473-159,REX-4105,CLE,2023-01-27,10000
BPHX24077525-160,REX-4105,CLE,2024-07-17,10000
BDAL24061937-161,REX-4105,CHI,2024-06-02,10000
BPHX23038446-162,REX-4105,PHX,2023-03-04,10000
BPHX23129938-163,REX-4105,CLE,2023-12-22,10000
BDAL23031472-164,REX-4105,CHI,2023-03-20,10000
BATL23113156-165,REX-4105,CLE,2023-11-10,10000
BCLE25051918-166,REX-4105,PHX,2025-05-09,10000
BDAL23052597-167,REX-4105,CHI,2023-05-08,10000
BATL24071273-168,REX-4105,DAL,2024-07-22,10000
BATL24107000-169,REX-4105,CHI,2024-10-10,10000
BPHX23017821-170,REX-4105,CLE,2023-01-30,10000
BATL23059216-171,REX-4105,ATL,2023-05-14,10000
BCLE24063827-172,REX-4105,PHX,2024-06-30,10000
BDAL23044255-173,REX-4105,CHI,2023-04-02,10000
BATL25041052-174,REX-4105,DAL,2025-04-18,10000
BCHI24076745-175,REX-4105,CLE,2024-07-14,10000
BPHX24112410-176,REX-4105,CHI,2024-11-30,10000
BCLE25082904-177,REX-4105,CLE,2025-08-06,10000
BCLE24014041-178,REX-4105,DAL,2024-01-09,10000
BATL23021171-179,REX-4105,ATL,2023-02-11,10000
BPHX25022331-180,REX-4105,ATL,2025-02-06,10000
BATL24093174-181,REX-4105,DAL,2024-09-22,10000
BPHX23045703-182,REX-4105,ATL,2023-04-20,10000
BATL24076169-183,REX-4105,PHX,2024-07-25,10000
BATL24045469-184,REX-4105,ATL,2024-04-07,10000
BDAL23125249-185,REX-4105,PHX,2023-12-29,10000
BCLE24069026-186,REX-4105,DAL,2024-06-25,10000
BDAL25019569-187,REX-4105,PHX,2025-01-14,10000
BCLE23127318-188,REX-4105,ATL,2023-12-16,10000
BPHX24036683-189,REX-4105,DAL,2024-03-07,10000
BDAL24029253-190,REX-4105,CHI,2024-02-29,10000
BCLE24079409-191,REX-4105,ATL,2024-07-04,10000
BATL24068662-192,REX-4105,DAL,2024-06-12,10000
BCLE23039471-193,REX-4105,ATL,2023-03-06,10000
BATL25088655-194,REX-4105,CHI,2025-08-31,10000
BDAL24107191-195,REX-4105,CHI,2024-10-23,10000
BDAL23032713-196,REX-4105,DAL,2023-03-11,10000
BATL23017904-197,REX-4105,PHX,2023-01-17,10000
BDAL24112641-198,REX-4105,ATL,2024-11-16,10000
BDAL25013666-199,REX-4105,PHX,2025-01-03,10000
BCLE24018192-200,REX-4105,CHI,2024-01-17,10000
BCHI25078126-201,REX-4105,PHX,2025-07-23,10000
BATL25085138-202,REX-4105,DAL,2025-08-27,10000
BPHX24117572-203,REX-4105,DAL,2024-11-22,10000
BATL23039306-204,REX-4105,CLE,2023-03-24,10000
BPHX25055413-205,REX-4105,CHI,2025-05-12,10000
BCHI25031467-206,REX-4105,ATL,2025-03-31,10000
BATL25115924-207,REX-4105,CHI,2025-11-14,10000
BCHI24023286-208,REX-4105,ATL,2024-02-11,10000
BCLE24112481-209,REX-4105,DAL,2024-11-13,10000
BDAL23108515-210,REX-4105,PHX,2023-10-17,10000
BPHX23121013-211,REX-4105,ATL,2023-12-05,10000
BATL24025936-212,REX-4105,DAL,2024-02-15,10000
BATL23064869-213,REX-4105,ATL,2023-06-14,10000
BCLE25065009-214,REX-4105,ATL,2025-06-13,10000
BCLE25028820-215,REX-4105,ATL,2025-02-05,10000
BCLE24128713-216,REX-4105,CHI,2024-12-06,10000
BATL25038738-217,REX-4105,PHX,2025-03-18,10000
BATL25082569-218,REX-4105,PHX,2025-08-07,10000
BDAL23093187-219,REX-4105,PHX,2023-09-21,10000
BDAL24107956-220,REX-4105,CHI,2024-10-31,10000
BCHI25032174-221,REX-4105,DAL,2025-03-17,10000
BCHI25091440-222,REX-4105,ATL,2025-09-27,10000
BATL23127047-223,REX-4105,DAL,2023-12-31,10000
BCHI24111026-224,REX-4105,CHI,2024-11-27,10000
BCLE25034769-225,REX-4105,ATL,2025-03-26,10000
BATL25101724-226,REX-4105,ATL,2025-10-20,10000
BPHX24092521-227,REX-4105,DAL,2024-09-10,10000
BATL25027974-228,REX-4105,ATL,2025-02-25,10000
BDAL24087337-229,REX-4105,PHX,2024-08-06,10000
BDAL23037909-230,REX-4105,ATL,2023-03-13,10000
BPHX23129476-231,REX-4105,CLE,2023-12-01,10000
BCLE25086673-232,REX-4105,CLE,2025-08-10,10000
BCLE25043635-233,REX-4105,DAL,2025-04-08,10000
BCHI23099306-234,REX-4105,PHX,2023-09-21,10000
BCLE25078964-235,REX-4105,PHX,2025-07-20,10000
BCLE25055963-236,REX-4105,PHX,2025-05-15,10000
BCLE24068377-237,REX-4105,CHI,2024-06-13,10000
BPHX25026489-238,REX-4105,CHI,2025-02-02,10000
BCLE25013930-239,REX-4105,PHX,2025-01-17,10000
BCLE25023463-240,REX-4105,CLE,2025-02-24,10000
BCHI24115224-241,REX-4105,ATL,2024-11-21,10000
BCHI25118454-242,REX-4105,PHX,2025-11-20,10000
BPHX23045615-243,REX-4105,CLE,2023-04-10,10000
BPHX23098540-244,REX-4105,DAL,2023-09-06,10000
BCHI23047050-245,REX-4105,DAL,2023-04-13,10000
BDAL25055852-246,REX-4105,CLE,2025-05-21,10000
BATL24075804-247,REX-4105,DAL,2024-07-01,10000
BCLE25058319-248,REX-4105,DAL,2025-05-04,10000
BCLE24092829-249,REX-4105,DAL,2024-09-01,10000
BCHI23037491-250,REX-4105,ATL,2023-03-16,10000
BCLE23129765-251,REX-4105,CLE,2023-12-25,10000
BATL23099084-252,REX-4105,PHX,2023-09-16,10000
BDAL24078504-253,REX-4105,CHI,2024-07-16,10000
BCHI24058510-254,REX-4105,CLE,2024-05-14,10000
BDAL23067107-255,REX-4105,CLE,2023-06-06,10000
BCHI23102656-256,REX-4105,PHX,2023-10-28,10000
BCLE25116534-257,REX-4105,DAL,2025-11-15,10000
BPHX25051366-258,REX-4105,ATL,2025-05-15,10000
BCLE24068101-259,REX-4105,CLE,2024-06-10,10000
BCHI24015275-260,REX-4105,DAL,2024-01-28,10000
BCHI25114993-261,REX-4105,CLE,2025-11-18,10000
BCHI25028748-262,REX-4105,ATL,2025-02-05,10000
BDAL25064042-263,REX-4105,DAL,2025-06-13,10000
BCLE25107531-264,REX-4105,ATL,2025-10-24,10000
BDAL24081082-265,REX-4105,PHX,2024-08-06,10000
BCLE24027788-266,REX-4105,ATL,2024-02-29,10000
BDAL24078576-267,REX-4105,CHI,2024-07-16,10000
BCLE24104626-268,REX-4105,ATL,2024-10-13,10000
BDAL23024621-269,REX-4105,CLE,2023-02-07,10000
BCHI24088547-270,REX-4105,CHI,2024-08-12,10000
BCHI25056386-271,REX-4105,CHI,2025-05-11,10000
BPHX25031205-272,REX-4105,DAL,2025-03-07,10000
BDAL24116674-273,REX-4105,PHX,2024-11-28,10000
BPHX23119175-274,REX-4105,ATL,2023-11-07,10000
BPHX23125189-275,REX-4105,PHX,2023-12-15,10000
BCHI23032287-276,REX-4105,PHX,2023-03-08,10000
BCLE24124400-277,REX-4105,CHI,2024-12-08,10000
BDAL25015781-278,REX-4105,DAL,2025-01-26,10000
BPHX25071484-279,REX-4105,ATL,2025-07-13,10000
BCHI23126761-280,REX-4105,CHI,2023-12-08,10000
BPHX25061383-281,REX-4105,DAL,2025-06-02,10000
BATL25107148-282,REX-4105,CHI,2025-10-02,10000
BPHX23093023-283,REX-4105,CLE,2023-09-27,10000
BATL25034462-284,REX-4105,CLE,2025-03-21,10000
BATL24083606-285,REX-4105,PHX,2024-08-15,10000
BDAL25044567-286,REX-4105,PHX,2025-04-16,10000
BDAL24076950-287,REX-4105,CLE,2024-07-25,10000
BCHI24109775-288,REX-4105,CHI,2024-10-12,10000
BATL25037618-289,REX-4105,PHX,2025-03-14,10000
BDAL25088363-290,REX-4105,ATL,2025-08-08,10000
BPHX23125725-291,REX-4105,CLE,2023-12-30,10000
BPHX24113822-292,REX-4105,CLE,2024-11-15,10000
BCHI25027850-293,REX-4105,PHX,2025-02-24,10000
BATL25041475-294,REX-4105,CHI,2025-04-20,10000
BATL24049247-295,REX-4105,CLE,2024-04-04,10000
BCLE25046325-296,REX-4105,CHI,2025-04-17,10000
BATL24058731-297,REX-4105,CLE,2024-05-26,10000
BCLE25017378-298,REX-4105,CHI,2025-01-28,10000
BATL25113644-299,REX-4105,PHX,2025-11-13,10000
BATL25013870-300,REX-4105,PHX,2025-01-25,10000
BDAL24023173-301,REX-4105,DAL,2024-02-14,10000
BCLE23054391-302,REX-4105,CHI,2023-05-13,10000
BPHX25085014-303,REX-4105,CHI,2025-08-02,10000
BATL25063897-304,REX-4105,PHX,2025-06-27,10000
BCLE25106427-305,REX-4105,ATL,2025-10-21,10000
BPHX24052144-306,REX-4105,CLE,2024-05-16,10000
BPHX23039515-307,REX-4105,PHX,2023-03-08,10000
BCLE25027833-308,REX-4105,DAL,2025-02-28,10000
BCHI23099751-309,REX-4105,CLE,2023-09-05,10000
BPHX25061979-310,REX-4105,DAL,2025-06-17,10000
BCLE25036953-311,REX-4105,PHX,2025-03-26,10000
BPHX25118021-312,REX-4105,CLE,2025-11-13,10000
BATL23085300-313,REX-4105,CHI,2023-08-01,10000
BATL23087004-314,REX-4105,PHX,2023-08-17,10000
BATL24114982-315,REX-4105,PHX,2024-11-26,10000
BDAL24032591-316,REX-4105,DAL,2024-03-06,10000
BPHX23069053-317,REX-4105,ATL,2023-06-01,10000
BDAL24065838-318,REX-4105,PHX,2024-06-16,10000
BPHX24115225-319,REX-4105,CHI,2024-11-08,10000
BCHI24071585-320,REX-4105,ATL,2024-07-17,10000
BCHI23105725-321,REX-4105,CLE,2023-10-31,10000
BDAL24036942-322,REX-4105,DAL,2024-03-28,10000
BATL24095992-323,REX-4105,PHX,2024-09-20,10000
BDAL25063530-324,REX-4105,ATL,2025-06-19,10000
BCHI23105789-325,REX-4105,PHX,2023-10-28,10000
BATL24061458-326,REX-4105,ATL,2024-06-10,10000
BATL24091197-327,REX-4105,DAL,2024-09-12,10000
BCHI25019467-328,REX-4105,PHX,2025-01-15,10000
BCHI25093791-329,REX-4105,DAL,2025-09-03,10000
BCHI23119209-330,REX-4105,DAL,2023-11-16,10000
BPHX25028950-331,REX-4105,ATL,2025-02-05,10000
BATL25098929-332,REX-4105,PHX,2025-09-14,10000
BCLE23016609-333,REX-4105,ATL,2023-01-30,10000
BATL24094675-334,REX-4105,ATL,2024-09-25,10000
BCHI24072959-335,REX-4105,ATL,2024-07-23,10000
BPHX24128525-336,REX-4105,CHI,2024-12-31,10000
BCHI23014741-337,REX-4105,ATL,2023-01-25,10000
BCLE25017528-338,REX-4105,CLE,2025-01-14,10000
BCHI24112100-339,REX-4105,DAL,2024-11-05,10000
BCLE23068317-340,REX-4105,CHI,2023-06-12,10000
BATL24055195-341,REX-4105,ATL,2024-05-22,10000
BATL24058472-342,REX-4105,ATL,2024-05-16,10000
BCHI23035354-343,REX-4105,CHI,2023-03-24,10000
BCLE24074113-344,REX-4105,CLE,2024-07-22,10000
BCHI23095960-345,REX-4105,CLE,2023-09-29,10000
BATL24034996-346,REX-4105,CHI,2024-03-01,10000
BPHX25092610-347,REX-4105,CHI,2025-09-04,10000
BDAL23042196-348,REX-4105,ATL,2023-04-15,10000
BCLE25098240-349,REX-4105,CLE,2025-09-06,10000
BATL25092636-000,REX-4112,CHI,2025-09-01,10000
BCHI24038982-001,REX-4112,DAL,2024-03-16,10000
BCHI23018041-002,REX-4112,CLE,2023-01-20,10000
BATL25068475-003,REX-4112,CLE,2025-06-25,10000
BPHX24055435-004,REX-4112,PHX,2024-05-30,10000
BDAL23129311-005,REX-4112,PHX,2023-12-28,10000
BDAL25115909-006,REX-4112,DAL,2025-11-19,10000
BDAL24055510-007,REX-4112,CHI,2024-05-24,10000
BDAL25108209-008,REX-4112,CLE,2025-10-27,10000
BPHX24011106-009,REX-4112,DAL,2024-01-09,10000
BPHX25119122-010,REX-4112,ATL,2025-11-09,10000
BCLE24018078-011,REX-4112,DAL,2024-01-02,10000
BPHX23076610-012,REX-4112,CHI,2023-07-13,10000
BATL24012781-013,REX-4112,ATL,2024-01-10,10000
BDAL24039221-014,REX-4112,DAL,2024-03-12,10000
BCHI24108731-015,REX-4112,CLE,2024-10-17,10000
BCHI24094445-016,REX-4112,CHI,2024-09-06,10000
BDAL23113562-017,REX-4112,ATL,2023-11-13,10000
BATL25033587-018,REX-4112,CHI,2025-03-22,10000
BDAL23119461-019,REX-4112,PHX,2023-11-18,10000
BDAL25054747-020,REX-4112,DAL,2025-05-03,10000
BDAL25087075-021,REX-4112,ATL,2025-08-24,10000
BDAL24096798-022,REX-4112,DAL,2024-09-19,10000
BDAL25077968-023,REX-4112,CHI,2025-07-10,10000
BPHX25031092-024,REX-4112,PHX,2025-03-16,10000
BPHX23046793-025,REX-4112,ATL,2023-04-24,10000
BDAL25071319-026,REX-4112,ATL,2025-07-24,10000
BDAL24035829-027,REX-4112,DAL,2024-03-03,10000
BDAL23028004-028,REX-4112,PHX,2023-02-18,10000
BCHI24104267-029,REX-4112,ATL,2024-10-29,10000
BPHX25105488-030,REX-4112,CLE,2025-10-27,10000
BATL23063628-031,REX-4112,DAL,2023-06-02,10000
BCHI25098698-032,REX-4112,CLE,2025-09-09,10000
BPHX25035093-033,REX-4112,DAL,2025-03-09,10000
BCLE25022661-034,REX-4112,CLE,2025-02-07,10000
BDAL24129812-035,REX-4112,DAL,2024-12-02,10000
BDAL25062819-036,REX-4112,PHX,2025-06-16,10000
BCLE23106317-037,REX-4112,PHX,2023-10-03,10000
BATL23115896-038,REX-4112,CHI,2023-11-07,10000
BCHI24022441-039,REX-4112,PHX,2024-02-14,10000
BDAL24059955-040,REX-4112,DAL,2024-05-17,10000
BCLE24083301-041,REX-4112,CLE,2024-08-19,10000
BDAL24108304-042,REX-4112,ATL,2024-10-04,10000
BDAL24018673-043,REX-4112,ATL,2024-01-13,10000
BDAL25086456-044,REX-4112,ATL,2025-08-01,10000
BDAL24061379-045,REX-4112,ATL,2024-06-14,10000
BPHX23098001-046,REX-4112,PHX,2023-09-02,10000
BCLE25099657-047,REX-4112,CLE,2025-09-23,10000
BDAL25111265-048,REX-4112,CHI,2025-11-15,10000
BCLE25069261-049,REX-4112,DAL,2025-06-14,10000
BDAL25106468-050,REX-4112,CLE,2025-10-04,10000
BCHI23062509-051,REX-4112,CHI,2023-06-04,10000
BCHI23083592-052,REX-4112,CHI,2023-08-19,10000
BCHI23068675-053,REX-4112,CHI,2023-06-29,10000
BCLE24018060-054,REX-4112,DAL,2024-01-26,10000
BPHX25083493-055,REX-4112,DAL,2025-08-11,10000
BATL23056567-056,REX-4112,PHX,2023-05-30,10000
BCLE25067577-057,REX-4112,CHI,2025-06-04,10000
BCLE24087388-058,REX-4112,CLE,2024-08-24,10000
BATL23016281-059,REX-4112,PHX,2023-01-18,10000
BDAL23114651-060,REX-4112,CHI,2023-11-05,10000
BCHI24108499-061,REX-4112,ATL,2024-10-30,10000
BCHI24123500-062,REX-4112,ATL,2024-12-27,10000
BATL23106054-063,REX-4112,ATL,2023-10-31,10000
BCLE23079739-064,REX-4112,CHI,2023-07-26,10000
BATL23039848-065,REX-4112,DAL,2023-03-22,10000
BDAL23056166-066,REX-4112,ATL,2023-05-22,10000
BATL24035963-067,REX-4112,ATL,2024-03-03,10000
BDAL25054817-068,REX-4112,ATL,2025-05-18,10000
BCLE24123249-069,REX-4112,PHX,2024-12-28,10000
BPHX23091416-070,REX-4112,PHX,2023-09-10,10000
BPHX24031806-071,REX-4112,PHX,2024-03-03,10000
BPHX25064254-072,REX-4112,ATL,2025-06-17,10000
BCHI25023042-073,REX-4112,CLE,2025-02-18,10000
BCHI23129462-074,REX-4112,CLE,2023-12-25,10000
BATL23112971-075,REX-4112,PHX,2023-11-30,10000
BDAL25017801-076,REX-4112,ATL,2025-01-03,10000
BCLE24039305-077,REX-4112,DAL,2024-03-06,10000
BDAL25099335-078,REX-4112,CLE,2025-09-05,10000
BCLE25071118-079,REX-4112,PHX,2025-07-24,10000
BPHX25052639-080,REX-4112,DAL,2025-05-10,10000
BDAL25012069-081,REX-4112,PHX,2025-01-08,10000
BATL24092383-082,REX-4112,PHX,2024-09-07,10000
BCLE25085500-083,REX-4112,DAL,2025-08-23,10000
BATL23045079-084,REX-4112,ATL,2023-04-03,10000
BATL23019497-085,REX-4112,ATL,2023-01-19,10000
BPHX23101638-086,REX-4112,CLE,2023-10-15,10000
BDAL24037089-087,REX-4112,CHI,2024-03-05,10000
BATL25047868-088,REX-4112,ATL,2025-04-29,10000
BCHI23123480-089,REX-4112,ATL,2023-12-24,10000
BCLE25013660-090,REX-4112,CLE,2025-01-17,10000
BATL25106014-091,REX-4112,PHX,2025-10-15,10000
BDAL25026260-092,REX-4112,CLE,2025-02-03,10000
BDAL23021466-093,REX-4112,PHX,2023-02-22,10000
BATL23037679-094,REX-4112,CLE,2023-03-12,10000
BCHI25029604-095,REX-4112,ATL,2025-02-11,10000
BCLE23111244-096,REX-4112,DAL,2023-11-20,10000
BCLE24047879-097,REX-4112,CLE,2024-04-01,10000
BPHX23088609-098,REX-4112,PHX,2023-08-19,10000
BATL25061011-099,REX-4112,DAL,2025-06-20,10000
BPHX25095208-100,REX-4112,ATL,2025-09-02,10000
BCHI24106989-101,REX-4112,CHI,2024-10-23,10000
BPHX23079074-102,REX-4112,CHI,2023-07-17,10000
BATL24024593-103,REX-4112,CHI,2024-02-06,10000
BATL23094695-104,REX-4112,CLE,2023-09-23,10000
BPHX23075625-105,REX-4112,CHI,2023-07-14,10000
BATL23084706-106,REX-4112,DAL,2023-08-04,10000
BDAL24016384-107,REX-4112,PHX,2024-01-14,10000
BCHI25115370-108,REX-4112,ATL,2025-11-30,10000
BPHX24117140-109,REX-4112,ATL,2024-11-02,10000
BPHX23031786-110,REX-4112,ATL,2023-03-12,10000
BCLE24013342-111,REX-4112,CLE,2024-01-09,10000
BATL24057500-112,REX-4112,DAL,2024-05-02,10000
BCHI23018877-113,REX-4112,PHX,2023-01-24,10000
BATL24127646-114,REX-4112,PHX,2024-12-05,10000
BPHX24035305-115,REX-4112,CHI,2024-03-15,10000
BCLE25065576-116,REX-4112,CHI,2025-06-19,10000
BDAL24114052-117,REX-4112,DAL,2024-11-21,10000
BPHX24119993-118,REX-4112,PHX,2024-11-29,10000
BDAL23079504-119,REX-4112,DAL,2023-07-17,10000
BDAL23057988-120,REX-4112,CLE,2023-05-10,10000
BCLE23094721-121,REX-4112,PHX,2023-09-16,10000
BCLE23085844-122,REX-4112,ATL,2023-08-16,10000
BDAL24128414-123,REX-4112,PHX,2024-12-12,10000
BCHI23063991-124,REX-4112,PHX,2023-06-19,10000
BATL25113321-125,REX-4112,ATL,2025-11-12,10000
BATL23026798-126,REX-4112,CHI,2023-02-04,10000
BCHI23119692-127,REX-4112,CHI,2023-11-07,10000
BCHI23046941-128,REX-4112,CHI,2023-04-07,10000
BCHI24043732-129,REX-4112,DAL,2024-04-16,10000
BCLE23113713-130,REX-4112,CHI,2023-11-22,10000
BATL24049860-131,REX-4112,CHI,2024-04-08,10000
BATL25055561-132,REX-4112,CLE,2025-05-18,10000
BDAL25037386-133,REX-4112,CHI,2025-03-31,10000
BPHX25058667-134,REX-4112,DAL,2025-05-12,10000
BDAL23101005-135,REX-4112,CLE,2023-10-06,10000
BCHI24056105-136,REX-4112,ATL,2024-05-29,10000
BCLE23057723-137,REX-4112,ATL,2023-05-17,10000
BPHX23103625-138,REX-4112,ATL,2023-10-22,10000
BATL25037865-139,REX-4112,PHX,2025-03-12,10000
BATL24026741-140,REX-4112,CLE,2024-02-01,10000
BDAL24043300-141,REX-4112,PHX,2024-04-08,10000
BCHI23093487-142,REX-4112,ATL,2023-09-10,10000
BATL25065513-143,REX-4112,DAL,2025-06-27,10000
BCLE23019529-144,REX-4112,DAL,2023-01-23,10000
BCHI23078718-145,REX-4112,ATL,2023-07-30,10000
BDAL25063045-146,REX-4112,CHI,2025-06-16,10000
BATL25072153-147,REX-4112,DAL,2025-07-19,10000
BCLE24077250-148,REX-4112,DAL,2024-07-11,10000
BPHX23087978-149,REX-4112,CHI,2023-08-20,10000
BPHX23125769-150,REX-4112,ATL,2023-12-11,10000
BCLE23076940-151,REX-4112,ATL,2023-07-31,10000
BPHX25107908-152,REX-4112,CLE,2025-10-09,10000
BDAL23085519-153,REX-4112,DAL,2023-08-04,10000
BDAL25117875-154,REX-4112,DAL,2025-11-06,10000
BCLE24121211-155,REX-4112,CLE,2024-12-31,10000
BATL25099109-156,REX-4112,ATL,2025-09-21,10000
BDAL25062703-157,REX-4112,PHX,2025-06-07,10000
BCHI25029502-158,REX-4112,PHX,2025-02-08,10000
BCHI23032766-159,REX-4112,CHI,2023-03-28,10000
BCHI23072555-160,REX-4112,CLE,2023-07-21,10000
BDAL24057911-161,REX-4112,PHX,2024-05-03,10000
BDAL23038212-162,REX-4112,PHX,2023-03-23,10000
BPHX23038074-163,REX-4112,CLE,2023-03-18,10000
BCHI24033961-164,REX-4112,CLE,2024-03-18,10000
BCLE24115788-165,REX-4112,PHX,2024-11-04,10000
BPHX23025153-166,REX-4112,DAL,2023-02-28,10000
BDAL24125074-167,REX-4112,DAL,2024-12-05,10000
BCLE25076316-168,REX-4112,PHX,2025-07-02,10000
BATL24064430-169,REX-4112,CHI,2024-06-22,10000
BPHX24106710-170,REX-4112,ATL,2024-10-21,10000
BCLE25106468-171,REX-4112,DAL,2025-10-20,10000
BDAL24046010-172,REX-4112,CLE,2024-04-11,10000
BPHX23076126-173,REX-4112,CHI,2023-07-05,10000
BATL25107270-174,REX-4112,ATL,2025-10-15,10000
BPHX24066744-175,REX-4112,DAL,2024-06-26,10000
BDAL25063608-176,REX-4112,ATL,2025-06-15,10000
BCLE24102826-177,REX-4112,ATL,2024-10-23,10000
BCHI24095853-178,REX-4112,CHI,2024-09-27,10000
BPHX23122244-179,REX-4112,ATL,2023-12-31,10000
BCLE23077629-180,REX-4112,DAL,2023-07-11,10000
BDAL23109729-181,REX-4112,DAL,2023-10-26,10000
BATL25037311-182,REX-4112,CLE,2025-03-23,10000
BCHI24082346-183,REX-4112,DAL,2024-08-24,10000
BPHX24041668-184,REX-4112,ATL,2024-04-05,10000
BDAL23111431-185,REX-4112,PHX,2023-11-14,10000
BATL24045019-186,REX-4112,ATL,2024-04-04,10000
BATL25063381-187,REX-4112,CLE,2025-06-20,10000
BATL24081340-188,REX-4112,CHI,2024-08-30,10000
BPHX25097791-189,REX-4112,CHI,2025-09-16,10000
BPHX24014048-190,REX-4112,CHI,2024-01-29,10000
BCHI25037342-191,REX-4112,DAL,2025-03-29,10000
BDAL25018066-192,REX-4112,DAL,2025-01-15,10000
BATL25016245-193,REX-4112,CHI,2025-01-16,10000
BCLE25013203-194,REX-4112,DAL,2025-01-01,10000
BCHI24053109-195,REX-4112,CLE,2024-05-20,10000
BPHX25119771-196,REX-4112,DAL,2025-11-05,10000
BCHI23084732-197,REX-4112,DAL,2023-08-03,10000
BPHX24045409-198,REX-4112,CHI,2024-04-03,10000
BPHX23048174-199,REX-4112,PHX,2023-04-19,10000
BCLE25063807-200,REX-4112,CLE,2025-06-12,10000
BCHI25071942-201,REX-4112,DAL,2025-07-07,10000
BATL25092044-202,REX-4112,DAL,2025-09-03,10000
BDAL23055128-203,REX-4112,CLE,2023-05-14,10000
BPHX25103184-204,REX-4112,PHX,2025-10-02,10000
BPHX24036076-205,REX-4112,CHI,2024-03-16,10000
BDAL24094810-206,REX-4112,CHI,2024-09-15,10000
BPHX25113363-207,REX-4112,CHI,2025-11-06,10000
BCLE24101867-208,REX-4112,DAL,2024-10-06,10000
BCLE23092042-209,REX-4112,CHI,2023-09-03,10000
BATL25044188-210,REX-4112,ATL,2025-04-27,10000
BATL24011483-211,REX-4112,PHX,2024-01-03,10000
BDAL23092459-212,REX-4112,CLE,2023-09-02,10000
BCHI25047347-213,REX-4112,PHX,2025-04-06,10000
BPHX25023269-214,REX-4112,DAL,2025-02-19,10000
BCLE24016098-215,REX-4112,DAL,2024-01-10,10000
BPHX23125128-216,REX-4112,PHX,2023-12-30,10000
BATL23075268-217,REX-4112,PHX,2023-07-05,10000
BATL24026754-218,REX-4112,CLE,2024-02-15,10000
BPHX24112540-219,REX-4112,CHI,2024-11-26,10000
BCLE24061997-220,REX-4112,CHI,2024-06-11,10000
BDAL23052564-221,REX-4112,ATL,2023-05-02,10000
BCHI23011206-222,REX-4112,CLE,2023-01-04,10000
BPHX24106017-223,REX-4112,CLE,2024-10-31,10000
BCLE25023824-224,REX-4112,ATL,2025-02-06,10000
BATL25109768-225,REX-4112,ATL,2025-10-17,10000
BCLE24123534-226,REX-4112,CHI,2024-12-08,10000
BCHI25023898-227,REX-4112,PHX,2025-02-05,10000
BCHI23123438-228,REX-4112,PHX,2023-12-30,10000
BCHI23031635-229,REX-4112,CHI,2023-03-04,10000
BDAL23095774-230,REX-4112,CLE,2023-09-04,10000
BATL24129494-231,REX-4112,ATL,2024-12-15,10000
BPHX23074164-232,REX-4112,CHI,2023-07-24,10000
BCHI23116527-233,REX-4112,PHX,2023-11-14,10000
BPHX25032906-234,REX-4112,CHI,2025-03-07,10000
BDAL23055034-235,REX-4112,DAL,2023-05-15,10000
BATL23109040-236,REX-4112,ATL,2023-10-17,10000
BCLE25046870-237,REX-4112,CLE,2025-04-07,10000
BCHI25092618-238,REX-4112,CHI,2025-09-10,10000
BDAL23079639-239,REX-4112,CHI,2023-07-06,10000
BCHI25034292-240,REX-4112,DAL,2025-03-18,10000
BATL24108338-241,REX-4112,ATL,2024-10-18,10000
BPHX24087623-242,REX-4112,PHX,2024-08-22,10000
BCLE25029035-243,REX-4112,CLE,2025-02-11,10000
BCLE25106267-244,REX-4112,CHI,2025-10-03,10000
BCHI25097370-245,REX-4112,DAL,2025-09-18,10000
BDAL25101903-246,REX-4112,CHI,2025-10-16,10000
BATL23032461-247,REX-4112,DAL,2023-03-27,10000
BDAL23121785-248,REX-4112,CHI,2023-12-22,10000
BCLE23025963-249,REX-4112,PHX,2023-02-27,10000
BDAL24019810-250,REX-4112,CLE,2024-01-21,10000
BCHI25069584-251,REX-4112,ATL,2025-06-07,10000
BDAL25111732-252,REX-4112,ATL,2025-11-07,10000
BPHX23074042-253,REX-4112,ATL,2023-07-22,10000
BCLE24104335-254,REX-4112,PHX,2024-10-17,10000
BCHI24021255-255,REX-4112,CLE,2024-02-28,10000
BATL25022905-256,REX-4112,DAL,2025-02-20,10000
BATL23016419-257,REX-4112,ATL,2023-01-10,10000
BATL25037091-258,REX-4112,PHX,2025-03-09,10000
BATL23043321-259,REX-4112,CHI,2023-04-02,10000
BCHI24055230-260,REX-4112,PHX,2024-05-19,10000
BATL24095466-261,REX-4112,PHX,2024-09-26,10000
BPHX23017777-262,REX-4112,PHX,2023-01-21,10000
BATL24078998-263,REX-4112,DAL,2024-07-23,10000
BPHX23011684-264,REX-4112,PHX,2023-01-22,10000
BATL23092155-265,REX-4112,CLE,2023-09-21,10000
BATL23089004-266,REX-4112,CLE,2023-08-25,10000
BCHI24016363-267,REX-4112,ATL,2024-01-11,10000
BPHX24065666-268,REX-4112,CHI,2024-06-09,10000
BDAL24085284-269,REX-4112,CLE,2024-08-09,10000
BPHX23094311-270,REX-4112,CLE,2023-09-02,10000
BATL25103082-271,REX-4112,CHI,2025-10-16,10000
BPHX23038844-272,REX-4112,CLE,2023-03-15,10000
BATL23081623-273,REX-4112,PHX,2023-08-17,10000
BCLE24012104-274,REX-4112,ATL,2024-01-13,10000
BCHI25067076-275,REX-4112,PHX,2025-06-11,10000
BPHX23101672-276,REX-4112,CHI,2023-10-20,10000
BATL24016208-277,REX-4112,CLE,2024-01-23,10000
BATL23016592-278,REX-4112,DAL,2023-01-30,10000
BDAL23128569-279,REX-4112,ATL,2023-12-26,10000
BPHX23047226-280,REX-4112,ATL,2023-04-26,10000
BCHI24082042-281,REX-4112,ATL,2024-08-20,10000
BATL24016503-282,REX-4112,PHX,2024-01-12,10000
BPHX23022136-283,REX-4112,ATL,2023-02-21,10000
BCHI24083639-284,REX-4112,ATL,2024-08-12,10000
BCLE24102824-285,REX-4112,CLE,2024-10-12,10000
BCHI25049753-286,REX-4112,CLE,2025-04-19,10000
BDAL23127068-287,REX-4112,CLE,2023-12-14,10000
BCLE23104828-288,REX-4112,CLE,2023-10-21,10000
BCLE25021957-289,REX-4112,PHX,2025-02-19,10000
BATL23091576-290,REX-4112,CHI,2023-09-03,10000
BCLE23068805-291,REX-4112,CHI,2023-06-01,10000
BDAL25037336-292,REX-4112,PHX,2025-03-01,10000
BPHX24055096-293,REX-4112,DAL,2024-05-01,10000
BPHX25073509-294,REX-4112,PHX,2025-07-20,10000
BATL25013365-295,REX-4112,DAL,2025-01-07,10000
BPHX23125214-296,REX-4112,ATL,2023-12-24,10000
BCLE25018073-297,REX-4112,DAL,2025-01-23,10000
BCLE23108535-298,REX-4112,PHX,2023-10-22,10000
BPHX24043048-299,REX-4112,DAL,2024-04-09,10000
BPHX24037899-300,REX-4112,PHX,2024-03-02,10000
BPHX25088272-301,REX-4112,PHX,2025-08-01,10000
BDAL25086534-302,REX-4112,DAL,2025-08-07,10000
BATL25039682-303,REX-4112,ATL,2025-03-27,10000
BATL24054128-304,REX-4112,CHI,2024-05-18,10000
BCHI24026954-305,REX-4112,PHX,2024-02-03,10000
BDAL25046028-306,REX-4112,ATL,2025-04-16,10000
BATL25038704-307,REX-4112,CLE,2025-03-15,10000
BDAL25077752-308,REX-4112,CLE,2025-07-15,10000
BATL24026532-309,REX-4112,CHI,2024-02-13,10000
BPHX23119478-310,REX-4112,PHX,2023-11-17,10000
BPHX24011390-311,REX-4112,ATL,2024-01-05,10000
BCHI25033823-312,REX-4112,DAL,2025-03-01,10000
BPHX23114240-313,REX-4112,ATL,2023-11-16,10000
BDAL25048677-314,REX-4112,ATL,2025-04-22,10000
BPHX23096180-315,REX-4112,CHI,2023-09-25,10000
BCLE23032070-316,REX-4112,CLE,2023-03-14,10000
BCLE23021864-317,REX-4112,DAL,2023-02-13,10000
BDAL23076844-318,REX-4112,ATL,2023-07-04,10000
BATL23116039-319,REX-4112,CLE,2023-11-05,10000
BCHI25016169-320,REX-4112,CHI,2025-01-13,10000
BPHX25076547-321,REX-4112,ATL,2025-07-03,10000
BDAL24082662-322,REX-4112,CHI,2024-08-16,10000
BATL23113674-323,REX-4112,PHX,2023-11-24,10000
BCHI23087712-324,REX-4112,ATL,2023-08-31,10000
BDAL25085086-325,REX-4112,CLE,2025-08-19,10000
BPHX23102590-326,REX-4112,CLE,2023-10-28,10000
BPHX23108746-327,REX-4112,PHX,2023-10-05,10000
BATL25091326-328,REX-4112,CHI,2025-09-03,10000
BPHX25013979-329,REX-4112,PHX,2025-01-12,10000
BPHX23026633-330,REX-4112,DAL,2023-02-10,10000
BDAL23062128-331,REX-4112,ATL,2023-06-24,10000
BCHI23105916-332,REX-4112,PHX,2023-10-04,10000
BCLE23114229-333,REX-4112,DAL,2023-11-03,10000
BCLE24086811-334,REX-4112,CHI,2024-08-21,10000
BCLE25107844-335,REX-4112,ATL,2025-10-10,10000
BDAL25014146-336,REX-4112,CHI,2025-01-17,10000
BCHI24071384-337,REX-4112,PHX,2024-07-27,10000
BATL24101852-338,REX-4112,ATL,2024-10-14,10000
BDAL24098355-339,REX-4112,PHX,2024-09-19,10000
BCLE24115470-340,REX-4112,PHX,2024-11-22,10000
BDAL23061514-341,REX-4112,ATL,2023-06-14,10000
BCHI23011314-342,REX-4112,DAL,2023-01-22,10000
BATL25028702-343,REX-4112,PHX,2025-02-18,10000
BCLE25035428-344,REX-4112,PHX,2025-03-06,10000
BDAL24119398-345,REX-4112,PHX,2024-11-18,10000
BDAL25043168-346,REX-4112,DAL,2025-04-13,10000
BCHI24064160-347,REX-4112,PHX,2024-06-19,10000
BDAL24072364-348,REX-4112,PHX,2024-07-30,10000
BDAL23069336-349,REX-4112,CLE,2023-06-23,10000
BATL23022753-350,REX-4112,ATL,2023-02-17,10000
BATL23067117-351,REX-4112,CLE,2023-06-02,10000
BCHI23114882-000,REX-4119,CLE,2023-11-12,10000
BCLE23061220-001,REX-4119,DAL,2023-06-04,10000
BATL23058549-002,REX-4119,DAL,2023-05-25,10000
BCHI23082998-003,REX-4119,CLE,2023-08-05,10000
BATL23102329-004,REX-4119,ATL,2023-10-12,10000
BCLE23071062-005,REX-4119,PHX,2023-07-07,10000
BATL24041819-006,REX-4119,CLE,2024-04-22,10000
BDAL25039672-007,REX-4119,ATL,2025-03-03,10000
BATL25099115-008,REX-4119,CHI,2025-09-01,10000
BPHX24015719-009,REX-4119,CHI,2024-01-17,10000
BPHX23054029-010,REX-4119,CHI,2023-05-06,10000
BCLE23013881-011,REX-4119,ATL,2023-01-13,10000
BATL24069880-012,REX-4119,CHI,2024-06-23,10000
BCLE24012241-013,REX-4119,ATL,2024-01-23,10000
BDAL24014730-014,REX-4119,ATL,2024-01-19,10000
BCHI25035861-015,REX-4119,CHI,2025-03-19,10000
BCHI25045676-016,REX-4119,ATL,2025-04-24,10000
BDAL25056648-017,REX-4119,ATL,2025-05-23,10000
BDAL23015611-018,REX-4119,ATL,2023-01-15,10000
BCLE23052028-019,REX-4119,PHX,2023-05-13,10000
BCLE24128046-020,REX-4119,CLE,2024-12-05,10000
BCLE25072445-021,REX-4119,DAL,2025-07-02,10000
BCHI25012079-022,REX-4119,CHI,2025-01-10,10000
BDAL24068385-023,REX-4119,DAL,2024-06-21,10000
BDAL25099187-024,REX-4119,DAL,2025-09-10,10000
BDAL25099944-025,REX-4119,ATL,2025-09-28,10000
BCHI24043794-026,REX-4119,CLE,2024-04-12,10000
BPHX24128617-027,REX-4119,PHX,2024-12-23,10000
BPHX24108596-028,REX-4119,PHX,2024-10-26,10000
BATL25073327-029,REX-4119,PHX,2025-07-15,10000
BCLE25053284-030,REX-4119,DAL,2025-05-09,10000
BATL25027544-031,REX-4119,DAL,2025-02-20,10000
BPHX23013830-032,REX-4119,ATL,2023-01-29,10000
BATL24012553-033,REX-4119,CLE,2024-01-12,10000
BPHX25033455-034,REX-4119,DAL,2025-03-12,10000
BATL24111355-035,REX-4119,PHX,2024-11-21,10000
BATL25035972-036,REX-4119,CHI,2025-03-14,10000
BATL24074112-037,REX-4119,PHX,2024-07-22,10000
BPHX25108128-038,REX-4119,ATL,2025-10-19,10000
BCLE25096789-039,REX-4119,CLE,2025-09-25,10000
BDAL23058810-040,REX-4119,CHI,2023-05-18,10000
BATL24084852-041,REX-4119,CHI,2024-08-15,10000
BATL25107821-042,REX-4119,PHX,2025-10-09,10000
BDAL23013598-043,REX-4119,DAL,2023-01-27,10000
BCHI24098028-044,REX-4119,CHI,2024-09-28,10000
BCHI23093120-045,REX-4119,CHI,2023-09-07,10000
BDAL24077117-046,REX-4119,ATL,2024-07-31,10000
BCHI25018758-047,REX-4119,CLE,2025-01-26,10000
BPHX23027062-048,REX-4119,PHX,2023-02-06,10000
BATL24056344-049,REX-4119,ATL,2024-05-19,10000
BPHX24105596-050,REX-4119,CHI,2024-10-02,10000
BCHI24116424-051,REX-4119,ATL,2024-11-28,10000
BDAL23094750-052,REX-4119,CHI,2023-09-18,10000
BATL24049005-053,REX-4119,CHI,2024-04-30,10000
BCLE25086135-054,REX-4119,CHI,2025-08-20,10000
BPHX23073430-055,REX-4119,CHI,2023-07-15,10000
BCLE24109670-056,REX-4119,PHX,2024-10-20,10000
BCHI25085358-057,REX-4119,CLE,2025-08-05,10000
BPHX25074165-058,REX-4119,DAL,2025-07-09,10000
BDAL23101967-059,REX-4119,PHX,2023-10-21,10000
BATL24051050-060,REX-4119,DAL,2024-05-20,10000
BCHI24128906-061,REX-4119,CHI,2024-12-30,10000
BDAL23106243-062,REX-4119,PHX,2023-10-27,10000
BCHI24109786-063,REX-4119,ATL,2024-10-05,10000
BCHI24012972-064,REX-4119,DAL,2024-01-21,10000
BATL23059577-065,REX-4119,CHI,2023-05-05,10000
BATL24087160-066,REX-4119,PHX,2024-08-01,10000
BDAL23015276-067,REX-4119,ATL,2023-01-23,10000
BDAL23101414-068,REX-4119,CLE,2023-10-23,10000
BCLE25057039-069,REX-4119,PHX,2025-05-13,10000
BPHX23107259-070,REX-4119,CHI,2023-10-30,10000
BCHI23118276-071,REX-4119,DAL,2023-11-18,10000
BDAL23088470-072,REX-4119,DAL,2023-08-09,10000
BCHI24028427-073,REX-4119,DAL,2024-02-10,10000
BCHI23113105-074,REX-4119,DAL,2023-11-30,10000
BCLE23021858-075,REX-4119,DAL,2023-02-04,10000
BDAL25093322-076,REX-4119,DAL,2025-09-04,10000
BCHI25021417-077,REX-4119,PHX,2025-02-07,10000
BPHX24103916-078,REX-4119,DAL,2024-10-25,10000
BDAL23036308-079,REX-4119,CHI,2023-03-12,10000
BCHI23031915-080,REX-4119,ATL,2023-03-22,10000
BCLE25102112-081,REX-4119,ATL,2025-10-14,10000
BCLE23119565-082,REX-4119,ATL,2023-11-07,10000
BCLE24046903-083,REX-4119,DAL,2024-04-26,10000
BCLE24117760-084,REX-4119,DAL,2024-11-23,10000
BPHX23057562-085,REX-4119,CHI,2023-05-23,10000
BCHI23057821-086,REX-4119,PHX,2023-05-08,10000
BCHI23112465-087,REX-4119,ATL,2023-11-14,10000
BATL25072888-088,REX-4119,DAL,2025-07-07,10000
BATL24041925-089,REX-4119,CHI,2024-04-10,10000
BCLE23024694-090,REX-4119,PHX,2023-02-19,10000
BCLE23034588-091,REX-4119,ATL,2023-03-28,10000
BATL23119201-092,REX-4119,DAL,2023-11-09,10000
BPHX24107484-093,REX-4119,CLE,2024-10-23,10000
BDAL25119064-094,REX-4119,CLE,2025-11-10,10000
BCHI25042113-095,REX-4119,CLE,2025-04-29,10000
BCHI24021589-096,REX-4119,ATL,2024-02-14,10000
BCHI24049052-097,REX-4119,CLE,2024-04-15,10000
BCLE24127031-098,REX-4119,CHI,2024-12-16,10000
BPHX23124486-099,REX-4119,ATL,2023-12-03,10000
BCHI23015610-100,REX-4119,DAL,2023-01-16,10000
BCHI25027363-101,REX-4119,ATL,2025-02-05,10000
BCHI24025198-102,REX-4119,DAL,2024-02-17,10000
BDAL24025265-103,REX-4119,PHX,2024-02-05,10000
BDAL23098399-104,REX-4119,CLE,2023-09-02,10000
BCHI25079385-105,REX-4119,PHX,2025-07-01,10000
BATL24022846-106,REX-4119,CLE,2024-02-24,10000
BCLE25034368-107,REX-4119,ATL,2025-03-04,10000
BATL24095970-108,REX-4119,DAL,2024-09-03,10000
BCLE25084765-109,REX-4119,CHI,2025-08-07,10000
BATL24059373-110,REX-4119,CLE,2024-05-31,10000
BCLE24094545-111,REX-4119,ATL,2024-09-26,10000
BATL24119185-112,REX-4119,PHX,2024-11-14,10000
BPHX24117402-113,REX-4119,CHI,2024-11-01,10000
BPHX23128867-114,REX-4119,CHI,2023-12-05,10000
BATL24082272-115,REX-4119,CHI,2024-08-07,10000
BCLE23081511-116,REX-4119,CHI,2023-08-08,10000
BCLE23045493-117,REX-4119,CLE,2023-04-13,10000
BPHX24097249-118,REX-4119,CHI,2024-09-13,10000
BCLE23111877-119,REX-4119,DAL,2023-11-23,10000
BATL24037933-120,REX-4119,DAL,2024-03-16,10000
BDAL23067840-121,REX-4119,CLE,2023-06-05,10000
BCLE24092967-122,REX-4119,DAL,2024-09-01,10000
BDAL23108486-123,REX-4119,ATL,2023-10-18,10000
BCLE23098807-124,REX-4119,ATL,2023-09-04,10000
BCLE23012410-125,REX-4119,ATL,2023-01-30,10000
BCHI25075475-126,REX-4119,DAL,2025-07-21,10000
BCHI23028859-127,REX-4119,CLE,2023-02-16,10000
BATL23112067-128,REX-4119,PHX,2023-11-10,10000
BCLE25021608-129,REX-4119,PHX,2025-02-11,10000
BPHX25067757-130,REX-4119,ATL,2025-06-04,10000
BCHI23011721-131,REX-4119,CLE,2023-01-28,10000
BDAL24078850-132,REX-4119,ATL,2024-07-29,10000
BCLE24075455-133,REX-4119,ATL,2024-07-01,10000
BPHX24041031-134,REX-4119,CLE,2024-04-25,10000
BCHI25069004-135,REX-4119,ATL,2025-06-10,10000
BDAL23046964-136,REX-4119,CLE,2023-04-07,10000
BPHX25018741-137,REX-4119,CHI,2025-01-22,10000
BDAL23127082-138,REX-4119,CHI,2023-12-02,10000
BDAL23106681-139,REX-4119,PHX,2023-10-26,10000
BCHI23127582-140,REX-4119,DAL,2023-12-23,10000
BDAL25085791-141,REX-4119,ATL,2025-08-15,10000
BCHI25107681-142,REX-4119,DAL,2025-10-09,10000
BCLE25065148-143,REX-4119,ATL,2025-06-03,10000
BDAL24118644-144,REX-4119,PHX,2024-11-12,10000
BCLE23126627-145,REX-4119,CHI,2023-12-03,10000
BCHI23106597-146,REX-4119,CHI,2023-10-25,10000
BCHI23113285-147,REX-4119,ATL,2023-11-23,10000
BCLE25037864-148,REX-4119,CLE,2025-03-22,10000
BCHI25101687-149,REX-4119,CHI,2025-10-23,10000
BCHI23081066-150,REX-4119,DAL,2023-08-01,10000
BATL23126486-151,REX-4119,PHX,2023-12-04,10000
BDAL23087116-152,REX-4119,CHI,2023-08-28,10000
BCHI25037435-153,REX-4119,ATL,2025-03-19,10000
BPHX24122743-154,REX-4119,ATL,2024-12-20,10000
BATL25074085-155,REX-4119,CLE,2025-07-18,10000
BCLE25109113-156,REX-4119,ATL,2025-10-30,10000
BDAL23054962-157,REX-4119,PHX,2023-05-28,10000
BATL24099879-158,REX-4119,CLE,2024-09-12,10000
BCLE24011265-159,REX-4119,CLE,2024-01-27,10000
BCLE24084392-160,REX-4119,ATL,2024-08-28,10000
BCLE23055152-161,REX-4119,PHX,2023-05-27,10000
BPHX23096857-162,REX-4119,PHX,2023-09-01,10000
BCHI23015918-163,REX-4119,DAL,2023-01-22,10000
BDAL25034415-164,REX-4119,DAL,2025-03-05,10000
BCHI25058838-165,REX-4119,CHI,2025-05-27,10000
BPHX23031516-166,REX-4119,PHX,2023-03-27,10000
BDAL24101508-167,REX-4119,DAL,2024-10-16,10000
BPHX25089831-168,REX-4119,CLE,2025-08-27,10000
BCHI25056751-169,REX-4119,PHX,2025-05-15,10000
BPHX23021633-170,REX-4119,PHX,2023-02-25,10000
BPHX23065131-171,REX-4119,CHI,2023-06-27,10000
BCLE23075020-172,REX-4119,CLE,2023-07-08,10000
BPHX25076527-173,REX-4119,ATL,2025-07-20,10000
BCLE25086289-174,REX-4119,DAL,2025-08-19,10000
BATL25077727-175,REX-4119,CLE,2025-07-13,10000
BATL23011462-176,REX-4119,CHI,2023-01-22,10000
BCLE25069225-177,REX-4119,ATL,2025-06-29,10000
BDAL25087359-178,REX-4119,CHI,2025-08-06,10000
BDAL23042927-179,REX-4119,CHI,2023-04-10,10000
BATL25108401-180,REX-4119,DAL,2025-10-02,10000
BCLE23115756-181,REX-4119,CHI,2023-11-30,10000
BPHX24112796-182,REX-4119,ATL,2024-11-09,10000
BATL23068899-183,REX-4119,PHX,2023-06-07,10000
BCLE24057345-184,REX-4119,ATL,2024-05-25,10000
BCLE25025952-185,REX-4119,ATL,2025-02-10,10000
BDAL24049083-186,REX-4119,ATL,2024-04-02,10000
BCLE25062663-187,REX-4119,ATL,2025-06-29,10000
BATL23101387-188,REX-4119,PHX,2023-10-13,10000
BDAL25108044-189,REX-4119,CLE,2025-10-13,10000
BCHI25012742-190,REX-4119,PHX,2025-01-24,10000
BCLE25085569-191,REX-4119,PHX,2025-08-28,10000
BCLE25052067-192,REX-4119,CLE,2025-05-14,10000
BDAL24068776-193,REX-4119,PHX,2024-06-22,10000
BATL25113253-194,REX-4119,CLE,2025-11-04,10000
BATL23022415-195,REX-4119,CHI,2023-02-19,10000
BATL24018308-196,REX-4119,CHI,2024-01-18,10000
BCHI25025309-197,REX-4119,PHX,2025-02-03,10000
BATL23057770-198,REX-4119,CLE,2023-05-17,10000
BATL23034316-199,REX-4119,ATL,2023-03-23,10000
BATL24097401-200,REX-4119,CLE,2024-09-07,10000
BCLE25019359-201,REX-4119,CLE,2025-01-31,10000
BCHI23085356-202,REX-4119,CHI,2023-08-19,10000
BDAL23013245-203,REX-4119,DAL,2023-01-19,10000
BPHX24054498-204,REX-4119,ATL,2024-05-14,10000
BPHX25088843-205,REX-4119,ATL,2025-08-30,10000
BATL23077354-206,REX-4119,CHI,2023-07-22,10000
BATL23053080-207,REX-4119,CHI,2023-05-26,10000
BCLE23108826-208,REX-4119,CHI,2023-10-25,10000
BCHI23053698-209,REX-4119,ATL,2023-05-29,10000
BDAL25044692-210,REX-4119,DAL,2025-04-26,10000
BCLE25048075-211,REX-4119,CLE,2025-04-12,10000
BPHX24101453-212,REX-4119,ATL,2024-10-18,10000
BPHX25028369-213,REX-4119,CHI,2025-02-04,10000
BATL24048853-214,REX-4119,CHI,2024-04-05,10000
BPHX25113576-215,REX-4119,ATL,2025-11-09,10000
BPHX24082229-216,REX-4119,PHX,2024-08-12,10000
BPHX23032086-217,REX-4119,CHI,2023-03-05,10000
BATL23061654-218,REX-4119,DAL,2023-06-23,10000
BPHX24075601-219,REX-4119,PHX,2024-07-22,10000
BDAL24119770-220,REX-4119,CHI,2024-11-30,10000
BDAL24108699-221,REX-4119,CHI,2024-10-31,10000
BPHX25093248-222,REX-4119,PHX,2025-09-25,10000
BCLE24119022-223,REX-4119,DAL,2024-11-21,10000
BCHI25112031-224,REX-4119,DAL,2025-11-24,10000
BDAL24075734-225,REX-4119,CHI,2024-07-03,10000
BATL25116129-226,REX-4119,DAL,2025-11-17,10000
BCHI24054133-227,REX-4119,DAL,2024-05-05,10000
BATL24096488-228,REX-4119,CHI,2024-09-19,10000
BDAL25045323-229,REX-4119,CHI,2025-04-22,10000
BATL25053281-230,REX-4119,DAL,2025-05-18,10000
BDAL24019892-231,REX-4119,CHI,2024-01-25,10000
BATL24108580-232,REX-4119,CHI,2024-10-19,10000
BATL25122920-233,REX-4119,DAL,2025-12-01,10000
BATL24056527-234,REX-4119,ATL,2024-05-20,10000
BDAL25105024-235,REX-4119,PHX,2025-10-14,10000
BDAL25098521-236,REX-4119,CHI,2025-09-18,10000
BATL24115173-237,REX-4119,CHI,2024-11-30,10000
BDAL23053038-238,REX-4119,PHX,2023-05-28,10000
BCLE25032090-239,REX-4119,ATL,2025-03-16,10000
BPHX24068450-240,REX-4119,CHI,2024-06-05,10000
BCHI24077889-241,REX-4119,ATL,2024-07-21,10000
BCLE24068007-242,REX-4119,PHX,2024-06-28,10000
BPHX23088162-243,REX-4119,PHX,2023-08-10,10000
BCLE24103289-244,REX-4119,ATL,2024-10-03,10000
BDAL23091892-245,REX-4119,CLE,2023-09-09,10000
BDAL23052760-246,REX-4119,CHI,2023-05-24,10000
BATL24072571-247,REX-4119,PHX,2024-07-03,10000
BCLE24021981-248,REX-4119,CLE,2024-02-24,10000
BDAL23085541-249,REX-4119,DAL,2023-08-17,10000
BATL25054776-250,REX-4119,ATL,2025-05-30,10000
BCHI24066792-251,REX-4119,ATL,2024-06-30,10000
BCLE23116189-252,REX-4119,ATL,2023-11-07,10000
BPHX23124328-253,REX-4119,CHI,2023-12-18,10000
BATL23022493-254,REX-4119,CHI,2023-02-05,10000
BPHX24073040-255,REX-4119,CLE,2024-07-06,10000
BPHX24054620-256,REX-4119,ATL,2024-05-19,10000
BCHI25073713-257,REX-4119,ATL,2025-07-30,10000
BDAL24032759-258,REX-4119,CLE,2024-03-27,10000
BDAL24058130-259,REX-4119,CHI,2024-05-04,10000
BPHX25034496-260,REX-4119,ATL,2025-03-02,10000
BCLE23077693-261,REX-4119,PHX,2023-07-25,10000
BATL25067299-262,REX-4119,CHI,2025-06-25,10000
BCLE25029868-263,REX-4119,DAL,2025-02-17,10000
BPHX24028154-264,REX-4119,CHI,2024-02-25,10000
BDAL24121339-265,REX-4119,PHX,2024-12-02,10000
BCHI25117355-266,REX-4119,PHX,2025-11-05,10000
BDAL24023367-267,REX-4119,CLE,2024-02-25,10000
BATL25027619-268,REX-4119,ATL,2025-02-12,10000
BDAL24036787-269,REX-4119,PHX,2024-03-22,10000
BATL24075762-270,REX-4119,ATL,2024-07-15,10000
BCHI25028695-271,REX-4119,CLE,2025-02-16,10000
BCLE24058409-272,REX-4119,CLE,2024-05-14,10000
BCHI25036655-273,REX-4119,DAL,2025-03-07,10000
BCLE25029043-274,REX-4119,PHX,2025-02-19,10000
BPHX25072465-275,REX-4119,PHX,2025-07-01,10000
BDAL24064744-276,REX-4119,DAL,2024-06-06,10000
BDAL25018840-277,REX-4119,ATL,2025-01-20,10000
BATL23129473-278,REX-4119,CHI,2023-12-12,10000
BCLE24027249-279,REX-4119,DAL,2024-02-05,10000
BATL23042474-280,REX-4119,ATL,2023-04-09,10000
BCHI23071820-281,REX-4119,DAL,2023-07-09,10000
BCHI23065180-282,REX-4119,PHX,2023-06-12,10000
BDAL23113320-283,REX-4119,PHX,2023-11-02,10000
BATL24074753-284,REX-4119,PHX,2024-07-24,10000
BATL24099528-285,REX-4119,CLE,2024-09-30,10000
BCLE24041854-286,REX-4119,CHI,2024-04-19,10000
BDAL23129977-287,REX-4119,PHX,2023-12-27,10000
BATL25054870-288,REX-4119,CLE,2025-05-16,10000
BCHI24022262-289,REX-4119,CLE,2024-02-05,10000
BDAL23073928-290,REX-4119,CHI,2023-07-27,10000
BPHX23097044-291,REX-4119,ATL,2023-09-12,10000
BCHI23114060-292,REX-4119,ATL,2023-11-09,10000
BDAL23013814-293,REX-4119,DAL,2023-01-18,10000
BCLE25119206-294,REX-4119,CHI,2025-11-17,10000
BPHX23043211-295,REX-4119,ATL,2023-04-27,10000
BPHX23043554-296,REX-4119,ATL,2023-04-10,10000
BCHI24057016-297,REX-4119,CHI,2024-05-10,10000
BPHX24075027-298,REX-4119,PHX,2024-07-25,10000
BCLE23125066-299,REX-4119,ATL,2023-12-25,10000
BCLE23037183-300,REX-4119,ATL,2023-03-28,10000
BDAL23018549-301,REX-4119,CHI,2023-01-02,10000
BPHX25099871-302,REX-4119,PHX,2025-09-30,10000
BCHI25086798-303,REX-4119,CHI,2025-08-13,10000
BDAL25049576-304,REX-4119,PHX,2025-04-09,10000
BCHI23129187-305,REX-4119,ATL,2023-12-08,10000
BATL23032202-306,REX-4119,CHI,2023-03-16,10000
BDAL25012892-307,REX-4119,CHI,2025-01-22,10000
BPHX25047159-308,REX-4119,DAL,2025-04-24,10000
BCLE25026153-309,REX-4119,PHX,2025-02-04,10000
BCLE24024531-310,REX-4119,PHX,2024-02-11,10000
BPHX23103291-311,REX-4119,DAL,2023-10-29,10000
BATL25033331-312,REX-4119,CLE,2025-03-22,10000
BPHX24045143-313,REX-4119,PHX,2024-04-10,10000
BPHX25038621-314,REX-4119,DAL,2025-03-28,10000
BPHX24023136-315,REX-4119,PHX,2024-02-24,10000
BATL23043384-316,REX-4119,CLE,2023-04-16,10000
BDAL24081870-317,REX-4119,DAL,2024-08-28,10000
BPHX25088100-318,REX-4119,CLE,2025-08-10,10000
BDAL24089397-319,REX-4119,CHI,2024-08-25,10000
BCLE25098855-320,REX-4119,CLE,2025-09-04,10000
BDAL24124169-321,REX-4119,DAL,2024-12-22,10000
BATL25111181-322,REX-4119,CLE,2025-11-03,10000
BCHI23105417-323,REX-4119,CLE,2023-10-26,10000
BCHI23024583-324,REX-4119,CHI,2023-02-20,10000
BCLE25018345-325,REX-4119,PHX,2025-01-30,10000
BCHI24118541-326,REX-4119,DAL,2024-11-15,10000
BDAL24107028-327,REX-4119,CLE,2024-10-30,10000
BCHI25113020-328,REX-4119,PHX,2025-11-24,10000
BPHX25099420-329,REX-4119,CLE,2025-09-25,10000
BCLE25113512-330,REX-4119,PHX,2025-11-02,10000
BPHX24115376-331,REX-4119,ATL,2024-11-07,10000
BATL23102526-332,REX-4119,CHI,2023-10-19,10000
BDAL25027461-333,REX-4119,ATL,2025-02-25,10000
BCLE23035962-334,REX-4119,CLE,2023-03-27,10000
BATL23097854-335,REX-4119,CHI,2023-09-30,10000
BPHX24023484-336,REX-4119,PHX,2024-02-01,10000
BATL24061009-337,REX-4119,CLE,2024-06-06,10000
BCLE23125350-338,REX-4119,PHX,2023-12-01,10000
BATL23058672-339,REX-4119,ATL,2023-05-16,10000
BCLE25102310-340,REX-4119,PHX,2025-10-07,10000
BCHI24127096-341,REX-4119,PHX,2024-12-02,10000
BCHI24069977-342,REX-4119,DAL,2024-06-12,10000
BCHI24103549-343,REX-4119,CHI,2024-10-30,10000
BDAL25125018-344,REX-4119,ATL,2025-12-01,10000
BPHX23028919-345,REX-4119,DAL,2023-02-15,10000
BCHI24115924-346,REX-4119,PHX,2024-11-03,10000
BCLE25045920-347,REX-4119,DAL,2025-04-08,10000
BATL23084663-348,REX-4119,ATL,2023-08-07,10000
BPHX24053510-349,REX-4119,CLE,2024-05-24,10000
BDAL25117760-350,REX-4119,PHX,2025-11-01,10000
BCHI25056426-351,REX-4119,DAL,2025-05-08,10000
BATL23063661-352,REX-4119,CHI,2023-06-16,10000
BCLE25096143-353,REX-4119,CLE,2025-09-12,10000
BPHX25068080-354,REX-4119,ATL,2025-06-11,10000
BPHX25041501-355,REX-4119,DAL,2025-04-28,10000
BCLE25016046-356,REX-4119,ATL,2025-01-28,10000
BPHX25097493-357,REX-4119,CHI,2025-09-23,10000
BPHX24038046-358,REX-4119,ATL,2024-03-14,10000
BATL24083701-359,REX-4119,DAL,2024-08-09,10000
BCHI23116359-360,REX-4119,CHI,2023-11-23,10000
BCLE25022649-361,REX-4119,CLE,2025-02-10,10000
BCLE23063458-362,REX-4119,CHI,2023-06-18,10000
BPHX25052512-363,REX-4119,ATL,2025-05-27,10000
BCLE23048720-364,REX-4119,ATL,2023-04-16,10000
BATL23035774-365,REX-4119,DAL,2023-03-08,10000
BCHI25012433-366,REX-4119,CLE,2025-01-01,10000
BDAL23126409-367,REX-4119,CLE,2023-12-05,10000
BCHI23032349-368,REX-4119,CLE,2023-03-21,10000
BATL23013784-369,REX-4119,PHX,2023-01-01,10000
BCLE25105379-370,REX-4119,CHI,2025-10-01,10000
BCHI24089619-371,REX-4119,CLE,2024-08-19,10000
BATL24082064-372,REX-4119,PHX,2024-08-05,10000
BATL24069435-373,REX-4119,CLE,2024-06-16,10000
BCHI25104666-374,REX-4119,DAL,2025-10-13,10000
BPHX23036548-000,REX-4126,ATL,2023-03-07,10000
BPHX25086877-001,REX-4126,CHI,2025-08-26,10000
BDAL24097571-002,REX-4126,PHX,2024-09-19,10000
BDAL24046351-003,REX-4126,ATL,2024-04-26,10000
BPHX24053436-004,REX-4126,ATL,2024-05-07,10000
BCLE23031962-005,REX-4126,CHI,2023-03-17,10000
BATL23082764-006,REX-4126,PHX,2023-08-30,10000
BATL23092203-007,REX-4126,DAL,2023-09-16,10000
BDAL24114919-008,REX-4126,PHX,2024-11-12,10000
BPHX25063008-009,REX-4126,CHI,2025-06-10,10000
BATL24098753-010,REX-4126,CLE,2024-09-11,10000
BATL25017402-011,REX-4126,ATL,2025-01-15,10000
BCLE24121801-012,REX-4126,CLE,2024-12-07,10000
BPHX24054056-013,REX-4126,PHX,2024-05-31,10000
BPHX25086301-014,REX-4126,PHX,2025-08-07,10000
BDAL23097919-015,REX-4126,DAL,2023-09-30,10000
BCLE24013689-016,REX-4126,DAL,2024-01-12,10000
BCLE25058977-017,REX-4126,DAL,2025-05-01,10000
BCLE23103299-018,REX-4126,ATL,2023-10-31,10000
BCHI25119115-019,REX-4126,DAL,2025-11-16,10000
BATL24027846-020,REX-4126,CLE,2024-02-19,10000
BDAL23016619-021,REX-4126,CHI,2023-01-19,10000
BDAL25021044-022,REX-4126,CLE,2025-02-02,10000
BCHI25094304-023,REX-4126,ATL,2025-09-15,10000
BDAL23109273-024,REX-4126,DAL,2023-10-30,10000
BCHI25034222-025,REX-4126,PHX,2025-03-11,10000
BPHX23039964-026,REX-4126,DAL,2023-03-22,10000
BCLE25075661-027,REX-4126,DAL,2025-07-23,10000
BPHX23022028-028,REX-4126,PHX,2023-02-06,10000
BPHX25054783-029,REX-4126,DAL,2025-05-04,10000
BPHX24045336-030,REX-4126,DAL,2024-04-01,10000
BATL23035163-031,REX-4126,PHX,2023-03-21,10000
BCLE24069695-032,REX-4126,ATL,2024-06-27,10000
BATL23038360-033,REX-4126,ATL,2023-03-25,10000
BCLE25038045-034,REX-4126,CLE,2025-03-24,10000
BDAL23069769-035,REX-4126,CHI,2023-06-05,10000
BCLE25059220-036,REX-4126,DAL,2025-05-03,10000
BPHX23044496-037,REX-4126,CHI,2023-04-15,10000
BCLE24084847-038,REX-4126,PHX,2024-08-11,10000
BATL24119930-039,REX-4126,ATL,2024-11-03,10000
BPHX23012305-040,REX-4126,DAL,2023-01-30,10000
BPHX24051338-041,REX-4126,CLE,2024-05-17,10000
BDAL23093769-042,REX-4126,DAL,2023-09-23,10000
BPHX24063651-043,REX-4126,PHX,2024-06-10,10000
BATL24026921-044,REX-4126,CLE,2024-02-22,10000
BDAL24089885-045,REX-4126,CHI,2024-08-14,10000
BCLE23053548-046,REX-4126,CLE,2023-05-21,10000
BATL23012081-047,REX-4126,DAL,2023-01-07,10000
BCLE24018393-048,REX-4126,DAL,2024-01-02,10000
BCHI23099758-049,REX-4126,PHX,2023-09-06,10000
BCLE25118884-050,REX-4126,CHI,2025-11-12,10000
BCLE24076836-051,REX-4126,CLE,2024-07-23,10000
BATL24127355-052,REX-4126,ATL,2024-12-24,10000
BCLE24052415-053,REX-4126,CLE,2024-05-27,10000
BATL23116604-054,REX-4126,ATL,2023-11-29,10000
BPHX24026757-055,REX-4126,CLE,2024-02-02,10000
BPHX24118084-056,REX-4126,CLE,2024-11-27,10000
BPHX25114479-057,REX-4126,ATL,2025-11-15,10000
BCHI24018920-058,REX-4126,CHI,2024-01-25,10000
BATL23059099-059,REX-4126,CHI,2023-05-18,10000
BPHX25076279-060,REX-4126,DAL,2025-07-26,10000
BCLE24021596-061,REX-4126,PHX,2024-02-12,10000
BCLE24016823-062,REX-4126,CLE,2024-01-21,10000
BDAL25027808-063,REX-4126,CLE,2025-02-01,10000
BPHX24102396-064,REX-4126,ATL,2024-10-07,10000
BCHI23079528-065,REX-4126,CHI,2023-07-16,10000
BCHI23083224-066,REX-4126,PHX,2023-08-27,10000
BCHI25106582-067,REX-4126,CLE,2025-10-09,10000
BDAL23035031-068,REX-4126,DAL,2023-03-08,10000
BDAL25051637-069,REX-4126,CLE,2025-05-21,10000
BDAL23043243-070,REX-4126,DAL,2023-04-23,10000
BATL25025598-071,REX-4126,DAL,2025-02-16,10000
BCLE25049699-072,REX-4126,DAL,2025-04-23,10000
BPHX23066052-073,REX-4126,DAL,2023-06-03,10000
BCLE25041428-074,REX-4126,DAL,2025-04-13,10000
BATL24112524-075,REX-4126,ATL,2024-11-02,10000
BDAL23072857-076,REX-4126,CLE,2023-07-25,10000
BDAL24066215-077,REX-4126,CLE,2024-06-25,10000
BCHI24014478-078,REX-4126,CHI,2024-01-10,10000
BATL23061804-079,REX-4126,DAL,2023-06-11,10000
BCHI24099868-080,REX-4126,CLE,2024-09-29,10000
BCHI24085874-081,REX-4126,CLE,2024-08-31,10000
BCLE25046110-082,REX-4126,PHX,2025-04-06,10000
BDAL23075408-083,REX-4126,CLE,2023-07-10,10000
BCLE23102545-084,REX-4126,CHI,2023-10-08,10000
BCLE23018814-085,REX-4126,CLE,2023-01-09,10000
BDAL25087651-086,REX-4126,CHI,2025-08-18,10000
BDAL23083601-087,REX-4126,CHI,2023-08-07,10000
BCLE24056473-088,REX-4126,ATL,2024-05-22,10000
BCHI24012701-089,REX-4126,CLE,2024-01-15,10000
BATL25083075-090,REX-4126,ATL,2025-08-21,10000
BATL25117683-091,REX-4126,CLE,2025-11-09,10000
BCHI24074072-092,REX-4126,PHX,2024-07-13,10000
BCLE24058040-093,REX-4126,ATL,2024-05-02,10000
BATL25039647-094,REX-4126,DAL,2025-03-06,10000
BATL24127627-095,REX-4126,CHI,2024-12-06,10000
BCHI25045713-096,REX-4126,DAL,2025-04-22,10000
BCHI24053042-097,REX-4126,PHX,2024-05-25,10000
BCHI24069153-098,REX-4126,CLE,2024-06-06,10000
BPHX23084132-099,REX-4126,DAL,2023-08-23,10000
BCHI23094020-100,REX-4126,CHI,2023-09-20,10000
BATL23093170-101,REX-4126,CLE,2023-09-03,10000
BATL24041762-102,REX-4126,CLE,2024-04-17,10000
BATL25034573-103,REX-4126,DAL,2025-03-19,10000
BCHI23081046-104,REX-4126,ATL,2023-08-19,10000
BCLE23087772-105,REX-4126,CLE,2023-08-15,10000
BATL24118324-106,REX-4126,ATL,2024-11-30,10000
BCLE23107041-107,REX-4126,DAL,2023-10-29,10000
BPHX25049501-108,REX-4126,DAL,2025-04-21,10000
BATL25063390-109,REX-4126,ATL,2025-06-27,10000
BDAL25034080-110,REX-4126,ATL,2025-03-08,10000
BPHX25095487-111,REX-4126,PHX,2025-09-30,10000
BDAL23041050-112,REX-4126,PHX,2023-04-11,10000
BATL25082006-113,REX-4126,CLE,2025-08-07,10000
BCHI25075736-114,REX-4126,ATL,2025-07-28,10000
BCLE25045705-115,REX-4126,ATL,2025-04-26,10000
BDAL24083900-116,REX-4126,PHX,2024-08-03,10000
BPHX23019676-117,REX-4126,CLE,2023-01-29,10000
BDAL25075967-118,REX-4126,ATL,2025-07-19,10000
BATL25075515-119,REX-4126,PHX,2025-07-09,10000
BDAL25033628-120,REX-4126,PHX,2025-03-10,10000
BPHX24033187-121,REX-4126,CLE,2024-03-27,10000
BPHX24047300-122,REX-4126,ATL,2024-04-25,10000
BATL25112799-123,REX-4126,DAL,2025-11-09,10000
BCHI25015174-124,REX-4126,CLE,2025-01-29,10000
BCHI24076082-125,REX-4126,PHX,2024-07-10,10000
BCLE23022755-126,REX-4126,ATL,2023-02-11,10000
BDAL24085002-127,REX-4126,CHI,2024-08-02,10000
BPHX24019656-128,REX-4126,CLE,2024-01-10,10000
BCLE23116363-129,REX-4126,CHI,2023-11-02,10000
BCHI25056591-130,REX-4126,CLE,2025-05-09,10000
BATL25094069-131,REX-4126,CLE,2025-09-12,10000
BPHX24095115-132,REX-4126,DAL,2024-09-19,10000
BPHX24026847-133,REX-4126,CLE,2024-02-13,10000
BPHX25024215-134,REX-4126,ATL,2025-02-17,10000
BCLE24106507-135,REX-4126,DAL,2024-10-27,10000
BATL25089724-136,REX-4126,DAL,2025-08-23,10000
BATL25108058-137,REX-4126,CHI,2025-10-06,10000
BCLE23022690-138,REX-4126,CHI,2023-02-03,10000
BATL23107729-139,REX-4126,CLE,2023-10-08,10000
BPHX24027756-140,REX-4126,CHI,2024-02-24,10000
BCLE23059987-141,REX-4126,PHX,2023-05-29,10000
BATL23104514-142,REX-4126,ATL,2023-10-05,10000
BCLE25011599-143,REX-4126,DAL,2025-01-29,10000
BCHI23017703-144,REX-4126,CLE,2023-01-24,10000
BCHI24078370-145,REX-4126,ATL,2024-07-28,10000
BDAL23074878-146,REX-4126,CHI,2023-07-11,10000
BCLE23095101-147,REX-4126,CHI,2023-09-01,10000
BCLE24058798-148,REX-4126,DAL,2024-05-08,10000
BCLE23129020-149,REX-4126,ATL,2023-12-09,10000
BDAL25042639-150,REX-4126,CLE,2025-04-23,10000
BCHI25104757-151,REX-4126,CHI,2025-10-28,10000
BCLE24077997-152,REX-4126,DAL,2024-07-22,10000
BPHX24123691-153,REX-4126,CLE,2024-12-31,10000
BCHI23071349-154,REX-4126,DAL,2023-07-19,10000
BATL24013571-155,REX-4126,ATL,2024-01-30,10000
BATL23044208-156,REX-4126,ATL,2023-04-03,10000
BATL24025833-157,REX-4126,PHX,2024-02-09,10000
BPHX23054696-158,REX-4126,CHI,2023-05-06,10000
BCLE23102931-159,REX-4126,ATL,2023-10-03,10000
BDAL25018074-160,REX-4126,ATL,2025-01-20,10000
BATL23058761-161,REX-4126,PHX,2023-05-10,10000
BATL23017136-162,REX-4126,CLE,2023-01-16,10000
BPHX23122778-163,REX-4126,CLE,2023-12-25,10000
BATL23112199-164,REX-4126,ATL,2023-11-19,10000
BCLE25048120-165,REX-4126,ATL,2025-04-30,10000
BDAL23129523-166,REX-4126,CHI,2023-12-07,10000
BPHX24113578-167,REX-4126,CHI,2024-11-06,10000
BPHX24037961-168,REX-4126,ATL,2024-03-17,10000
BDAL25066172-169,REX-4126,DAL,2025-06-30,10000
BCLE24034215-170,REX-4126,PHX,2024-03-14,10000
BPHX24089772-171,REX-4126,PHX,2024-08-28,10000
BCHI23072889-172,REX-4126,ATL,2023-07-06,10000
BATL23049741-173,REX-4126,CLE,2023-04-21,10000
BPHX25093215-174,REX-4126,CLE,2025-09-08,10000
BATL25119831-175,REX-4126,ATL,2025-11-26,10000
BATL23091831-176,REX-4126,CHI,2023-09-16,10000
BATL23069831-177,REX-4126,CHI,2023-06-01,10000
BDAL23069602-178,REX-4126,CHI,2023-06-21,10000
BDAL23075278-179,REX-4126,DAL,2023-07-11,10000
BATL23101721-180,REX-4126,PHX,2023-10-06,10000
BATL25103289-181,REX-4126,ATL,2025-10-01,10000
BCHI23073421-182,REX-4126,CHI,2023-07-03,10000
BCLE25067916-183,REX-4126,CHI,2025-06-24,10000
BDAL23068551-184,REX-4126,ATL,2023-06-14,10000
BDAL24071490-185,REX-4126,CLE,2024-07-19,10000
BCLE23011396-186,REX-4126,CLE,2023-01-24,10000
BDAL23063702-187,REX-4126,CHI,2023-06-21,10000
BCLE23064119-188,REX-4126,PHX,2023-06-16,10000
BPHX23079831-189,REX-4126,DAL,2023-07-21,10000
BCHI23041423-190,REX-4126,ATL,2023-04-28,10000
BDAL24127210-191,REX-4126,CLE,2024-12-24,10000
BDAL25105786-192,REX-4126,DAL,2025-10-29,10000
BCLE23119941-193,REX-4126,ATL,2023-11-23,10000
BDAL25099046-194,REX-4126,CHI,2025-09-03,10000
BATL23063879-195,REX-4126,DAL,2023-06-06,10000
BCHI25101695-196,REX-4126,DAL,2025-10-23,10000
BPHX25021661-197,REX-4126,CHI,2025-02-16,10000
BPHX25061430-198,REX-4126,CLE,2025-06-09,10000
BCLE23045280-199,REX-4126,ATL,2023-04-11,10000
BDAL25026594-200,REX-4126,CLE,2025-02-12,10000
BCHI25015506-201,REX-4126,CHI,2025-01-10,10000
BPHX23117188-202,REX-4126,CHI,2023-11-04,10000
BATL23097766-203,REX-4126,ATL,2023-09-09,10000
BCHI24074733-204,REX-4126,DAL,2024-07-05,10000
BCLE25016999-205,REX-4126,DAL,2025-01-26,10000
BCHI23127149-206,REX-4126,CLE,2023-12-15,10000
BPHX23031868-207,REX-4126,PHX,2023-03-22,10000
BATL24037720-208,REX-4126,CHI,2024-03-01,10000
BCHI25076817-209,REX-4126,CLE,2025-07-31,10000
BATL24012057-210,REX-4126,CLE,2024-01-14,10000
BCLE24073005-211,REX-4126,PHX,2024-07-02,10000
BCHI24063035-212,REX-4126,CHI,2024-06-01,10000
BDAL23015237-213,REX-4126,ATL,2023-01-11,10000
BPHX25085079-214,REX-4126,CHI,2025-08-28,10000
BPHX24024075-215,REX-4126,CHI,2024-02-02,10000
BPHX23055387-216,REX-4126,ATL,2023-05-12,10000
BCLE23113318-217,REX-4126,PHX,2023-11-14,10000
BATL24089547-218,REX-4126,CHI,2024-08-27,10000
BPHX24095875-219,REX-4126,ATL,2024-09-21,10000
BATL23027877-220,REX-4126,ATL,2023-02-12,10000
BCHI25018059-221,REX-4126,ATL,2025-01-24,10000
BDAL23085126-222,REX-4126,CLE,2023-08-02,10000
BCLE25087392-223,REX-4126,DAL,2025-08-04,10000
BATL25036811-224,REX-4126,DAL,2025-03-09,10000
BCLE24084057-225,REX-4126,PHX,2024-08-18,10000
BDAL24046569-226,REX-4126,CHI,2024-04-14,10000
BDAL24014140-227,REX-4126,CLE,2024-01-18,10000
BPHX23067181-228,REX-4126,DAL,2023-06-23,10000
BDAL25045761-229,REX-4126,CHI,2025-04-22,10000
BCLE25104700-000,REX-4133,CLE,2025-10-31,10000
BATL25019207-001,REX-4133,CHI,2025-01-24,10000
BDAL24016432-002,REX-4133,ATL,2024-01-01,10000
BCHI25082008-003,REX-4133,DAL,2025-08-11,10000
BDAL23031942-004,REX-4133,DAL,2023-03-18,10000
BATL24054541-005,REX-4133,ATL,2024-05-04,10000
BATL24129621-006,REX-4133,DAL,2024-12-28,10000
BCLE24107467-007,REX-4133,ATL,2024-10-07,10000
BCLE23102475-008,REX-4133,CLE,2023-10-17,10000
BCHI25078642-009,REX-4133,CLE,2025-07-20,10000
BCHI23044254-010,REX-4133,ATL,2023-04-09,10000
BATL23079070-011,REX-4133,ATL,2023-07-07,10000
BPHX23106292-012,REX-4133,ATL,2023-10-03,10000
BPHX23031569-013,REX-4133,CLE,2023-03-22,10000
BCHI23069272-014,REX-4133,PHX,2023-06-21,10000
BPHX24112561-015,REX-4133,PHX,2024-11-01,10000
BPHX25109592-016,REX-4133,CLE,2025-10-22,10000
BATL23014419-017,REX-4133,CLE,2023-01-22,10000
BCHI23032748-018,REX-4133,DAL,2023-03-02,10000
BCLE25043095-019,REX-4133,CHI,2025-04-29,10000
BATL23017181-020,REX-4133,DAL,2023-01-27,10000
BPHX25085323-021,REX-4133,DAL,2025-08-25,10000
BPHX23091050-022,REX-4133,CHI,2023-09-03,10000
BPHX24037027-023,REX-4133,CHI,2024-03-13,10000
BATL24121949-024,REX-4133,CLE,2024-12-09,10000
BCHI24092161-025,REX-4133,CLE,2024-09-29,10000
BCLE24089834-026,REX-4133,DAL,2024-08-10,10000
BATL24047504-027,REX-4133,CHI,2024-04-07,10000
BDAL25091432-028,REX-4133,CHI,2025-09-04,10000
BPHX23104190-029,REX-4133,ATL,2023-10-13,10000
BATL23119287-030,REX-4133,ATL,2023-11-19,10000
BATL23058393-031,REX-4133,DAL,2023-05-31,10000
BDAL24117852-032,REX-4133,CLE,2024-11-17,10000
BDAL23071597-033,REX-4133,DAL,2023-07-08,10000
BCHI23099783-034,REX-4133,PHX,2023-09-24,10000
BDAL23031348-035,REX-4133,DAL,2023-03-29,10000
BPHX24057479-036,REX-4133,PHX,2024-05-01,10000
BCLE25069508-037,REX-4133,CLE,2025-06-10,10000
BATL23087988-038,REX-4133,CLE,2023-08-27,10000
BATL23031907-039,REX-4133,CHI,2023-03-28,10000
BDAL24027399-040,REX-4133,PHX,2024-02-21,10000
BCLE23077328-041,REX-4133,ATL,2023-07-01,10000
BCLE25076249-042,REX-4133,ATL,2025-07-22,10000
BATL23074581-043,REX-4133,DAL,2023-07-24,10000
BDAL24111852-044,REX-4133,PHX,2024-11-28,10000
BCHI25114004-045,REX-4133,PHX,2025-11-08,10000
BPHX23088950-046,REX-4133,PHX,2023-08-11,10000
BCHI23104454-047,REX-4133,CHI,2023-10-20,10000
BDAL24061660-048,REX-4133,CLE,2024-06-24,10000
BDAL24051081-049,REX-4133,CHI,2024-05-10,10000
BATL25076613-050,REX-4133,DAL,2025-07-05,10000
BPHX24059660-051,REX-4133,ATL,2024-05-01,10000
BCLE25044472-052,REX-4133,ATL,2025-04-14,10000
BCHI25023033-053,REX-4133,CLE,2025-02-05,10000
BDAL23078397-054,REX-4133,CLE,2023-07-29,10000
BCHI23047033-055,REX-4133,CHI,2023-04-08,10000
BDAL23055681-056,REX-4133,CHI,2023-05-13,10000
BCLE24018423-057,REX-4133,DAL,2024-01-08,10000
BPHX23127893-058,REX-4133,CHI,2023-12-06,10000
BDAL25028474-059,REX-4133,CLE,2025-02-08,10000
BATL24089769-060,REX-4133,DAL,2024-08-28,10000
BCHI25025066-061,REX-4133,ATL,2025-02-25,10000
BCHI24112686-062,REX-4133,DAL,2024-11-07,10000
BCHI23026072-063,REX-4133,CHI,2023-02-13,10000
BATL24024119-064,REX-4133,CLE,2024-02-03,10000
BATL24015823-065,REX-4133,ATL,2024-01-14,10000
BPHX25051897-066,REX-4133,PHX,2025-05-30,10000
BCHI23028749-067,REX-4133,ATL,2023-02-17,10000
BCLE25038490-068,REX-4133,PHX,2025-03-26,10000
BPHX23033849-069,REX-4133,ATL,2023-03-04,10000
BCHI24094737-070,REX-4133,CHI,2024-09-25,10000
BDAL24036927-071,REX-4133,ATL,2024-03-27,10000
BATL25121286-072,REX-4133,DAL,2025-12-01,10000
BDAL23017676-073,REX-4133,CLE,2023-01-07,10000
BCHI23108113-074,REX-4133,DAL,2023-10-19,10000
BCHI23033412-075,REX-4133,PHX,2023-03-03,10000
BCHI25013402-076,REX-4133,PHX,2025-01-04,10000
BCLE24067265-077,REX-4133,CHI,2024-06-28,10000
BDAL25027667-078,REX-4133,CLE,2025-02-13,10000
BCLE24038895-079,REX-4133,PHX,2024-03-19,10000
BATL23074117-080,REX-4133,CHI,2023-07-21,10000
BCHI24106518-081,REX-4133,CLE,2024-10-04,10000
BATL24055375-082,REX-4133,PHX,2024-05-30,10000
BATL23116091-083,REX-4133,CHI,2023-11-02,10000
BCLE24071482-084,REX-4133,ATL,2024-07-10,10000
BATL25091016-085,REX-4133,CLE,2025-09-06,10000
BPHX25117400-086,REX-4133,PHX,2025-11-18,10000
BCLE23052913-087,REX-4133,PHX,2023-05-09,10000
BATL25102229-088,REX-4133,CLE,2025-10-28,10000
BCHI24016486-089,REX-4133,CLE,2024-01-31,10000
BCLE23047147-090,REX-4133,CHI,2023-04-09,10000
BCHI23045575-091,REX-4133,CLE,2023-04-25,10000
BCHI24082198-092,REX-4133,DAL,2024-08-23,10000
BPHX23047681-093,REX-4133,ATL,2023-04-22,10000
BCHI24028263-094,REX-4133,PHX,2024-02-06,10000
BCLE23107035-095,REX-4133,ATL,2023-10-22,10000
BDAL24071275-096,REX-4133,PHX,2024-07-27,10000
BPHX25065612-097,REX-4133,PHX,2025-06-21,10000
BCLE23118356-098,REX-4133,ATL,2023-11-29,10000
BPHX25043130-099,REX-4133,CHI,2025-04-05,10000
BDAL23101318-100,REX-4133,CHI,2023-10-08,10000
BPHX23078768-101,REX-4133,PHX,2023-07-08,10000
BATL23042094-102,REX-4133,DAL,2023-04-08,10000
BPHX23029584-103,REX-4133,CHI,2023-02-16,10000
BCLE24064199-104,REX-4133,ATL,2024-06-22,10000
BPHX24024802-105,REX-4133,CLE,2024-02-20,10000
BDAL23096863-106,REX-4133,ATL,2023-09-29,10000
BDAL24027575-107,REX-4133,CLE,2024-02-19,10000
BCHI25082296-108,REX-4133,PHX,2025-08-14,10000
BATL23013691-109,REX-4133,CLE,2023-01-22,10000
BCHI23063676-110,REX-4133,CLE,2023-06-10,10000
BCLE25024585-111,REX-4133,PHX,2025-02-16,10000
BCHI24056206-112,REX-4133,ATL,2024-05-02,10000
BPHX25089947-113,REX-4133,CHI,2025-08-15,10000
BPHX24122986-114,REX-4133,ATL,2024-12-07,10000
BPHX24032217-115,REX-4133,CHI,2024-03-22,10000
BDAL24085335-116,REX-4133,CHI,2024-08-30,10000
BATL23046292-117,REX-4133,CLE,2023-04-11,10000
BPHX23105817-118,REX-4133,CHI,2023-10-16,10000
BCLE23038064-119,REX-4133,DAL,2023-03-30,10000
BCLE24084874-120,REX-4133,PHX,2024-08-06,10000
BDAL24022664-121,REX-4133,PHX,2024-02-24,10000
BCHI25082774-122,REX-4133,ATL,2025-08-21,10000
BPHX25089411-123,REX-4133,ATL,2025-08-06,10000
BCLE24011229-124,REX-4133,ATL,2024-01-18,10000
BPHX23079785-125,REX-4133,ATL,2023-07-08,10000
BATL23075277-126,REX-4133,CHI,2023-07-29,10000
BATL25059947-127,REX-4133,DAL,2025-05-09,10000
BCHI25108175-128,REX-4133,ATL,2025-10-03,10000
BATL25059836-129,REX-4133,ATL,2025-05-22,10000
BCHI23083903-130,REX-4133,CHI,2023-08-24,10000
BPHX24101477-131,REX-4133,DAL,2024-10-14,10000
BCHI24048366-132,REX-4133,CLE,2024-04-13,10000
BCHI25109922-133,REX-4133,PHX,2025-10-06,10000
BCLE25048431-134,REX-4133,PHX,2025-04-04,10000
BPHX23059134-135,REX-4133,ATL,2023-05-06,10000
BCHI25043400-136,REX-4133,CLE,2025-04-09,10000
BCLE25017162-137,REX-4133,CHI,2025-01-17,10000
BCLE23103800-138,REX-4133,ATL,2023-10-22,10000
BDAL24046372-139,REX-4133,ATL,2024-04-03,10000
BPHX23066997-140,REX-4133,CLE,2023-06-26,10000
BCHI24118328-141,REX-4133,CLE,2024-11-17,10000
BPHX24063463-142,REX-4133,CLE,2024-06-26,10000
BCLE23123273-143,REX-4133,DAL,2023-12-23,10000
BPHX25031646-144,REX-4133,CHI,2025-03-25,10000
BATL24078044-145,REX-4133,CHI,2024-07-03,10000
BCHI24081264-146,REX-4133,ATL,2024-08-14,10000
BCLE23096421-147,REX-4133,CLE,2023-09-17,10000
BCHI24048096-148,REX-4133,CHI,2024-04-15,10000
BCHI24055781-149,REX-4133,ATL,2024-05-28,10000
BCHI24096533-150,REX-4133,CHI,2024-09-02,10000
BCHI25112081-151,REX-4133,CLE,2025-11-14,10000
BDAL24088403-152,REX-4133,CHI,2024-08-03,10000
BPHX25111586-153,REX-4133,PHX,2025-11-05,10000
BDAL23073933-154,REX-4133,ATL,2023-07-07,10000
BPHX25047397-155,REX-4133,PHX,2025-04-02,10000
BCHI24024059-156,REX-4133,CLE,2024-02-06,10000
BDAL25077233-157,REX-4133,CLE,2025-07-14,10000
BPHX23059108-158,REX-4133,CHI,2023-05-11,10000
BPHX25109879-159,REX-4133,ATL,2025-10-05,10000
BCHI25069146-160,REX-4133,ATL,2025-06-12,10000
BDAL23099456-161,REX-4133,CHI,2023-09-23,10000
BPHX24021625-162,REX-4133,CHI,2024-02-06,10000
BCHI24101010-163,REX-4133,PHX,2024-10-13,10000
BATL24017040-164,REX-4133,CLE,2024-01-17,10000
BCLE24076904-165,REX-4133,PHX,2024-07-05,10000
BCHI25026437-166,REX-4133,PHX,2025-02-19,10000
BCLE23033045-167,REX-4133,ATL,2023-03-20,10000
BCHI24073882-168,REX-4133,DAL,2024-07-26,10000
BDAL25025115-169,REX-4133,ATL,2025-02-06,10000
BPHX25037456-170,REX-4133,ATL,2025-03-16,10000
BDAL23105819-171,REX-4133,ATL,2023-10-15,10000
BATL24059727-172,REX-4133,CHI,2024-05-20,10000
BPHX24074640-173,REX-4133,ATL,2024-07-05,10000
BDAL23077633-174,REX-4133,ATL,2023-07-31,10000
BCLE24066371-175,REX-4133,ATL,2024-06-17,10000
BPHX24113914-176,REX-4133,DAL,2024-11-22,10000
BATL25033815-177,REX-4133,PHX,2025-03-07,10000
BATL24036625-178,REX-4133,CHI,2024-03-29,10000
BCLE25014662-179,REX-4133,CHI,2025-01-27,10000
BCHI23087409-180,REX-4133,DAL,2023-08-06,10000
BCLE25019022-181,REX-4133,CHI,2025-01-19,10000
BPHX24066314-182,REX-4133,CLE,2024-06-22,10000
BPHX24105707-183,REX-4133,DAL,2024-10-18,10000
BCLE24044181-184,REX-4133,DAL,2024-04-04,10000
BCHI23092220-185,REX-4133,CLE,2023-09-03,10000
BCHI25098933-186,REX-4133,ATL,2025-09-12,10000
BATL23049544-187,REX-4133,DAL,2023-04-07,10000
BDAL24041617-188,REX-4133,CLE,2024-04-28,10000
BATL25017463-189,REX-4133,DAL,2025-01-15,10000
BDAL23065811-190,REX-4133,PHX,2023-06-30,10000
BDAL23086370-191,REX-4133,ATL,2023-08-09,10000
BATL23083842-192,REX-4133,DAL,2023-08-08,10000
BPHX24038796-193,REX-4133,CHI,2024-03-15,10000
BATL23077983-194,REX-4133,PHX,2023-07-19,10000
BCLE24101263-195,REX-4133,CHI,2024-10-11,10000
BATL24062787-196,REX-4133,DAL,2024-06-28,10000
BCLE23066797-197,REX-4133,ATL,2023-06-28,10000
BPHX25079670-198,REX-4133,CLE,2025-07-24,10000
BCHI25081985-199,REX-4133,CHI,2025-08-26,10000
BPHX23091110-200,REX-4133,DAL,2023-09-27,10000
BATL25014850-201,REX-4133,CHI,2025-01-09,10000
BPHX24123667-202,REX-4133,ATL,2024-12-14,10000
BCHI24118014-203,REX-4133,PHX,2024-11-08,10000
BDAL23049297-204,REX-4133,PHX,2023-04-30,10000
BCHI25078245-205,REX-4133,DAL,2025-07-10,10000
BATL24093264-206,REX-4133,PHX,2024-09-03,10000
BCHI24116526-207,REX-4133,DAL,2024-11-22,10000
BCHI24117913-208,REX-4133,DAL,2024-11-26,10000
BCHI24105719-209,REX-4133,ATL,2024-10-11,10000
BATL25105989-210,REX-4133,CHI,2025-10-25,10000
BCLE23098014-211,REX-4133,DAL,2023-09-01,10000
BATL23021102-212,REX-4133,CLE,2023-02-22,10000
BATL23036027-213,REX-4133,DAL,2023-03-29,10000
BCHI24044802-214,REX-4133,CLE,2024-04-15,10000
BATL24042896-215,REX-4133,DAL,2024-04-29,10000
BCLE24104413-216,REX-4133,CLE,2024-10-11,10000
BDAL24108872-217,REX-4133,CLE,2024-10-25,10000
BPHX24023984-218,REX-4133,CLE,2024-02-22,10000
BDAL24085659-219,REX-4133,CHI,2024-08-04,10000
BPHX25029038-220,REX-4133,ATL,2025-02-23,10000
BATL25107931-221,REX-4133,PHX,2025-10-20,10000
BDAL25067771-222,REX-4133,ATL,2025-06-22,10000
BATL23017001-223,REX-4133,CHI,2023-01-14,10000
BDAL23125717-224,REX-4133,ATL,2023-12-10,10000
BCHI23054578-225,REX-4133,ATL,2023-05-23,10000
BATL23084119-226,REX-4133,CLE,2023-08-05,10000
BATL23093346-227,REX-4133,CLE,2023-09-16,10000
BCHI24092517-228,REX-4133,CLE,2024-09-16,10000
BCLE25022472-229,REX-4133,CHI,2025-02-11,10000
BPHX24055299-230,REX-4133,PHX,2024-05-16,10000
BATL23118588-231,REX-4133,DAL,2023-11-24,10000
BCHI23023704-232,REX-4133,PHX,2023-02-19,10000
BCHI25042426-233,REX-4133,PHX,2025-04-07,10000
BATL23126735-234,REX-4133,PHX,2023-12-29,10000
BDAL25085265-235,REX-4133,DAL,2025-08-08,10000
BPHX24063222-236,REX-4133,PHX,2024-06-28,10000
BCHI23111535-237,REX-4133,DAL,2023-11-13,10000
BCHI23102478-238,REX-4133,CHI,2023-10-19,10000
BPHX25074950-239,REX-4133,CLE,2025-07-17,10000
BCLE25033976-240,REX-4133,PHX,2025-03-14,10000
BPHX23093876-241,REX-4133,CLE,2023-09-05,10000
BATL25074249-242,REX-4133,PHX,2025-07-25,10000
BCHI24034049-243,REX-4133,CLE,2024-03-20,10000
BATL24103826-244,REX-4133,ATL,2024-10-29,10000
BPHX24033804-245,REX-4133,CLE,2024-03-14,10000
BDAL25052234-246,REX-4133,DAL,2025-05-24,10000
BCHI24043357-247,REX-4133,ATL,2024-04-28,10000
BDAL23126958-248,REX-4133,ATL,2023-12-08,10000
BDAL24026047-249,REX-4133,DAL,2024-02-21,10000
BCLE25059013-250,REX-4133,PHX,2025-05-05,10000
BATL25103647-251,REX-4133,PHX,2025-10-06,10000
BATL24081320-252,REX-4133,CHI,2024-08-16,10000
BDAL24115159-253,REX-4133,CHI,2024-11-12,10000
BCHI25102908-254,REX-4133,ATL,2025-10-17,10000
BCHI25078189-255,REX-4133,CLE,2025-07-04,10000
BCHI24013856-256,REX-4133,PHX,2024-01-18,10000
BATL23051908-257,REX-4133,DAL,2023-05-24,10000
BCHI24058676-258,REX-4133,CHI,2024-05-19,10000
BCLE25104510-259,REX-4133,PHX,2025-10-16,10000
BATL24109502-260,REX-4133,ATL,2024-10-31,10000
BATL23091460-261,REX-4133,CLE,2023-09-25,10000
BDAL23107506-262,REX-4133,CLE,2023-10-03,10000
BATL24011616-263,REX-4133,CLE,2024-01-21,10000
BCHI24069010-264,REX-4133,CHI,2024-06-27,10000
BCHI25089248-265,REX-4133,CHI,2025-08-11,10000
BDAL25064450-266,REX-4133,DAL,2025-06-16,10000
BDAL25114025-267,REX-4133,ATL,2025-11-19,10000
BCLE25031662-268,REX-4133,ATL,2025-03-18,10000
BDAL23025949-269,REX-4133,ATL,2023-02-05,10000
BCLE25036254-270,REX-4133,CLE,2025-03-05,10000
BCLE25076683-271,REX-4133,ATL,2025-07-31,10000
BCHI24032533-272,REX-4133,CLE,2024-03-06,10000
BCHI23113743-273,REX-4133,CHI,2023-11-02,10000
BCLE24122515-274,REX-4133,DAL,2024-12-14,10000
BPHX24025541-275,REX-4133,CHI,2024-02-12,10000
BCLE24014216-276,REX-4133,CLE,2024-01-30,10000
BPHX25052354-277,REX-4133,ATL,2025-05-01,10000
BCLE25102886-278,REX-4133,ATL,2025-10-20,10000
BCLE25033472-279,REX-4133,ATL,2025-03-25,10000
BATL23083578-280,REX-4133,CLE,2023-08-25,10000
BPHX25078644-281,REX-4133,ATL,2025-07-31,10000
BCLE23042462-282,REX-4133,CLE,2023-04-20,10000
BPHX23087597-283,REX-4133,CLE,2023-08-19,10000
BATL23091685-284,REX-4133,CLE,2023-09-23,10000
BPHX23033228-285,REX-4133,DAL,2023-03-07,10000
BATL25064243-286,REX-4133,CHI,2025-06-15,10000
BCLE24035810-287,REX-4133,CHI,2024-03-14,10000
BPHX24017230-288,REX-4133,DAL,2024-01-30,10000
BCHI24031219-289,REX-4133,ATL,2024-03-02,10000
BDAL25079535-290,REX-4133,CLE,2025-07-21,10000
BDAL23113885-291,REX-4133,CLE,2023-11-03,10000
BDAL23071372-292,REX-4133,CHI,2023-07-04,10000
BCHI25033303-293,REX-4133,DAL,2025-03-19,10000
BCHI23016351-294,REX-4133,ATL,2023-01-18,10000
BCHI23115697-295,REX-4133,PHX,2023-11-04,10000
BCLE23094172-296,REX-4133,DAL,2023-09-21,10000
BPHX24122081-297,REX-4133,CLE,2024-12-17,10000
BCHI24036656-298,REX-4133,ATL,2024-03-15,10000
BCLE25102592-299,REX-4133,ATL,2025-10-13,10000
BCLE25073324-300,REX-4133,DAL,2025-07-18,10000
BPHX24016882-301,REX-4133,CHI,2024-01-26,10000
BCHI24107007-302,REX-4133,PHX,2024-10-30,10000
BATL24094473-303,REX-4133,CLE,2024-09-20,10000
BCLE24063558-304,REX-4133,CLE,2024-06-15,10000
BPHX23101881-305,REX-4133,PHX,2023-10-16,10000
BDAL23093653-306,REX-4133,PHX,2023-09-10,10000
BCHI24049107-307,REX-4133,DAL,2024-04-17,10000
BATL23052007-308,REX-4133,PHX,2023-05-04,10000
BPHX23067982-309,REX-4133,CHI,2023-06-24,10000
BPHX23024738-310,REX-4133,ATL,2023-02-15,10000
BDAL23099700-311,REX-4133,CLE,2023-09-17,10000
BDAL24125277-312,REX-4133,ATL,2024-12-02,10000
BATL23015676-313,REX-4133,CLE,2023-01-16,10000
BCLE24053042-314,REX-4133,CLE,2024-05-26,10000
BPHX25019132-000,REX-4140,CHI,2025-01-13,10000
BDAL25077933-001,REX-4140,DAL,2025-07-13,10000
BDAL23058255-002,REX-4140,CHI,2023-05-13,10000
BDAL24125670-003,REX-4140,PHX,2024-12-13,10000
BATL23125116-004,REX-4140,PHX,2023-12-20,10000
BATL23085114-005,REX-4140,PHX,2023-08-06,10000
BCLE25062811-006,REX-4140,CLE,2025-06-08,10000
BCLE23059424-007,REX-4140,CLE,2023-05-02,10000
BATL23031436-008,REX-4140,PHX,2023-03-21,10000
BCLE24048361-009,REX-4140,PHX,2024-04-15,10000
BCLE24079011-010,REX-4140,ATL,2024-07-19,10000
BCHI25051698-011,REX-4140,CHI,2025-05-17,10000
BCHI23012596-012,REX-4140,DAL,2023-01-27,10000
BCLE25073426-013,REX-4140,CHI,2025-07-06,10000
BCLE23036615-014,REX-4140,CLE,2023-03-04,10000
BCLE25084202-015,REX-4140,CHI,2025-08-07,10000
BPHX23038421-016,REX-4140,CLE,2023-03-28,10000
BCLE24058568-017,REX-4140,ATL,2024-05-19,10000
BCLE24111783-018,REX-4140,DAL,2024-11-11,10000
BCHI25015514-019,REX-4140,PHX,2025-01-09,10000
BATL24097563-020,REX-4140,ATL,2024-09-06,10000
BATL23081406-021,REX-4140,CLE,2023-08-22,10000
BATL25066716-022,REX-4140,CHI,2025-06-10,10000
BPHX24127978-023,REX-4140,PHX,2024-12-28,10000
BPHX24061486-024,REX-4140,ATL,2024-06-03,10000
BCHI23091089-025,REX-4140,DAL,2023-09-04,10000
BATL24027595-026,REX-4140,ATL,2024-02-12,10000
BDAL25068167-027,REX-4140,PHX,2025-06-19,10000
BATL25062293-028,REX-4140,DAL,2025-06-13,10000
BCHI23054941-029,REX-4140,ATL,2023-05-12,10000
BCLE25081525-030,REX-4140,CLE,2025-08-30,10000
BPHX24067796-031,REX-4140,PHX,2024-06-28,10000
BDAL23076412-032,REX-4140,CHI,2023-07-25,10000
BCLE23022908-033,REX-4140,CLE,2023-02-21,10000
BCHI25078956-034,REX-4140,PHX,2025-07-04,10000
BDAL23091611-035,REX-4140,CLE,2023-09-12,10000
BCHI24064865-036,REX-4140,CHI,2024-06-21,10000
BCHI23055416-037,REX-4140,CHI,2023-05-20,10000
BDAL23015084-038,REX-4140,CLE,2023-01-07,10000
BATL24101692-039,REX-4140,DAL,2024-10-10,10000
BCLE25105876-040,REX-4140,CHI,2025-10-24,10000
BPHX25109670-041,REX-4140,PHX,2025-10-14,10000
BCLE24044254-042,REX-4140,PHX,2024-04-03,10000
BCLE25067792-043,REX-4140,PHX,2025-06-18,10000
BCLE24087731-044,REX-4140,PHX,2024-08-22,10000
BATL23074543-045,REX-4140,PHX,2023-07-23,10000
BCLE24088946-046,REX-4140,PHX,2024-08-10,10000
BATL24064822-047,REX-4140,ATL,2024-06-29,10000
BPHX24103998-048,REX-4140,ATL,2024-10-22,10000
BCHI25115736-049,REX-4140,CHI,2025-11-21,10000
BCHI23088308-050,REX-4140,CLE,2023-08-22,10000
BDAL23053705-051,REX-4140,PHX,2023-05-18,10000
BCLE23104511-052,REX-4140,PHX,2023-10-13,10000
BCHI23048548-053,REX-4140,CHI,2023-04-15,10000
BCLE23122458-054,REX-4140,PHX,2023-12-18,10000
BATL23041449-055,REX-4140,DAL,2023-04-23,10000
BCHI23072371-056,REX-4140,ATL,2023-07-14,10000
BCHI25019404-057,REX-4140,CHI,2025-01-26,10000
BCHI25108349-058,REX-4140,ATL,2025-10-30,10000
BCLE23088281-059,REX-4140,CLE,2023-08-18,10000
BCHI25105747-060,REX-4140,CHI,2025-10-28,10000
BCLE23039955-061,REX-4140,PHX,2023-03-04,10000
BDAL24069767-062,REX-4140,ATL,2024-06-16,10000
BCLE23118393-063,REX-4140,DAL,2023-11-26,10000
BATL25118214-064,REX-4140,CHI,2025-11-16,10000
BPHX25021188-065,REX-4140,CHI,2025-02-04,10000
BCLE23121420-066,REX-4140,DAL,2023-12-20,10000
BPHX23048771-067,REX-4140,DAL,2023-04-06,10000
BCLE25083946-068,REX-4140,ATL,2025-08-27,10000
BCHI25022394-069,REX-4140,DAL,2025-02-17,10000
BCLE25042376-070,REX-4140,ATL,2025-04-05,10000
BPHX25115430-071,REX-4140,ATL,2025-11-12,10000
BCHI25059268-072,REX-4140,ATL,2025-05-17,10000
BPHX25088817-073,REX-4140,CLE,2025-08-06,10000
BCLE24076810-074,REX-4140,ATL,2024-07-01,10000
BDAL23082448-075,REX-4140,CHI,2023-08-30,10000
BCLE25056809-076,REX-4140,PHX,2025-05-17,10000
BPHX23045065-077,REX-4140,ATL,2023-04-01,10000
BDAL25094672-078,REX-4140,DAL,2025-09-25,10000
BDAL25022753-079,REX-4140,PHX,2025-02-11,10000
BATL25035798-080,REX-4140,CLE,2025-03-26,10000
BDAL25057165-081,REX-4140,PHX,2025-05-13,10000
BDAL24058033-082,REX-4140,CLE,2024-05-24,10000
BPHX24069383-083,REX-4140,DAL,2024-06-28,10000
BCLE23118273-084,REX-4140,CLE,2023-11-07,10000
BCHI23116538-085,REX-4140,CLE,2023-11-10,10000
BATL25033618-086,REX-4140,DAL,2025-03-01,10000
BPHX24055509-087,REX-4140,CHI,2024-05-12,10000
BCLE23099233-088,REX-4140,CHI,2023-09-14,10000
BDAL24039759-089,REX-4140,PHX,2024-03-30,10000
BATL25101673-090,REX-4140,PHX,2025-10-24,10000
BDAL23107474-091,REX-4140,PHX,2023-10-09,10000
BCHI23118293-092,REX-4140,CHI,2023-11-06,10000
BPHX23051361-093,REX-4140,CHI,2023-05-20,10000
BCLE23055913-094,REX-4140,CLE,2023-05-10,10000
BCLE24035067-095,REX-4140,DAL,2024-03-15,10000
BATL23127674-096,REX-4140,CLE,2023-12-01,10000
BATL24048784-097,REX-4140,PHX,2024-04-21,10000
BDAL23014056-098,REX-4140,ATL,2023-01-01,10000
BDAL23036262-099,REX-4140,CHI,2023-03-31,10000
BCLE25117563-100,REX-4140,DAL,2025-11-12,10000
BATL23026903-101,REX-4140,DAL,2023-02-14,10000
BPHX24093369-102,REX-4140,DAL,2024-09-10,10000
BCHI23092595-103,REX-4140,PHX,2023-09-13,10000
BCLE24104166-104,REX-4140,DAL,2024-10-13,10000
BCLE24077822-105,REX-4140,PHX,2024-07-14,10000
BPHX23058933-106,REX-4140,CLE,2023-05-10,10000
BATL25115238-107,REX-4140,CHI,2025-11-22,10000
BCHI23039864-108,REX-4140,CLE,2023-03-27,10000
BPHX25033383-109,REX-4140,CLE,2025-03-31,10000
BCLE24078255-110,REX-4140,DAL,2024-07-10,10000
BCHI25042713-111,REX-4140,ATL,2025-04-27,10000
BCHI24104026-112,REX-4140,PHX,2024-10-30,10000
BDAL25029944-113,REX-4140,PHX,2025-02-10,10000
BCHI24057485-114,REX-4140,CHI,2024-05-24,10000
BDAL25069302-115,REX-4140,PHX,2025-06-20,10000
BCLE24106362-116,REX-4140,DAL,2024-10-01,10000
BDAL24061807-117,REX-4140,CLE,2024-06-18,10000
BCHI23093208-118,REX-4140,CHI,2023-09-12,10000
BCLE24018827-119,REX-4140,DAL,2024-01-05,10000
BPHX24051728-120,REX-4140,DAL,2024-05-19,10000
BCLE23088773-121,REX-4140,CLE,2023-08-21,10000
BCLE25054720-122,REX-4140,CHI,2025-05-15,10000
BATL25037901-123,REX-4140,DAL,2025-03-19,10000
BPHX24053060-124,REX-4140,CLE,2024-05-24,10000
BCHI25115258-125,REX-4140,DAL,2025-11-20,10000
BCHI25021914-126,REX-4140,PHX,2025-02-01,10000
BCLE25091805-127,REX-4140,CLE,2025-09-21,10000
BATL24095894-128,REX-4140,CHI,2024-09-08,10000
BATL24051769-129,REX-4140,DAL,2024-05-27,10000
BPHX25025488-130,REX-4140,CHI,2025-02-09,10000
BPHX25069151-131,REX-4140,PHX,2025-06-09,10000
BDAL23048140-132,REX-4140,DAL,2023-04-13,10000
BCLE23116091-133,REX-4140,DAL,2023-11-28,10000
BDAL25059028-134,REX-4140,PHX,2025-05-17,10000
BCHI24111478-135,REX-4140,CHI,2024-11-27,10000
BDAL25076225-136,REX-4140,ATL,2025-07-11,10000
BCHI24011473-137,REX-4140,PHX,2024-01-29,10000
BATL23097054-138,REX-4140,DAL,2023-09-25,10000
BPHX25043143-139,REX-4140,ATL,2025-04-08,10000
BDAL25055738-140,REX-4140,CLE,2025-05-07,10000
BPHX23086472-141,REX-4140,CHI,2023-08-11,10000
BATL24121879-142,REX-4140,CLE,2024-12-11,10000
BATL25054059-143,REX-4140,CLE,2025-05-21,10000
BATL23125818-144,REX-4140,ATL,2023-12-25,10000
BPHX25078837-145,REX-4140,PHX,2025-07-14,10000
BPHX24093200-146,REX-4140,DAL,2024-09-28,10000
BPHX23051454-147,REX-4140,CLE,2023-05-18,10000
BATL23065602-148,REX-4140,CLE,2023-06-11,10000
BDAL23079247-149,REX-4140,DAL,2023-07-09,10000
BPHX25111982-150,REX-4140,CLE,2025-11-24,10000
BCLE23018775-151,REX-4140,CHI,2023-01-31,10000
BPHX25118883-152,REX-4140,PHX,2025-11-23,10000
BATL23092296-153,REX-4140,ATL,2023-09-19,10000
BPHX25011223-154,REX-4140,DAL,2025-01-03,10000
BATL25077693-155,REX-4140,DAL,2025-07-02,10000
BPHX23122247-156,REX-4140,ATL,2023-12-03,10000
BATL23081876-157,REX-4140,ATL,2023-08-16,10000
BATL24058843-158,REX-4140,DAL,2024-05-29,10000
BPHX24046664-159,REX-4140,CHI,2024-04-11,10000
BCHI25031787-160,REX-4140,PHX,2025-03-01,10000
BATL24127037-161,REX-4140,DAL,2024-12-18,10000
BATL25116075-162,REX-4140,ATL,2025-11-18,10000
BCHI23094810-163,REX-4140,CHI,2023-09-10,10000
BDAL24106931-164,REX-4140,DAL,2024-10-26,10000
BCLE23048032-165,REX-4140,DAL,2023-04-07,10000
BDAL24095672-166,REX-4140,PHX,2024-09-17,10000
BATL24114224-167,REX-4140,CLE,2024-11-24,10000
BATL23084171-168,REX-4140,ATL,2023-08-17,10000
BDAL25079802-169,REX-4140,CHI,2025-07-05,10000
BCHI25102390-170,REX-4140,PHX,2025-10-03,10000
BPHX25064379-171,REX-4140,ATL,2025-06-16,10000
BATL24089016-172,REX-4140,ATL,2024-08-24,10000
BATL23039829-173,REX-4140,PHX,2023-03-04,10000
BCLE23128778-174,REX-4140,DAL,2023-12-14,10000
BCHI23011995-175,REX-4140,CLE,2023-01-26,10000
BATL25031683-176,REX-4140,DAL,2025-03-03,10000
BATL24111543-177,REX-4140,PHX,2024-11-04,10000
BDAL24049934-178,REX-4140,CHI,2024-04-15,10000
BDAL23104759-179,REX-4140,DAL,2023-10-24,10000
BDAL24041193-180,REX-4140,CLE,2024-04-15,10000
BCHI23082132-181,REX-4140,PHX,2023-08-01,10000
BPHX25069276-182,REX-4140,DAL,2025-06-21,10000
BCLE25117962-183,REX-4140,DAL,2025-11-19,10000
BDAL23125163-184,REX-4140,DAL,2023-12-19,10000
BDAL25015290-185,REX-4140,PHX,2025-01-06,10000
BCHI23044444-186,REX-4140,CHI,2023-04-20,10000
BCLE25018784-187,REX-4140,CHI,2025-01-10,10000
BPHX24032755-188,REX-4140,CLE,2024-03-21,10000
BATL24103020-189,REX-4140,ATL,2024-10-18,10000
BCHI25079396-190,REX-4140,DAL,2025-07-23,10000
BCHI25037972-191,REX-4140,CHI,2025-03-01,10000
BATL25111998-192,REX-4140,DAL,2025-11-19,10000
BPHX24103176-193,REX-4140,PHX,2024-10-06,10000
BDAL23088363-194,REX-4140,ATL,2023-08-03,10000
BPHX24064810-195,REX-4140,CLE,2024-06-03,10000
BCHI23079854-196,REX-4140,PHX,2023-07-03,10000
BATL24065387-197,REX-4140,ATL,2024-06-01,10000
BCHI24024709-198,REX-4140,CHI,2024-02-22,10000
BATL25079543-199,REX-4140,ATL,2025-07-09,10000
BCHI24052690-200,REX-4140,ATL,2024-05-02,10000
BCHI23089191-201,REX-4140,CLE,2023-08-19,10000
BATL25034442-202,REX-4140,ATL,2025-03-13,10000
BCHI25111808-203,REX-4140,CHI,2025-11-24,10000
BATL24033387-204,REX-4140,CLE,2024-03-10,10000
BCLE23041244-205,REX-4140,ATL,2023-04-02,10000
BATL24041034-206,REX-4140,CLE,2024-04-16,10000
BCHI23057323-207,REX-4140,PHX,2023-05-10,10000
BPHX25062877-208,REX-4140,CLE,2025-06-07,10000
BCHI23038878-209,REX-4140,PHX,2023-03-03,10000
BCLE23099974-210,REX-4140,CLE,2023-09-07,10000
BATL24087105-211,REX-4140,PHX,2024-08-28,10000
BDAL23072011-212,REX-4140,ATL,2023-07-10,10000
BDAL24084997-213,REX-4140,CLE,2024-08-15,10000
BCLE25118906-214,REX-4140,DAL,2025-11-11,10000
BCHI25053265-215,REX-4140,ATL,2025-05-12,10000
BDAL24107695-216,REX-4140,CHI,2024-10-06,10000
BCLE24101571-217,REX-4140,CLE,2024-10-09,10000
BCLE24028488-218,REX-4140,PHX,2024-02-11,10000
BCLE24017063-219,REX-4140,DAL,2024-01-09,10000
BCHI24117212-220,REX-4140,PHX,2024-11-05,10000
BDAL23061320-221,REX-4140,CLE,2023-06-02,10000
BPHX25067388-222,REX-4140,PHX,2025-06-11,10000
BCLE24072209-223,REX-4140,CLE,2024-07-04,10000
BDAL25035900-224,REX-4140,CLE,2025-03-15,10000
BATL23075623-225,REX-4140,CLE,2023-07-04,10000
BCHI25076307-226,REX-4140,CLE,2025-07-04,10000
BCHI25035405-227,REX-4140,CHI,2025-03-27,10000
BCLE25089565-228,REX-4140,CHI,2025-08-19,10000
BDAL23014189-229,REX-4140,PHX,2023-01-31,10000
BCHI25054314-230,REX-4140,DAL,2025-05-09,10000
BPHX23109753-231,REX-4140,CHI,2023-10-16,10000
BATL25047363-232,REX-4140,CHI,2025-04-09,10000
BCLE25079650-233,REX-4140,ATL,2025-07-29,10000
BCHI25069520-234,REX-4140,CHI,2025-06-06,10000
BPHX23089669-235,REX-4140,PHX,2023-08-31,10000
BDAL23051501-236,REX-4140,DAL,2023-05-29,10000
BATL25056947-237,REX-4140,PHX,2025-05-28,10000
BCHI23068446-238,REX-4140,PHX,2023-06-08,10000
BCHI23024878-239,REX-4140,ATL,2023-02-17,10000
BCLE23023174-240,REX-4140,PHX,2023-02-15,10000
BPHX25019552-241,REX-4140,CHI,2025-01-04,10000
BPHX24011240-242,REX-4140,DAL,2024-01-18,10000
BCHI23061095-243,REX-4140,CHI,2023-06-11,10000
BATL25012193-244,REX-4140,PHX,2025-01-24,10000
BDAL25019363-245,REX-4140,DAL,2025-01-09,10000
BPHX23088973-246,REX-4140,PHX,2023-08-30,10000
BCLE24083260-247,REX-4140,PHX,2024-08-18,10000
BPHX24084029-248,REX-4140,CLE,2024-08-30,10000
BCHI23073370-249,REX-4140,DAL,2023-07-17,10000
BCHI23077599-250,REX-4140,ATL,2023-07-08,10000
BDAL25063900-251,REX-4140,ATL,2025-06-11,10000
BCHI23108823-252,REX-4140,DAL,2023-10-16,10000
BCHI25112219-253,REX-4140,PHX,2025-11-15,10000
BDAL23047003-254,REX-4140,DAL,2023-04-20,10000
BCLE23096678-255,REX-4140,DAL,2023-09-28,10000
BPHX25021743-256,REX-4140,DAL,2025-02-02,10000
BCHI25063071-257,REX-4140,CLE,2025-06-10,10000
BATL23107015-258,REX-4140,PHX,2023-10-17,10000
BCHI23011295-259,REX-4140,CLE,2023-01-01,10000
BPHX23054597-260,REX-4140,DAL,2023-05-10,10000
BDAL25041865-261,REX-4140,PHX,2025-04-19,10000
BATL23123228-262,REX-4140,DAL,2023-12-18,10000
BATL25089242-263,REX-4140,ATL,2025-08-20,10000
BDAL24111082-264,REX-4140,CLE,2024-11-02,10000
BPHX23079522-265,REX-4140,CHI,2023-07-02,10000
BATL24015289-266,REX-4140,PHX,2024-01-10,10000
BCLE24053232-267,REX-4140,PHX,2024-05-07,10000
BPHX23059884-268,REX-4140,DAL,2023-05-29,10000
BPHX23012079-269,REX-4140,CLE,2023-01-13,10000
BCHI24121966-270,REX-4140,CLE,2024-12-20,10000
BCHI23087091-271,REX-4140,CLE,2023-08-26,10000
BPHX23122789-272,REX-4140,CLE,2023-12-31,10000
BATL24108002-273,REX-4140,CLE,2024-10-07,10000
BDAL23034725-274,REX-4140,PHX,2023-03-31,10000
BCHI23043230-275,REX-4140,ATL,2023-04-20,10000
BCLE23038575-276,REX-4140,CLE,2023-03-31,10000
BCHI25056143-277,REX-4140,CLE,2025-05-31,10000
BPHX23015201-278,REX-4140,CLE,2023-01-10,10000
BCHI25106116-279,REX-4140,CHI,2025-10-29,10000
BDAL24114719-280,REX-4140,ATL,2024-11-01,10000
BPHX25084495-281,REX-4140,PHX,2025-08-17,10000
BATL24125212-282,REX-4140,DAL,2024-12-06,10000
BCLE25087773-283,REX-4140,CLE,2025-08-25,10000
BATL25118768-284,REX-4140,ATL,2025-11-20,10000
BCHI24092354-285,REX-4140,ATL,2024-09-28,10000
BCLE23055224-286,REX-4140,DAL,2023-05-25,10000
BATL23046763-287,REX-4140,CHI,2023-04-03,10000
BATL25044001-288,REX-4140,CLE,2025-04-05,10000
BDAL25084495-289,REX-4140,DAL,2025-08-17,10000
BDAL25069585-290,REX-4140,ATL,2025-06-15,10000
BATL24117892-291,REX-4140,CHI,2024-11-21,10000
BPHX23055472-292,REX-4140,CHI,2023-05-04,10000
BCLE25068033-293,REX-4140,PHX,2025-06-10,10000
BCHI24029977-294,REX-4140,ATL,2024-02-01,10000
BDAL24059879-295,REX-4140,CHI,2024-05-29,10000
BCHI24025974-296,REX-4140,ATL,2024-02-04,10000
BATL24107268-297,REX-4140,DAL,2024-10-13,10000
BATL25049850-298,REX-4140,CLE,2025-04-11,10000
BDAL24111869-299,REX-4140,PHX,2024-11-08,10000
BDAL25061821-300,REX-4140,PHX,2025-06-28,10000
BPHX25016497-301,REX-4140,DAL,2025-01-07,10000
BDAL23067505-302,REX-4140,ATL,2023-06-13,10000
BCHI24023994-303,REX-4140,CLE,2024-02-26,10000
BCHI23036460-304,REX-4140,DAL,2023-03-11,10000
BCLE23089083-305,REX-4140,DAL,2023-08-08,10000
BCHI23022666-306,REX-4140,ATL,2023-02-26,10000
BCLE23072640-307,REX-4140,PHX,2023-07-24,10000
BPHX25112552-308,REX-4140,CHI,2025-11-05,10000
BATL23026382-309,REX-4140,DAL,2023-02-09,10000
BPHX25061884-310,REX-4140,ATL,2025-06-30,10000
BCLE23127653-311,REX-4140,CHI,2023-12-11,10000
BATL25016163-312,REX-4140,DAL,2025-01-29,10000
BATL23061010-313,REX-4140,CLE,2023-06-20,10000
BATL23108171-314,REX-4140,DAL,2023-10-04,10000
BCLE25011173-315,REX-4140,ATL,2025-01-01,10000
BCLE25052293-316,REX-4140,DAL,2025-05-05,10000
BDAL23084515-317,REX-4140,ATL,2023-08-16,10000
BCHI24125253-318,REX-4140,PHX,2024-12-11,10000
BCLE24118177-319,REX-4140,DAL,2024-11-26,10000
BPHX23032636-320,REX-4140,PHX,2023-03-31,10000
BATL24018597-321,REX-4140,CHI,2024-01-27,10000
BDAL23046999-322,REX-4140,CLE,2023-04-12,10000
BCLE24041788-323,REX-4140,CLE,2024-04-17,10000
BDAL25034542-324,REX-4140,DAL,2025-03-15,10000
BATL23012941-325,REX-4140,CLE,2023-01-25,10000
BDAL24073065-326,REX-4140,CLE,2024-07-22,10000
BPHX24031747-327,REX-4140,CHI,2024-03-15,10000
BCLE24082179-328,REX-4140,CHI,2024-08-05,10000
BCHI24092536-329,REX-4140,ATL,2024-09-06,10000
BCHI24113855-330,REX-4140,CHI,2024-11-20,10000
BDAL25014991-331,REX-4140,DAL,2025-01-05,10000
BATL24111748-332,REX-4140,DAL,2024-11-28,10000
BCLE25031544-333,REX-4140,CLE,2025-03-05,10000
BPHX25041213-334,REX-4140,CLE,2025-04-14,10000
BCHI25038020-335,REX-4140,CHI,2025-03-25,10000
BCLE23059957-336,REX-4140,PHX,2023-05-01,10000
BPHX25065305-337,REX-4140,CLE,2025-06-18,10000
BPHX24059207-338,REX-4140,DAL,2024-05-09,10000
BATL23094175-339,REX-4140,CHI,2023-09-14,10000
BDAL24087143-340,REX-4140,ATL,2024-08-14,10000
BCLE23027432-341,REX-4140,PHX,2023-02-12,10000
BPHX25073575-342,REX-4140,DAL,2025-07-27,10000
BCLE24114571-343,REX-4140,ATL,2024-11-02,10000
BCLE24122194-344,REX-4140,PHX,2024-12-13,10000
BPHX24036129-345,REX-4140,DAL,2024-03-11,10000
BPHX23094008-346,REX-4140,DAL,2023-09-24,10000
BPHX23089802-347,REX-4140,DAL,2023-08-05,10000
BCHI24012001-348,REX-4140,ATL,2024-01-12,10000
BATL23114626-349,REX-4140,DAL,2023-11-03,10000
BCLE24112142-350,REX-4140,CLE,2024-11-08,10000
BCHI23031652-351,REX-4140,PHX,2023-03-07,10000
BDAL23045002-352,REX-4140,CLE,2023-04-06,10000
BCHI25045149-353,REX-4140,ATL,2025-04-27,10000
BATL23012911-000,REX-4147,CLE,2023-01-29,10000
BPHX25028275-001,REX-4147,ATL,2025-02-25,10000
BCHI23101106-002,REX-4147,DAL,2023-10-06,10000
BPHX24116473-003,REX-4147,CHI,2024-11-16,10000
BDAL25074048-004,REX-4147,CLE,2025-07-12,10000
BCHI23127938-005,REX-4147,DAL,2023-12-17,10000
BPHX23121760-006,REX-4147,ATL,2023-12-10,10000
BPHX24053935-007,REX-4147,CLE,2024-05-07,10000
BPHX23107062-008,REX-4147,DAL,2023-10-17,10000
BCLE24015191-009,REX-4147,PHX,2024-01-18,10000
BCLE25083065-010,REX-4147,CLE,2025-08-06,10000
BCLE25062488-011,REX-4147,DAL,2025-06-30,10000
BATL23111100-012,REX-4147,ATL,2023-11-28,10000
BPHX24013756-013,REX-4147,CLE,2024-01-23,10000
BCLE23126776-014,REX-4147,CHI,2023-12-17,10000
BCHI23099009-015,REX-4147,CLE,2023-09-12,10000
BCHI25012547-016,REX-4147,PHX,2025-01-19,10000
BCLE23089243-017,REX-4147,PHX,2023-08-06,10000
BCHI24037085-018,REX-4147,DAL,2024-03-09,10000
BCHI23066127-019,REX-4147,CHI,2023-06-17,10000
BPHX25083743-020,REX-4147,CLE,2025-08-07,10000
BCHI25029466-021,REX-4147,CLE,2025-02-20,10000
BDAL23044872-022,REX-4147,PHX,2023-04-14,10000
BCLE24039970-023,REX-4147,PHX,2024-03-18,10000
BCHI23118857-024,REX-4147,ATL,2023-11-13,10000
BDAL25116434-025,REX-4147,DAL,2025-11-08,10000
BCLE23049419-026,REX-4147,ATL,2023-04-20,10000
BPHX23123662-027,REX-4147,CLE,2023-12-11,10000
BATL23044502-028,REX-4147,CHI,2023-04-21,10000
BCHI24083088-029,REX-4147,ATL,2024-08-26,10000
BATL23101969-030,REX-4147,DAL,2023-10-05,10000
BDAL23075566-031,REX-4147,PHX,2023-07-01,10000
BATL24073157-032,REX-4147,CHI,2024-07-24,10000
BCLE23087905-033,REX-4147,DAL,2023-08-13,10000
BCLE24023073-034,REX-4147,CLE,2024-02-06,10000
BCLE23094405-035,REX-4147,CLE,2023-09-19,10000
BATL24074588-036,REX-4147,ATL,2024-07-21,10000
BPHX23099159-037,REX-4147,DAL,2023-09-25,10000
BCLE23094992-038,REX-4147,DAL,2023-09-18,10000
BCLE24023140-039,REX-4147,CHI,2024-02-02,10000
BPHX23076496-040,REX-4147,CLE,2023-07-11,10000
BDAL25047485-041,REX-4147,ATL,2025-04-13,10000
BCLE23016643-042,REX-4147,CHI,2023-01-06,10000
BPHX24048486-043,REX-4147,PHX,2024-04-17,10000
BPHX24122572-044,REX-4147,CHI,2024-12-29,10000
BATL24042163-045,REX-4147,CLE,2024-04-04,10000
BCHI23112468-046,REX-4147,PHX,2023-11-28,10000
BPHX23065891-047,REX-4147,PHX,2023-06-01,10000
BATL23039698-048,REX-4147,ATL,2023-03-25,10000
BCLE23095319-049,REX-4147,ATL,2023-09-02,10000
BCLE24077342-050,REX-4147,PHX,2024-07-19,10000
BATL23112329-051,REX-4147,ATL,2023-11-29,10000
BPHX23088976-052,REX-4147,CLE,2023-08-31,10000
BCLE25107011-053,REX-4147,PHX,2025-10-23,10000
BPHX25017443-054,REX-4147,PHX,2025-01-24,10000
BPHX23034831-055,REX-4147,PHX,2023-03-25,10000
BCLE23119390-056,REX-4147,PHX,2023-11-10,10000
BDAL25011990-057,REX-4147,DAL,2025-01-11,10000
BDAL24085923-058,REX-4147,CLE,2024-08-10,10000
BPHX25067414-059,REX-4147,ATL,2025-06-22,10000
BCHI24094089-060,REX-4147,ATL,2024-09-19,10000
BDAL25051139-061,REX-4147,DAL,2025-05-03,10000
BATL25028432-062,REX-4147,ATL,2025-02-10,10000
BATL23097313-063,REX-4147,ATL,2023-09-23,10000
BCLE25062449-064,REX-4147,DAL,2025-06-07,10000
BDAL23104546-065,REX-4147,PHX,2023-10-28,10000
BDAL23106252-066,REX-4147,DAL,2023-10-09,10000
BCLE23119432-067,REX-4147,CHI,2023-11-06,10000
BCHI23039077-068,REX-4147,CHI,2023-03-22,10000
BCHI23077677-069,REX-4147,ATL,2023-07-20,10000
BDAL24052386-070,REX-4147,CHI,2024-05-06,10000
BDAL25024614-071,REX-4147,ATL,2025-02-17,10000
BATL24113195-072,REX-4147,DAL,2024-11-24,10000
BATL25086990-073,REX-4147,CLE,2025-08-01,10000
BCHI25014864-074,REX-4147,ATL,2025-01-16,10000
BDAL24054314-075,REX-4147,CLE,2024-05-17,10000
BCLE24052289-076,REX-4147,DAL,2024-05-08,10000
BPHX25101458-077,REX-4147,DAL,2025-10-19,10000
BDAL24068649-078,REX-4147,PHX,2024-06-30,10000
BPHX24076420-079,REX-4147,PHX,2024-07-04,10000
BCHI25045395-080,REX-4147,DAL,2025-04-02,10000
BDAL24024930-081,REX-4147,PHX,2024-02-13,10000
BCHI25018736-082,REX-4147,DAL,2025-01-29,10000
BPHX25039237-083,REX-4147,PHX,2025-03-15,10000
BPHX23054418-084,REX-4147,DAL,2023-05-11,10000
BCLE23093901-085,REX-4147,DAL,2023-09-17,10000
BDAL24081362-086,REX-4147,CHI,2024-08-07,10000
BCHI23016440-087,REX-4147,CHI,2023-01-17,10000
BCHI24092434-088,REX-4147,DAL,2024-09-19,10000
BPHX24013336-089,REX-4147,DAL,2024-01-15,10000
BCHI25017247-090,REX-4147,PHX,2025-01-30,10000
BPHX24093977-091,REX-4147,CLE,2024-09-10,10000
BCLE24058425-092,REX-4147,DAL,2024-05-05,10000
BATL23107028-093,REX-4147,CHI,2023-10-07,10000
BDAL23093975-094,REX-4147,PHX,2023-09-01,10000
BDAL23091862-095,REX-4147,DAL,2023-09-08,10000
BATL24023579-000,REX-4154,PHX,2024-02-05,10000
BDAL23086189-001,REX-4154,DAL,2023-08-27,10000
BCLE24038418-002,REX-4154,CHI,2024-03-13,10000
BATL25048502-003,REX-4154,ATL,2025-04-25,10000
BCLE23081491-004,REX-4154,CHI,2023-08-02,10000
BPHX23099697-005,REX-4154,DAL,2023-09-07,10000
BATL23122970-006,REX-4154,CLE,2023-12-09,10000
BCHI25018317-007,REX-4154,CLE,2025-01-24,10000
BDAL24073562-008,REX-4154,ATL,2024-07-29,10000
BDAL25013887-009,REX-4154,PHX,2025-01-12,10000
BPHX25115255-010,REX-4154,DAL,2025-11-01,10000
BCLE25102842-011,REX-4154,PHX,2025-10-17,10000
BATL24021414-012,REX-4154,CHI,2024-02-02,10000
BDAL25043418-013,REX-4154,ATL,2025-04-21,10000
BPHX25068421-014,REX-4154,ATL,2025-06-29,10000
BPHX25056307-015,REX-4154,PHX,2025-05-30,10000
BATL24018668-016,REX-4154,CLE,2024-01-21,10000
BDAL23082014-017,REX-4154,CLE,2023-08-17,10000
BATL25018197-018,REX-4154,CHI,2025-01-01,10000
BCLE23057020-019,REX-4154,DAL,2023-05-09,10000
BCLE25111595-020,REX-4154,CLE,2025-11-29,10000
BPHX23113919-021,REX-4154,ATL,2023-11-08,10000
BDAL23054052-022,REX-4154,DAL,2023-05-15,10000
BATL25082964-023,REX-4154,PHX,2025-08-06,10000
BCHI23025933-024,REX-4154,ATL,2023-02-24,10000
BATL23097520-025,REX-4154,CHI,2023-09-10,10000
BPHX23063694-026,REX-4154,CLE,2023-06-27,10000
BCLE24024245-027,REX-4154,PHX,2024-02-11,10000
BDAL24123525-028,REX-4154,CHI,2024-12-09,10000
BATL25031438-029,REX-4154,CHI,2025-03-11,10000
BCHI24018940-030,REX-4154,ATL,2024-01-17,10000
BATL24127119-031,REX-4154,CHI,2024-12-05,10000
BATL24124844-032,REX-4154,ATL,2024-12-22,10000
BATL23128253-033,REX-4154,ATL,2023-12-13,10000
BCHI24013855-034,REX-4154,CLE,2024-01-25,10000
BDAL24088760-035,REX-4154,ATL,2024-08-11,10000
BATL24123116-036,REX-4154,ATL,2024-12-26,10000
BPHX25052427-037,REX-4154,CHI,2025-05-16,10000
BCLE24128692-038,REX-4154,PHX,2024-12-17,10000
BCLE23078522-039,REX-4154,CLE,2023-07-07,10000
BATL25117374-040,REX-4154,CHI,2025-11-13,10000
BCLE25109284-041,REX-4154,ATL,2025-10-16,10000
BPHX24021632-042,REX-4154,CLE,2024-02-14,10000
BPHX23013042-043,REX-4154,ATL,2023-01-29,10000
BCLE25036803-044,REX-4154,CHI,2025-03-22,10000
BCHI24033996-045,REX-4154,CLE,2024-03-31,10000
BPHX25105294-046,REX-4154,CHI,2025-10-06,10000
BPHX24068839-047,REX-4154,ATL,2024-06-12,10000
BPHX24105303-048,REX-4154,ATL,2024-10-26,10000
BATL23104550-049,REX-4154,ATL,2023-10-25,10000
BATL23109328-050,REX-4154,CLE,2023-10-18,10000
BCHI23085784-051,REX-4154,DAL,2023-08-06,10000
BDAL23113527-052,REX-4154,ATL,2023-11-12,10000
BDAL24017635-053,REX-4154,CLE,2024-01-01,10000
BATL25026530-054,REX-4154,ATL,2025-02-11,10000
BCLE25017383-055,REX-4154,ATL,2025-01-31,10000
BATL25092092-056,REX-4154,CLE,2025-09-07,10000
BDAL23047501-057,REX-4154,PHX,2023-04-24,10000
BCLE24074871-058,REX-4154,CLE,2024-07-18,10000
BDAL25094753-059,REX-4154,CHI,2025-09-21,10000
BCLE24096307-060,REX-4154,ATL,2024-09-16,10000
BCLE23014600-061,REX-4154,PHX,2023-01-28,10000
BPHX23121939-062,REX-4154,CHI,2023-12-24,10000
BPHX24084755-063,REX-4154,CHI,2024-08-10,10000
BDAL25087326-064,REX-4154,CLE,2025-08-27,10000
BDAL24108801-065,REX-4154,CLE,2024-10-04,10000
BDAL25015119-066,REX-4154,CHI,2025-01-10,10000
BATL23052102-067,REX-4154,DAL,2023-05-29,10000
BPHX23065385-068,REX-4154,CLE,2023-06-27,10000
BCHI23066606-069,REX-4154,DAL,2023-06-08,10000
BDAL25051277-070,REX-4154,CHI,2025-05-27,10000
BCHI23077159-071,REX-4154,CHI,2023-07-07,10000
BCHI24036259-072,REX-4154,PHX,2024-03-09,10000
BDAL25104028-073,REX-4154,CLE,2025-10-14,10000
BCLE25093246-074,REX-4154,CLE,2025-09-04,10000
BATL24068120-075,REX-4154,ATL,2024-06-03,10000
BCLE23019128-076,REX-4154,CLE,2023-01-31,10000
BCLE23103452-077,REX-4154,DAL,2023-10-06,10000
BATL23054991-078,REX-4154,PHX,2023-05-31,10000
BPHX25049715-079,REX-4154,CHI,2025-04-06,10000
BPHX25071595-080,REX-4154,CHI,2025-07-18,10000
BATL25082215-081,REX-4154,ATL,2025-08-29,10000
BPHX25058927-082,REX-4154,ATL,2025-05-23,10000
BCHI23064037-083,REX-4154,ATL,2023-06-13,10000
BPHX25061463-084,REX-4154,PHX,2025-06-15,10000
BCHI24119690-085,REX-4154,CHI,2024-11-25,10000
BCHI25087887-086,REX-4154,DAL,2025-08-31,10000
BATL24046058-087,REX-4154,ATL,2024-04-30,10000
BCHI23082502-088,REX-4154,PHX,2023-08-25,10000
BDAL24114086-089,REX-4154,CLE,2024-11-04,10000
BCHI25116486-090,REX-4154,ATL,2025-11-15,10000
BCLE24043371-091,REX-4154,CLE,2024-04-22,10000
BCLE23112134-092,REX-4154,DAL,2023-11-21,10000
BDAL23028967-093,REX-4154,PHX,2023-02-18,10000
BDAL24078472-094,REX-4154,DAL,2024-07-11,10000
BCLE25091818-095,REX-4154,CLE,2025-09-09,10000
BPHX23108606-096,REX-4154,PHX,2023-10-15,10000
BDAL24099925-097,REX-4154,PHX,2024-09-19,10000
BPHX25105878-098,REX-4154,CHI,2025-10-13,10000
BCHI25078375-099,REX-4154,DAL,2025-07-06,10000
BPHX23074298-100,REX-4154,PHX,2023-07-02,10000
BPHX24121553-101,REX-4154,DAL,2024-12-12,10000
BCLE24111377-102,REX-4154,PHX,2024-11-08,10000
BDAL24056156-103,REX-4154,ATL,2024-05-15,10000
BATL25081616-104,REX-4154,CHI,2025-08-21,10000
BDAL25037989-105,REX-4154,CHI,2025-03-01,10000
BPHX24018231-106,REX-4154,CLE,2024-01-17,10000
BCHI23086867-107,REX-4154,ATL,2023-08-14,10000
BATL25026260-108,REX-4154,ATL,2025-02-17,10000
BDAL23048634-109,REX-4154,CLE,2023-04-12,10000
BDAL24016730-110,REX-4154,CLE,2024-01-03,10000
BCHI23113639-111,REX-4154,PHX,2023-11-27,10000
BATL25047988-112,REX-4154,DAL,2025-04-26,10000
BCLE24046144-113,REX-4154,CHI,2024-04-25,10000
BCHI24086495-114,REX-4154,CHI,2024-08-16,10000
BDAL25035615-115,REX-4154,PHX,2025-03-16,10000
BATL25065891-116,REX-4154,DAL,2025-06-09,10000
BDAL24064627-117,REX-4154,DAL,2024-06-20,10000
BCLE24066002-118,REX-4154,CHI,2024-06-11,10000
BPHX23095007-119,REX-4154,CHI,2023-09-06,10000
BDAL24055518-120,REX-4154,CHI,2024-05-11,10000
BDAL25074709-121,REX-4154,CHI,2025-07-12,10000
BPHX24075322-122,REX-4154,CLE,2024-07-06,10000
BATL23124678-123,REX-4154,CLE,2023-12-17,10000
BCHI24117883-124,REX-4154,ATL,2024-11-03,10000
BATL25099735-125,REX-4154,CHI,2025-09-03,10000
BCLE24075082-126,REX-4154,ATL,2024-07-06,10000
BCLE23088299-127,REX-4154,ATL,2023-08-01,10000
BATL23052886-128,REX-4154,PHX,2023-05-06,10000
BPHX23036354-129,REX-4154,DAL,2023-03-30,10000
BDAL25114157-130,REX-4154,DAL,2025-11-28,10000
BDAL25046516-131,REX-4154,PHX,2025-04-25,10000
BATL23091610-132,REX-4154,ATL,2023-09-28,10000
BCLE23015944-133,REX-4154,DAL,2023-01-21,10000
BDAL25067250-134,REX-4154,CLE,2025-06-05,10000
BCHI23104660-135,REX-4154,CHI,2023-10-31,10000
BCLE23043317-136,REX-4154,DAL,2023-04-22,10000
BATL23082880-137,REX-4154,ATL,2023-08-07,10000
BDAL25087446-138,REX-4154,DAL,2025-08-03,10000
BATL25036419-139,REX-4154,CHI,2025-03-13,10000
BPHX24111037-140,REX-4154,CHI,2024-11-21,10000
BCLE25054578-141,REX-4154,CLE,2025-05-31,10000
BDAL24065888-142,REX-4154,ATL,2024-06-18,10000
BDAL24067497-143,REX-4154,PHX,2024-06-15,10000
BCLE24032187-144,REX-4154,ATL,2024-03-29,10000
BCLE25014353-145,REX-4154,DAL,2025-01-29,10000
BATL24017674-146,REX-4154,ATL,2024-01-11,10000
BCLE23105074-147,REX-4154,ATL,2023-10-05,10000
BPHX24095796-148,REX-4154,ATL,2024-09-26,10000
BPHX24064406-149,REX-4154,CLE,2024-06-26,10000
BDAL23024800-150,REX-4154,PHX,2023-02-08,10000
BCHI25057492-151,REX-4154,CHI,2025-05-01,10000
BCLE23026141-152,REX-4154,ATL,2023-02-27,10000
BPHX24071821-153,REX-4154,ATL,2024-07-28,10000
BPHX23078178-154,REX-4154,DAL,2023-07-03,10000
BPHX23055317-155,REX-4154,ATL,2023-05-12,10000
BDAL23034405-156,REX-4154,DAL,2023-03-18,10000
BATL23044741-157,REX-4154,CHI,2023-04-30,10000
BCLE25013676-158,REX-4154,ATL,2025-01-20,10000
BPHX24077403-159,REX-4154,DAL,2024-07-28,10000
BPHX24016517-160,REX-4154,ATL,2024-01-07,10000
BATL24023186-161,REX-4154,CHI,2024-02-12,10000
BCHI23114830-162,REX-4154,CLE,2023-11-10,10000
BCLE23103202-163,REX-4154,DAL,2023-10-07,10000
BCHI25042766-164,REX-4154,ATL,2025-04-01,10000
BCLE24024763-165,REX-4154,CLE,2024-02-23,10000
BATL24035155-166,REX-4154,PHX,2024-03-25,10000
BPHX25082109-167,REX-4154,CLE,2025-08-17,10000
BPHX25056983-168,REX-4154,CLE,2025-05-26,10000
BPHX25063326-169,REX-4154,PHX,2025-06-15,10000
BDAL24125081-170,REX-4154,CLE,2024-12-12,10000
BDAL23127065-171,REX-4154,ATL,2023-12-22,10000
BCLE23043835-172,REX-4154,ATL,2023-04-25,10000
BPHX24063795-173,REX-4154,ATL,2024-06-13,10000
BATL23035437-174,REX-4154,ATL,2023-03-01,10000
BATL23049850-175,REX-4154,DAL,2023-04-06,10000
BCLE25071268-176,REX-4154,CLE,2025-07-27,10000
BATL25073677-177,REX-4154,ATL,2025-07-19,10000
BCLE24087116-178,REX-4154,CLE,2024-08-22,10000
BPHX25065242-179,REX-4154,CHI,2025-06-18,10000
BCLE25088803-180,REX-4154,PHX,2025-08-05,10000
BDAL24107781-181,REX-4154,CLE,2024-10-19,10000
BDAL24011819-182,REX-4154,PHX,2024-01-10,10000
BCHI25014725-183,REX-4154,CHI,2025-01-06,10000
BATL25068686-184,REX-4154,ATL,2025-06-21,10000
BCHI24112050-185,REX-4154,ATL,2024-11-26,10000
BDAL23111657-186,REX-4154,CHI,2023-11-15,10000
BPHX24127458-187,REX-4154,CHI,2024-12-03,10000
BDAL24079308-188,REX-4154,ATL,2024-07-31,10000
BPHX24055081-189,REX-4154,ATL,2024-05-21,10000
BCHI25072250-190,REX-4154,ATL,2025-07-13,10000
BATL23072385-191,REX-4154,CLE,2023-07-24,10000
BCLE23049698-192,REX-4154,PHX,2023-04-07,10000
BCLE25114861-193,REX-4154,DAL,2025-11-17,10000
BCHI25051819-194,REX-4154,CLE,2025-05-01,10000
BCLE25078941-195,REX-4154,DAL,2025-07-19,10000
BATL23033474-196,REX-4154,DAL,2023-03-15,10000
BCHI23085125-197,REX-4154,DAL,2023-08-01,10000
BCHI23126215-198,REX-4154,CLE,2023-12-31,10000
BCLE25103828-199,REX-4154,ATL,2025-10-08,10000
BPHX23107353-200,REX-4154,DAL,2023-10-19,10000
BATL24058444-201,REX-4154,ATL,2024-05-26,10000
BCLE23126909-202,REX-4154,DAL,2023-12-01,10000
BATL23112851-203,REX-4154,PHX,2023-11-03,10000
BPHX23126251-204,REX-4154,DAL,2023-12-27,10000
BATL25024199-205,REX-4154,CLE,2025-02-22,10000
BATL24025749-206,REX-4154,DAL,2024-02-05,10000
BPHX24091303-207,REX-4154,DAL,2024-09-10,10000
BCHI25109177-208,REX-4154,CHI,2025-10-25,10000
BCLE24115439-209,REX-4154,PHX,2024-11-08,10000
BATL23021169-210,REX-4154,DAL,2023-02-12,10000
BCHI25026723-211,REX-4154,CLE,2025-02-12,10000
BATL24108343-212,REX-4154,PHX,2024-10-03,10000
BCHI24063976-213,REX-4154,PHX,2024-06-11,10000
BATL25053620-214,REX-4154,CHI,2025-05-24,10000
BPHX24104820-215,REX-4154,DAL,2024-10-10,10000
BPHX24019159-216,REX-4154,PHX,2024-01-14,10000
BATL24103621-217,REX-4154,DAL,2024-10-15,10000
BCLE23117854-218,REX-4154,CLE,2023-11-11,10000
BDAL25039892-219,REX-4154,CLE,2025-03-28,10000
BCHI23103192-220,REX-4154,CLE,2023-10-18,10000
BCHI25013583-221,REX-4154,ATL,2025-01-25,10000
BCLE24082168-222,REX-4154,DAL,2024-08-08,10000
BATL25041688-223,REX-4154,ATL,2025-04-20,10000
BDAL24107590-224,REX-4154,ATL,2024-10-12,10000
BATL25068590-225,REX-4154,ATL,2025-06-11,10000
BATL25045860-226,REX-4154,ATL,2025-04-16,10000
BPHX23037176-227,REX-4154,CLE,2023-03-29,10000
BDAL24119427-228,REX-4154,CLE,2024-11-17,10000
BCLE24114187-229,REX-4154,ATL,2024-11-26,10000
BATL23089819-230,REX-4154,CLE,2023-08-08,10000
BDAL23039756-231,REX-4154,ATL,2023-03-31,10000
BCLE23112371-232,REX-4154,ATL,2023-11-18,10000
BCLE23113832-233,REX-4154,CLE,2023-11-07,10000
BDAL25029378-234,REX-4154,CLE,2025-02-01,10000
BCHI25023517-235,REX-4154,PHX,2025-02-01,10000
BCHI25059183-236,REX-4154,PHX,2025-05-04,10000
BCLE24092703-237,REX-4154,CHI,2024-09-02,10000
BCHI23086352-238,REX-4154,DAL,2023-08-13,10000
BPHX23046067-239,REX-4154,DAL,2023-04-30,10000
BCLE23101697-240,REX-4154,PHX,2023-10-01,10000
BCHI23129232-241,REX-4154,PHX,2023-12-30,10000
BCHI25068871-242,REX-4154,ATL,2025-06-24,10000
BCHI24106362-243,REX-4154,PHX,2024-10-04,10000
BDAL25047542-000,REX-4161,DAL,2025-04-02,10000
BCHI23098132-001,REX-4161,ATL,2023-09-01,10000
BDAL24033953-002,REX-4161,CLE,2024-03-21,10000
BPHX23103372-003,REX-4161,ATL,2023-10-16,10000
BATL23063998-004,REX-4161,CLE,2023-06-03,10000
BCLE24091745-005,REX-4161,DAL,2024-09-17,10000
BCHI23125144-006,REX-4161,CHI,2023-12-01,10000
BCLE24035610-007,REX-4161,PHX,2024-03-20,10000
BCHI25112833-008,REX-4161,CLE,2025-11-12,10000
BCHI25088315-009,REX-4161,ATL,2025-08-22,10000
BCHI25045549-010,REX-4161,CHI,2025-04-12,10000
BATL23079416-011,REX-4161,ATL,2023-07-17,10000
BCHI23081326-012,REX-4161,CLE,2023-08-16,10000
BPHX24037918-013,REX-4161,PHX,2024-03-25,10000
BATL23021034-014,REX-4161,CLE,2023-02-12,10000
BDAL23014222-015,REX-4161,ATL,2023-01-12,10000
BATL24119912-016,REX-4161,PHX,2024-11-20,10000
BCLE24011063-017,REX-4161,DAL,2024-01-22,10000
BDAL23043940-018,REX-4161,DAL,2023-04-06,10000
BCHI24054849-019,REX-4161,CHI,2024-05-15,10000
BDAL23013651-020,REX-4161,PHX,2023-01-04,10000
BCHI23122023-021,REX-4161,CLE,2023-12-17,10000
BPHX25079748-022,REX-4161,PHX,2025-07-12,10000
BPHX23128145-023,REX-4161,ATL,2023-12-02,10000
BATL24044388-024,REX-4161,CHI,2024-04-10,10000
BATL25024514-025,REX-4161,PHX,2025-02-28,10000
BCLE25049284-026,REX-4161,DAL,2025-04-14,10000
BCHI23087594-027,REX-4161,ATL,2023-08-22,10000
BPHX25032716-028,REX-4161,ATL,2025-03-25,10000
BCHI25065992-029,REX-4161,CLE,2025-06-07,10000
BCLE23014110-030,REX-4161,ATL,2023-01-02,10000
BATL25114295-031,REX-4161,ATL,2025-11-01,10000
BCLE23119856-032,REX-4161,CHI,2023-11-09,10000
BDAL24044061-033,REX-4161,PHX,2024-04-03,10000
BCHI23058813-034,REX-4161,DAL,2023-05-10,10000
BPHX23028901-035,REX-4161,PHX,2023-02-10,10000
BCLE25021711-036,REX-4161,PHX,2025-02-28,10000
BCHI25013736-037,REX-4161,CLE,2025-01-28,10000
BDAL23075052-038,REX-4161,CLE,2023-07-25,10000
BPHX23098284-039,REX-4161,PHX,2023-09-18,10000
BPHX23089243-040,REX-4161,CLE,2023-08-28,10000
BCHI24127864-041,REX-4161,CHI,2024-12-22,10000
BCHI24055897-042,REX-4161,DAL,2024-05-20,10000
BATL25101272-043,REX-4161,ATL,2025-10-15,10000
BPHX25037039-044,REX-4161,PHX,2025-03-11,10000
BATL25026798-045,REX-4161,CHI,2025-02-26,10000
BATL23076303-046,REX-4161,PHX,2023-07-12,10000
BDAL24029310-047,REX-4161,CHI,2024-02-23,10000
BDAL23116343-048,REX-4161,ATL,2023-11-29,10000
BPHX24071147-049,REX-4161,PHX,2024-07-12,10000
BATL24091368-050,REX-4161,PHX,2024-09-02,10000
BPHX24073338-051,REX-4161,CHI,2024-07-03,10000
BPHX25045989-052,REX-4161,CLE,2025-04-23,10000
BCHI25067493-053,REX-4161,PHX,2025-06-15,10000
BCHI23021063-054,REX-4161,CHI,2023-02-14,10000
BDAL25079159-055,REX-4161,DAL,2025-07-25,10000
BCHI24125656-056,REX-4161,PHX,2024-12-21,10000
BCLE24079340-057,REX-4161,ATL,2024-07-18,10000
BDAL25102843-058,REX-4161,PHX,2025-10-29,10000
BATL25085734-059,REX-4161,PHX,2025-08-04,10000
BDAL25114379-060,REX-4161,PHX,2025-11-28,10000
BPHX23085799-061,REX-4161,CHI,2023-08-07,10000
BDAL23025751-062,REX-4161,DAL,2023-02-27,10000
BCHI23013730-063,REX-4161,CHI,2023-01-21,10000
BCLE25036352-064,REX-4161,ATL,2025-03-18,10000
BCLE23083687-065,REX-4161,PHX,2023-08-31,10000
BPHX23101640-066,REX-4161,PHX,2023-10-13,10000
BDAL25032002-067,REX-4161,CLE,2025-03-30,10000
BDAL24019759-068,REX-4161,DAL,2024-01-02,10000
BCHI25012710-069,REX-4161,ATL,2025-01-04,10000
BCHI23019841-070,REX-4161,CHI,2023-01-02,10000
BCLE24016404-071,REX-4161,PHX,2024-01-25,10000
BCHI24094882-072,REX-4161,CHI,2024-09-16,10000
BDAL25082736-073,REX-4161,CHI,2025-08-28,10000
BPHX24124875-074,REX-4161,CLE,2024-12-12,10000
BPHX23117071-075,REX-4161,CLE,2023-11-02,10000
BCLE23044487-076,REX-4161,CLE,2023-04-07,10000
BPHX24127607-077,REX-4161,CLE,2024-12-07,10000
BATL24121283-078,REX-4161,DAL,2024-12-29,10000
BDAL25032590-079,REX-4161,CHI,2025-03-04,10000
BCHI24064138-080,REX-4161,PHX,2024-06-18,10000
BPHX24088353-081,REX-4161,CHI,2024-08-25,10000
BCHI23048861-082,REX-4161,CLE,2023-04-17,10000
BCHI23088734-083,REX-4161,ATL,2023-08-31,10000
BCLE25041511-084,REX-4161,CLE,2025-04-28,10000
BPHX24027100-085,REX-4161,CLE,2024-02-22,10000
BATL23045446-086,REX-4161,DAL,2023-04-08,10000
BDAL24093154-087,REX-4161,CHI,2024-09-12,10000
BPHX23038929-088,REX-4161,DAL,2023-03-30,10000
BPHX24127567-089,REX-4161,DAL,2024-12-03,10000
BDAL23121632-090,REX-4161,PHX,2023-12-04,10000
BATL23102914-091,REX-4161,DAL,2023-10-18,10000
BCHI24128146-092,REX-4161,PHX,2024-12-05,10000
BDAL23107970-093,REX-4161,ATL,2023-10-08,10000
BATL24013046-094,REX-4161,CHI,2024-01-13,10000
BDAL23014865-095,REX-4161,ATL,2023-01-17,10000
BPHX24081481-096,REX-4161,DAL,2024-08-26,10000
BDAL25108870-097,REX-4161,PHX,2025-10-18,10000
BCHI24095727-098,REX-4161,DAL,2024-09-13,10000
BCHI25024650-099,REX-4161,CHI,2025-02-01,10000
BDAL25063797-100,REX-4161,CLE,2025-06-14,10000
BCHI24044690-101,REX-4161,DAL,2024-04-19,10000
BPHX23012340-102,REX-4161,ATL,2023-01-13,10000
BDAL24086696-103,REX-4161,ATL,2024-08-11,10000
BATL23071923-104,REX-4161,CLE,2023-07-28,10000
BPHX24053092-105,REX-4161,ATL,2024-05-25,10000
BCLE23078738-106,REX-4161,ATL,2023-07-07,10000
BPHX23109104-107,REX-4161,ATL,2023-10-21,10000
BDAL25059782-108,REX-4161,CHI,2025-05-21,10000
BCHI24056677-109,REX-4161,CHI,2024-05-19,10000
BDAL24106320-110,REX-4161,ATL,2024-10-19,10000
BCHI24016001-111,REX-4161,ATL,2024-01-06,10000
BATL24126122-112,REX-4161,CLE,2024-12-10,10000
BCLE25049230-113,REX-4161,DAL,2025-04-11,10000
BDAL25092376-114,REX-4161,PHX,2025-09-28,10000
BCLE23056504-115,REX-4161,CLE,2023-05-17,10000
BDAL23046054-116,REX-4161,CHI,2023-04-07,10000
BDAL23078343-117,REX-4161,PHX,2023-07-09,10000
BDAL24098726-118,REX-4161,ATL,2024-09-21,10000
BATL25016842-119,REX-4161,ATL,2025-01-19,10000
BPHX24099665-120,REX-4161,DAL,2024-09-01,10000
BPHX23082951-121,REX-4161,DAL,2023-08-18,10000
BCHI24098527-122,REX-4161,ATL,2024-09-06,10000
BDAL24064328-123,REX-4161,CLE,2024-06-16,10000
BATL24119000-124,REX-4161,CHI,2024-11-13,10000
BATL23034198-125,REX-4161,CLE,2023-03-04,10000
BPHX24032362-126,REX-4161,CLE,2024-03-21,10000
BATL24029538-127,REX-4161,CHI,2024-02-16,10000
BPHX24011613-128,REX-4161,CHI,2024-01-09,10000
BCHI25089764-129,REX-4161,ATL,2025-08-29,10000
BDAL23053852-130,REX-4161,PHX,2023-05-20,10000
BATL25081157-131,REX-4161,DAL,2025-08-31,10000
BATL25066176-132,REX-4161,CLE,2025-06-09,10000
BATL24103002-133,REX-4161,PHX,2024-10-03,10000
BPHX24096352-134,REX-4161,ATL,2024-09-18,10000
BATL24118907-135,REX-4161,CHI,2024-11-01,10000
BCLE23049386-136,REX-4161,CHI,2023-04-13,10000
BDAL23087960-000,REX-4168,PHX,2023-08-08,10000
BDAL24015574-001,REX-4168,PHX,2024-01-21,10000
BCLE25108851-002,REX-4168,PHX,2025-10-13,10000
BATL25027512-003,REX-4168,CHI,2025-02-14,10000
BDAL23054677-004,REX-4168,ATL,2023-05-14,10000
BATL25035209-005,REX-4168,PHX,2025-03-22,10000
BDAL25056594-006,REX-4168,CLE,2025-05-30,10000
BCLE23032837-007,REX-4168,CLE,2023-03-01,10000
BPHX24114733-008,REX-4168,CHI,2024-11-27,10000
BCHI23024833-009,REX-4168,DAL,2023-02-04,10000
BCLE23122392-010,REX-4168,CHI,2023-12-02,10000
BCHI25045759-011,REX-4168,DAL,2025-04-18,10000
BDAL23127387-012,REX-4168,DAL,2023-12-15,10000
BCHI25115874-013,REX-4168,CHI,2025-11-19,10000
BCHI25077073-014,REX-4168,PHX,2025-07-26,10000
BCHI23127077-015,REX-4168,PHX,2023-12-16,10000
BCHI24116710-016,REX-4168,CHI,2024-11-03,10000
BCHI23092821-017,REX-4168,CHI,2023-09-16,10000
BATL23043350-018,REX-4168,CLE,2023-04-16,10000
BCHI25068581-019,REX-4168,CHI,2025-06-22,10000
BATL23065902-020,REX-4168,CHI,2023-06-01,10000
BCHI24018403-021,REX-4168,CLE,2024-01-20,10000
BCLE25086376-022,REX-4168,CHI,2025-08-04,10000
BDAL24096385-023,REX-4168,CLE,2024-09-04,10000
BATL24067970-024,REX-4168,PHX,2024-06-28,10000
BCHI23117409-025,REX-4168,CHI,2023-11-24,10000
BCLE23083985-026,REX-4168,ATL,2023-08-03,10000
BATL23039653-027,REX-4168,CHI,2023-03-02,10000
BPHX24119787-028,REX-4168,CLE,2024-11-30,10000
BCHI23065026-029,REX-4168,CHI,2023-06-17,10000
BCHI25102307-030,REX-4168,DAL,2025-10-03,10000
BCHI24111186-031,REX-4168,CLE,2024-11-20,10000
BCLE23128295-032,REX-4168,PHX,2023-12-08,10000
BDAL23046171-033,REX-4168,ATL,2023-04-07,10000
BPHX25054403-034,REX-4168,ATL,2025-05-20,10000
BCLE25026129-035,REX-4168,CHI,2025-02-04,10000
BPHX23021194-036,REX-4168,DAL,2023-02-12,10000
BATL24027464-037,REX-4168,CLE,2024-02-04,10000
BCLE23094950-038,REX-4168,CHI,2023-09-06,10000
BCLE23065073-039,REX-4168,CHI,2023-06-13,10000
BCHI23098771-040,REX-4168,DAL,2023-09-15,10000
BDAL23106727-041,REX-4168,CLE,2023-10-03,10000
BPHX24051692-042,REX-4168,CHI,2024-05-13,10000
BCHI23056375-043,REX-4168,CHI,2023-05-01,10000
BCHI23073015-044,REX-4168,CLE,2023-07-26,10000
BDAL24081999-045,REX-4168,ATL,2024-08-03,10000
BATL24098553-046,REX-4168,ATL,2024-09-05,10000
BCLE25036623-047,REX-4168,CHI,2025-03-31,10000
BATL25107211-048,REX-4168,PHX,2025-10-13,10000
BPHX23102292-049,REX-4168,ATL,2023-10-14,10000
BCHI24127569-050,REX-4168,CHI,2024-12-15,10000
BATL24056787-051,REX-4168,ATL,2024-05-17,10000
BCLE23056470-052,REX-4168,CHI,2023-05-04,10000
BPHX24102480-053,REX-4168,DAL,2024-10-20,10000
BPHX24085035-054,REX-4168,CLE,2024-08-20,10000
BPHX24117153-055,REX-4168,ATL,2024-11-15,10000
BCHI25094046-056,REX-4168,DAL,2025-09-25,10000
BCLE24122659-057,REX-4168,PHX,2024-12-11,10000
BATL24087437-058,REX-4168,CHI,2024-08-17,10000
BATL23039324-059,REX-4168,ATL,2023-03-29,10000
BPHX25083977-060,REX-4168,PHX,2025-08-23,10000
BATL23029924-061,REX-4168,CHI,2023-02-27,10000
BPHX25057715-062,REX-4168,CLE,2025-05-13,10000
BATL24125833-063,REX-4168,ATL,2024-12-03,10000
BPHX23065176-064,REX-4168,DAL,2023-06-18,10000
BPHX23052254-065,REX-4168,CLE,2023-05-21,10000
BCHI23088566-066,REX-4168,DAL,2023-08-03,10000
BDAL24029772-067,REX-4168,DAL,2024-02-24,10000
BDAL25041702-068,REX-4168,DAL,2025-04-18,10000
BCLE23094095-069,REX-4168,CHI,2023-09-12,10000
BATL23019034-070,REX-4168,ATL,2023-01-03,10000
BDAL23013338-071,REX-4168,PHX,2023-01-17,10000
BATL25057917-072,REX-4168,ATL,2025-05-09,10000
BCLE25115313-073,REX-4168,DAL,2025-11-08,10000
BPHX24072901-074,REX-4168,CHI,2024-07-08,10000
BCHI24046193-075,REX-4168,ATL,2024-04-15,10000
BCHI23027746-076,REX-4168,CHI,2023-02-14,10000
BPHX23049114-077,REX-4168,PHX,2023-04-02,10000
BCHI24061058-078,REX-4168,CHI,2024-06-16,10000
BATL23129284-079,REX-4168,CHI,2023-12-22,10000
BCHI24079341-080,REX-4168,PHX,2024-07-23,10000
BDAL24076744-000,REX-4175,CLE,2024-07-06,10000
BDAL24049808-001,REX-4175,PHX,2024-04-30,10000
BPHX23103019-002,REX-4175,PHX,2023-10-06,10000
BATL24061348-003,REX-4175,PHX,2024-06-28,10000
BCLE23097287-004,REX-4175,DAL,2023-09-03,10000
BATL23035998-005,REX-4175,ATL,2023-03-13,10000
BCHI25102065-006,REX-4175,CHI,2025-10-28,10000
BATL25109984-007,REX-4175,PHX,2025-10-07,10000
BDAL25069388-008,REX-4175,ATL,2025-06-26,10000
BATL24047630-009,REX-4175,DAL,2024-04-24,10000
BPHX25081228-010,REX-4175,DAL,2025-08-30,10000
BATL23071138-011,REX-4175,CHI,2023-07-13,10000
BCHI23012846-012,REX-4175,DAL,2023-01-26,10000
BCHI24017867-013,REX-4175,CLE,2024-01-31,10000
BCHI24013092-014,REX-4175,PHX,2024-01-17,10000
BDAL23095333-015,REX-4175,ATL,2023-09-30,10000
BDAL23032111-016,REX-4175,ATL,2023-03-22,10000
BCLE24041570-017,REX-4175,DAL,2024-04-21,10000
BPHX25073194-018,REX-4175,CLE,2025-07-11,10000
BDAL24072086-019,REX-4175,CLE,2024-07-03,10000
BPHX23045458-020,REX-4175,CLE,2023-04-26,10000
BATL24035435-021,REX-4175,DAL,2024-03-16,10000
BCHI24052233-022,REX-4175,CLE,2024-05-06,10000
BCHI25096071-023,REX-4175,CLE,2025-09-15,10000
BATL23105539-024,REX-4175,CHI,2023-10-23,10000
BCLE25088776-025,REX-4175,ATL,2025-08-11,10000
BDAL25037666-026,REX-4175,ATL,2025-03-09,10000
BATL24017114-027,REX-4175,CLE,2024-01-11,10000
BDAL25103361-028,REX-4175,ATL,2025-10-12,10000
BCLE24085342-029,REX-4175,ATL,2024-08-16,10000
BPHX23122633-030,REX-4175,CLE,2023-12-20,10000
BCLE23044152-031,REX-4175,DAL,2023-04-16,10000
BCHI25028071-032,REX-4175,CLE,2025-02-22,10000
BATL25021823-033,REX-4175,PHX,2025-02-20,10000
BATL23019948-034,REX-4175,PHX,2023-01-25,10000
BATL25071918-035,REX-4175,ATL,2025-07-07,10000
BCLE23036492-036,REX-4175,ATL,2023-03-13,10000
BPHX25033220-037,REX-4175,CLE,2025-03-11,10000
BATL25017705-038,REX-4175,CHI,2025-01-08,10000
BCLE23036553-039,REX-4175,PHX,2023-03-05,10000
BCHI25096128-040,REX-4175,CLE,2025-09-01,10000
BCLE23059108-041,REX-4175,ATL,2023-05-03,10000
BDAL23101201-042,REX-4175,CLE,2023-10-07,10000
BATL25088560-043,REX-4175,CLE,2025-08-02,10000
BCLE24018396-044,REX-4175,ATL,2024-01-24,10000
BCLE23112788-045,REX-4175,ATL,2023-11-25,10000
BCHI25021675-046,REX-4175,CHI,2025-02-18,10000
BCLE25087387-047,REX-4175,PHX,2025-08-25,10000
BATL23102965-048,REX-4175,CLE,2023-10-19,10000
BDAL24065576-049,REX-4175,PHX,2024-06-03,10000
BPHX23082817-050,REX-4175,CHI,2023-08-18,10000
BCHI23122120-051,REX-4175,PHX,2023-12-09,10000
BPHX23015207-052,REX-4175,DAL,2023-01-13,10000
BPHX24051881-053,REX-4175,ATL,2024-05-16,10000
BDAL24045802-054,REX-4175,ATL,2024-04-06,10000
BDAL24013362-055,REX-4175,CLE,2024-01-12,10000
BCLE25033360-056,REX-4175,DAL,2025-03-24,10000
BATL24015421-057,REX-4175,CLE,2024-01-06,10000
BCLE23105449-058,REX-4175,DAL,2023-10-18,10000
BPHX25073953-059,REX-4175,PHX,2025-07-02,10000
BATL23023992-060,REX-4175,PHX,2023-02-16,10000
BDAL24122546-061,REX-4175,ATL,2024-12-24,10000
BPHX23097700-062,REX-4175,CLE,2023-09-25,10000
BCHI25085916-063,REX-4175,CHI,2025-08-11,10000
BATL23025429-064,REX-4175,DAL,2023-02-19,10000
BCHI25019848-065,REX-4175,DAL,2025-01-05,10000
BPHX23081607-066,REX-4175,ATL,2023-08-18,10000
BCLE23082809-067,REX-4175,DAL,2023-08-05,10000
BATL23078042-068,REX-4175,CHI,2023-07-06,10000
BDAL25049779-069,REX-4175,PHX,2025-04-08,10000
BPHX24068011-070,REX-4175,CHI,2024-06-06,10000
BATL25054504-071,REX-4175,PHX,2025-05-12,10000
BCLE25021158-072,REX-4175,CHI,2025-02-15,10000
BDAL24078474-073,REX-4175,DAL,2024-07-05,10000
BCHI23024780-074,REX-4175,PHX,2023-02-18,10000
BCHI23072794-075,REX-4175,CHI,2023-07-01,10000
BPHX23035777-076,REX-4175,CHI,2023-03-08,10000
BCLE23098162-077,REX-4175,DAL,2023-09-25,10000
BCLE23037613-078,REX-4175,CHI,2023-03-31,10000
BPHX24023094-079,REX-4175,ATL,2024-02-17,10000
BATL24105564-080,REX-4175,CHI,2024-10-29,10000
BCHI24078160-081,REX-4175,DAL,2024-07-04,10000
BCLE25079260-082,REX-4175,ATL,2025-07-08,10000
BATL23089647-083,REX-4175,PHX,2023-08-29,10000
BDAL24108072-084,REX-4175,ATL,2024-10-14,10000
BCLE23103755-085,REX-4175,CLE,2023-10-31,10000
BATL23129055-086,REX-4175,ATL,2023-12-07,10000
BDAL23016387-087,REX-4175,CLE,2023-01-30,10000
BATL24031032-088,REX-4175,CLE,2024-03-02,10000
BCLE23029987-089,REX-4175,CHI,2023-02-12,10000
BATL25025779-090,REX-4175,PHX,2025-02-10,10000
BATL25072822-091,REX-4175,CHI,2025-07-17,10000
BCLE23019456-092,REX-4175,CHI,2023-01-10,10000
BCLE23075130-093,REX-4175,CLE,2023-07-04,10000
BCLE25041379-094,REX-4175,CHI,2025-04-11,10000
BPHX23073494-095,REX-4175,ATL,2023-07-09,10000
BPHX23104302-096,REX-4175,PHX,2023-10-12,10000
BCHI25071732-097,REX-4175,PHX,2025-07-30,10000
BCHI23016518-098,REX-4175,DAL,2023-01-19,10000
BCHI23067967-099,REX-4175,PHX,2023-06-18,10000
BPHX24065013-100,REX-4175,CLE,2024-06-12,10000
BCLE23049438-101,REX-4175,DAL,2023-04-14,10000
BATL24038119-102,REX-4175,CLE,2024-03-24,10000
BATL23078301-103,REX-4175,CLE,2023-07-18,10000
BCHI23072395-104,REX-4175,DAL,2023-07-16,10000
BCHI23077051-105,REX-4175,DAL,2023-07-09,10000
BCHI24113318-106,REX-4175,CHI,2024-11-06,10000
BATL24091297-107,REX-4175,ATL,2024-09-24,10000
BCLE24062120-108,REX-4175,DAL,2024-06-16,10000
BDAL24024918-109,REX-4175,DAL,2024-02-21,10000
BPHX25041491-110,REX-4175,PHX,2025-04-25,10000
BPHX24105102-111,REX-4175,DAL,2024-10-20,10000
BPHX24078076-112,REX-4175,PHX,2024-07-13,10000
BCLE23102564-113,REX-4175,CLE,2023-10-31,10000
BDAL23101262-114,REX-4175,ATL,2023-10-10,10000
BCHI23073493-115,REX-4175,ATL,2023-07-07,10000
BCHI24038319-116,REX-4175,CHI,2024-03-31,10000
BCLE24083445-117,REX-4175,PHX,2024-08-14,10000
BCLE23109697-118,REX-4175,DAL,2023-10-16,10000
BCLE25109140-119,REX-4175,DAL,2025-10-22,10000
BATL24108660-120,REX-4175,ATL,2024-10-27,10000
BATL25017743-121,REX-4175,DAL,2025-01-04,10000
BATL23116643-122,REX-4175,PHX,2023-11-24,10000
BCLE23025827-123,REX-4175,CLE,2023-02-05,10000
BCHI23112551-124,REX-4175,CHI,2023-11-23,10000
BCHI23106439-125,REX-4175,CLE,2023-10-13,10000
BPHX23082137-126,REX-4175,ATL,2023-08-26,10000
BDAL24111293-127,REX-4175,DAL,2024-11-01,10000
BCLE25031519-128,REX-4175,CLE,2025-03-25,10000
BCHI25083832-129,REX-4175,ATL,2025-08-09,10000
BDAL23047987-130,REX-4175,PHX,2023-04-24,10000
BCLE23022396-131,REX-4175,ATL,2023-02-18,10000
BCHI24053348-132,REX-4175,PHX,2024-05-11,10000
BCLE23062470-133,REX-4175,ATL,2023-06-27,10000
BATL24027999-134,REX-4175,CLE,2024-02-15,10000
BCLE24123049-135,REX-4175,CLE,2024-12-19,10000
BCHI24067131-136,REX-4175,CLE,2024-06-25,10000
BPHX25108130-137,REX-4175,DAL,2025-10-16,10000
BDAL24046112-138,REX-4175,PHX,2024-04-04,10000
BDAL23043911-139,REX-4175,ATL,2023-04-05,10000
BPHX25064584-140,REX-4175,DAL,2025-06-19,10000
BCLE25022754-141,REX-4175,CHI,2025-02-23,10000
BDAL23064876-142,REX-4175,CLE,2023-06-30,10000
BPHX25014358-143,REX-4175,DAL,2025-01-19,10000
BATL25105251-144,REX-4175,ATL,2025-10-04,10000
BCHI24127911-145,REX-4175,CLE,2024-12-17,10000
BPHX25109761-146,REX-4175,ATL,2025-10-02,10000
BDAL23122663-147,REX-4175,ATL,2023-12-01,10000
BATL25077459-148,REX-4175,PHX,2025-07-28,10000
BCHI23017422-149,REX-4175,PHX,2023-01-08,10000
BDAL25037556-150,REX-4175,ATL,2025-03-04,10000
BDAL23092254-151,REX-4175,CHI,2023-09-24,10000
BPHX25069942-152,REX-4175,PHX,2025-06-24,10000
BDAL25115807-153,REX-4175,PHX,2025-11-11,10000
BCLE25083615-154,REX-4175,CHI,2025-08-14,10000
BATL23056924-155,REX-4175,CLE,2023-05-04,10000
BPHX23032783-156,REX-4175,CHI,2023-03-16,10000
BCHI24098919-157,REX-4175,DAL,2024-09-13,10000
BATL23104855-158,REX-4175,DAL,2023-10-26,10000
BATL24076039-159,REX-4175,CLE,2024-07-10,10000
BPHX24097199-160,REX-4175,CHI,2024-09-21,10000
BCLE23113470-161,REX-4175,CLE,2023-11-09,10000
BPHX24115141-162,REX-4175,CHI,2024-11-19,10000
BATL24126847-163,REX-4175,DAL,2024-12-30,10000
BCLE23127548-164,REX-4175,DAL,2023-12-19,10000
BCLE24083027-165,REX-4175,CLE,2024-08-02,10000
BATL25109957-166,REX-4175,CHI,2025-10-06,10000
BCHI23063404-167,REX-4175,PHX,2023-06-14,10000
BCLE24058029-168,REX-4175,ATL,2024-05-25,10000
BATL24096527-169,REX-4175,CHI,2024-09-20,10000
BCHI24089236-170,REX-4175,ATL,2024-08-11,10000
BCHI23059467-171,REX-4175,DAL,2023-05-13,10000
BCHI25051380-172,REX-4175,PHX,2025-05-09,10000
BDAL25041299-173,REX-4175,DAL,2025-04-09,10000
BCLE23071716-174,REX-4175,ATL,2023-07-21,10000
BATL23077079-175,REX-4175,DAL,2023-07-06,10000
BDAL24022347-176,REX-4175,ATL,2024-02-06,10000
BCLE24052940-177,REX-4175,PHX,2024-05-21,10000
BDAL23049648-178,REX-4175,PHX,2023-04-15,10000
BATL23019137-179,REX-4175,ATL,2023-01-09,10000
BCHI23077308-180,REX-4175,CLE,2023-07-25,10000
BATL23043673-181,REX-4175,CLE,2023-04-30,10000
BCLE24028319-182,REX-4175,CHI,2024-02-17,10000
BCLE23042465-183,REX-4175,DAL,2023-04-12,10000
BCLE23034438-184,REX-4175,DAL,2023-03-08,10000
BCLE25084943-185,REX-4175,CLE,2025-08-30,10000
BCLE25108645-186,REX-4175,CHI,2025-10-13,10000
BCLE25042719-187,REX-4175,PHX,2025-04-29,10000
BDAL23111834-188,REX-4175,CHI,2023-11-15,10000
BCLE24065667-189,REX-4175,PHX,2024-06-13,10000
BDAL24111154-190,REX-4175,CLE,2024-11-04,10000
BATL23068168-191,REX-4175,DAL,2023-06-07,10000
BDAL24049685-192,REX-4175,ATL,2024-04-02,10000
BCLE23098742-193,REX-4175,ATL,2023-09-02,10000
BCHI25061056-194,REX-4175,PHX,2025-06-27,10000
BPHX23101921-195,REX-4175,ATL,2023-10-09,10000
BCLE25087807-196,REX-4175,CLE,2025-08-16,10000
BCLE25059388-197,REX-4175,CLE,2025-05-23,10000
BATL25083126-198,REX-4175,ATL,2025-08-20,10000
BDAL25028882-199,REX-4175,PHX,2025-02-25,10000
BCHI23094243-200,REX-4175,PHX,2023-09-05,10000
BATL24111660-201,REX-4175,PHX,2024-11-24,10000
BCHI25052737-202,REX-4175,CLE,2025-05-08,10000
BDAL24019962-203,REX-4175,CLE,2024-01-08,10000
BDAL25018627-204,REX-4175,CHI,2025-01-20,10000
BCLE23033780-205,REX-4175,DAL,2023-03-06,10000
BATL24083211-206,REX-4175,ATL,2024-08-23,10000
BATL25033658-207,REX-4175,CLE,2025-03-20,10000
BCHI25031623-208,REX-4175,PHX,2025-03-11,10000
BCHI25026773-209,REX-4175,PHX,2025-02-22,10000
BPHX24068735-210,REX-4175,CLE,2024-06-15,10000
BPHX25036841-211,REX-4175,CLE,2025-03-07,10000
BCHI25062939-212,REX-4175,ATL,2025-06-13,10000
BATL25012465-213,REX-4175,DAL,2025-01-16,10000
BCLE23047661-214,REX-4175,DAL,2023-04-23,10000
BPHX23102191-215,REX-4175,CLE,2023-10-25,10000
BCLE25094564-216,REX-4175,ATL,2025-09-10,10000
BCLE25019563-217,REX-4175,DAL,2025-01-15,10000
BDAL23114471-218,REX-4175,CLE,2023-11-17,10000
BCHI24033243-219,REX-4175,DAL,2024-03-30,10000
BCHI24082080-220,REX-4175,ATL,2024-08-22,10000
BCLE23025938-221,REX-4175,CLE,2023-02-18,10000
BCHI25052222-222,REX-4175,CLE,2025-05-20,10000
BATL24101767-223,REX-4175,ATL,2024-10-09,10000
BDAL23072167-224,REX-4175,PHX,2023-07-26,10000
BDAL25097359-225,REX-4175,DAL,2025-09-02,10000
BATL25044786-226,REX-4175,CHI,2025-04-07,10000
BATL24116076-227,REX-4175,CHI,2024-11-06,10000
BCLE23071051-228,REX-4175,DAL,2023-07-05,10000
BCLE23025524-229,REX-4175,PHX,2023-02-04,10000
BDAL25053547-230,REX-4175,PHX,2025-05-11,10000
BCHI25117954-231,REX-4175,CLE,2025-11-01,10000
BPHX24105043-232,REX-4175,CHI,2024-10-17,10000
BDAL24112821-233,REX-4175,ATL,2024-11-21,10000
BPHX23069072-234,REX-4175,DAL,2023-06-06,10000
BATL23074837-235,REX-4175,CHI,2023-07-21,10000
BCHI25029155-236,REX-4175,CHI,2025-02-01,10000
BDAL23076935-237,REX-4175,DAL,2023-07-21,10000
BPHX23111747-238,REX-4175,CHI,2023-11-13,10000
BATL25084720-239,REX-4175,PHX,2025-08-03,10000
BATL23025843-240,REX-4175,DAL,2023-02-08,10000
BDAL25065590-241,REX-4175,PHX,2025-06-10,10000
BPHX25083315-242,REX-4175,CLE,2025-08-05,10000
BCLE25018234-243,REX-4175,CLE,2025-01-03,10000
BPHX23024335-244,REX-4175,CLE,2023-02-25,10000
BPHX25103007-245,REX-4175,DAL,2025-10-21,10000
BDAL25028875-246,REX-4175,CHI,2025-02-25,10000
BPHX24042002-247,REX-4175,ATL,2024-04-15,10000
BPHX23076210-248,REX-4175,DAL,2023-07-20,10000
BCHI24041261-249,REX-4175,ATL,2024-04-12,10000
BDAL25062194-250,REX-4175,DAL,2025-06-24,10000
BDAL25108520-251,REX-4175,ATL,2025-10-27,10000
BCLE25023654-252,REX-4175,CHI,2025-02-24,10000
BDAL23125252-253,REX-4175,PHX,2023-12-20,10000
BATL25048387-254,REX-4175,ATL,2025-04-04,10000
BDAL25111748-255,REX-4175,PHX,2025-11-23,10000
BPHX25055107-256,REX-4175,ATL,2025-05-03,10000
BPHX23017180-257,REX-4175,ATL,2023-01-22,10000
BPHX23102107-258,REX-4175,ATL,2023-10-22,10000
BATL24119986-259,REX-4175,PHX,2024-11-23,10000
BPHX25093266-260,REX-4175,DAL,2025-09-01,10000
BATL23099667-261,REX-4175,PHX,2023-09-14,10000
BPHX25101853-262,REX-4175,PHX,2025-10-29,10000
BDAL23039470-263,REX-4175,CHI,2023-03-03,10000
BCHI25034829-264,REX-4175,ATL,2025-03-16,10000
BDAL23047070-265,REX-4175,ATL,2023-04-28,10000
BCLE24066682-266,REX-4175,CLE,2024-06-15,10000
BPHX23104277-267,REX-4175,CHI,2023-10-24,10000
BCLE25056363-268,REX-4175,CHI,2025-05-06,10000
BPHX25075216-269,REX-4175,CLE,2025-07-09,10000
BATL24106270-270,REX-4175,PHX,2024-10-05,10000
BCLE25078760-271,REX-4175,CHI,2025-07-11,10000
BPHX25086554-272,REX-4175,DAL,2025-08-06,10000
BATL24068148-273,REX-4175,CLE,2024-06-05,10000
BATL23029633-274,REX-4175,DAL,2023-02-26,10000
BATL23108812-275,REX-4175,ATL,2023-10-29,10000
BATL25048461-276,REX-4175,ATL,2025-04-04,10000
BCLE24013884-277,REX-4175,ATL,2024-01-05,10000
BPHX23102692-278,REX-4175,CLE,2023-10-29,10000
BPHX23067078-279,REX-4175,PHX,2023-06-03,10000
BCHI25052977-280,REX-4175,PHX,2025-05-22,10000
BPHX23083693-281,REX-4175,CLE,2023-08-07,10000
BATL24089899-282,REX-4175,DAL,2024-08-26,10000
BDAL23085394-283,REX-4175,CHI,2023-08-22,10000
BCHI25044812-284,REX-4175,CLE,2025-04-07,10000
BATL25022696-285,REX-4175,PHX,2025-02-06,10000
BATL23013935-286,REX-4175,ATL,2023-01-17,10000
BATL23037770-287,REX-4175,CHI,2023-03-02,10000
BCLE23015360-288,REX-4175,ATL,2023-01-29,10000
BDAL25039117-289,REX-4175,CLE,2025-03-25,10000
BPHX23059951-290,REX-4175,CLE,2023-05-05,10000
BPHX23058611-291,REX-4175,CLE,2023-05-27,10000
BCLE24037554-292,REX-4175,ATL,2024-03-18,10000
BCLE25076610-293,REX-4175,CLE,2025-07-01,10000
BDAL23034248-294,REX-4175,ATL,2023-03-09,10000
BPHX24018517-295,REX-4175,ATL,2024-01-14,10000
BDAL24067172-296,REX-4175,CHI,2024-06-03,10000
BCLE24048218-297,REX-4175,ATL,2024-04-03,10000
BPHX24078098-298,REX-4175,ATL,2024-07-24,10000
BCHI23014642-299,REX-4175,CHI,2023-01-11,10000
BPHX23036326-300,REX-4175,DAL,2023-03-08,10000
BATL23056731-301,REX-4175,CHI,2023-05-05,10000
BCLE24104587-302,REX-4175,CHI,2024-10-27,10000
BATL24048569-303,REX-4175,ATL,2024-04-05,10000
BATL25109862-304,REX-4175,CLE,2025-10-07,10000
BCHI23112931-305,REX-4175,PHX,2023-11-24,10000
BDAL24031782-306,REX-4175,DAL,2024-03-31,10000
BCLE25053055-307,REX-4175,PHX,2025-05-29,10000
BPHX25057473-308,REX-4175,DAL,2025-05-09,10000
BPHX23123723-309,REX-4175,CHI,2023-12-18,10000
BDAL24094365-310,REX-4175,CHI,2024-09-14,10000
BDAL25097121-311,REX-4175,CLE,2025-09-28,10000
BCLE25079284-312,REX-4175,CHI,2025-07-16,10000
BDAL25061045-313,REX-4175,PHX,2025-06-09,10000
BDAL25107763-314,REX-4175,CLE,2025-10-11,10000
BCLE23129939-315,REX-4175,CLE,2023-12-14,10000
BCHI23073814-316,REX-4175,CHI,2023-07-31,10000
BATL23044050-317,REX-4175,CLE,2023-04-06,10000
BDAL25014902-318,REX-4175,CHI,2025-01-30,10000
BDAL23035244-319,REX-4175,CHI,2023-03-08,10000
BCHI23034689-320,REX-4175,ATL,2023-03-12,10000
BDAL23114152-321,REX-4175,ATL,2023-11-18,10000
BATL24021107-322,REX-4175,ATL,2024-02-27,10000
BDAL24052101-323,REX-4175,CLE,2024-05-16,10000
BDAL23116429-324,REX-4175,DAL,2023-11-12,10000
BCLE23054706-325,REX-4175,DAL,2023-05-02,10000
BDAL24081547-326,REX-4175,ATL,2024-08-03,10000
BCHI25049262-327,REX-4175,CHI,2025-04-09,10000
BATL24084172-328,REX-4175,ATL,2024-08-06,10000
BATL24015825-329,REX-4175,ATL,2024-01-30,10000
BATL25037991-330,REX-4175,ATL,2025-03-18,10000
BCHI23011436-331,REX-4175,DAL,2023-01-15,10000
BCLE24043069-332,REX-4175,DAL,2024-04-17,10000
BCLE24073649-333,REX-4175,CHI,2024-07-07,10000
BPHX23046461-334,REX-4175,CHI,2023-04-28,10000
BDAL25033193-335,REX-4175,CLE,2025-03-15,10000
BATL23084976-336,REX-4175,PHX,2023-08-30,10000
BATL25042232-337,REX-4175,PHX,2025-04-02,10000
BDAL25077089-338,REX-4175,DAL,2025-07-30,10000
BCLE23111243-339,REX-4175,PHX,2023-11-24,10000
BCHI24015394-340,REX-4175,CLE,2024-01-09,10000
BPHX24026601-341,REX-4175,CHI,2024-02-21,10000
BCHI23073169-342,REX-4175,ATL,2023-07-20,10000
BPHX25032245-343,REX-4175,ATL,2025-03-21,10000
BPHX23077101-344,REX-4175,ATL,2023-07-24,10000
BATL25037939-345,REX-4175,DAL,2025-03-31,10000
BDAL25083476-346,REX-4175,CHI,2025-08-27,10000
BDAL25037276-347,REX-4175,CLE,2025-03-27,10000
BCLE23107975-348,REX-4175,CLE,2023-10-18,10000
BATL25071433-349,REX-4175,CLE,2025-07-07,10000
BCHI23115400-350,REX-4175,DAL,2023-11-21,10000
BDAL23102000-351,REX-4175,ATL,2023-10-09,10000
BCLE23122028-352,REX-4175,DAL,2023-12-07,10000
BDAL24046810-353,REX-4175,CLE,2024-04-16,10000
BCLE24105438-354,REX-4175,ATL,2024-10-12,10000
BCLE23102721-355,REX-4175,DAL,2023-10-13,10000
BCLE24059477-356,REX-4175,PHX,2024-05-01,10000
BCHI25098552-357,REX-4175,ATL,2025-09-20,10000
BPHX24063078-358,REX-4175,DAL,2024-06-18,10000
BATL24053512-359,REX-4175,CLE,2024-05-29,10000
BCHI25104870-360,REX-4175,DAL,2025-10-24,10000
BCHI24102793-361,REX-4175,CHI,2024-10-20,10000
BCLE24015956-362,REX-4175,CHI,2024-01-05,10000
BPHX25091679-363,REX-4175,PHX,2025-09-16,10000
BPHX25104248-364,REX-4175,ATL,2025-10-06,10000
BATL24048045-365,REX-4175,DAL,2024-04-25,10000
BDAL23071936-366,REX-4175,ATL,2023-07-15,10000
BPHX24119894-367,REX-4175,DAL,2024-11-27,10000
BDAL25061939-368,REX-4175,CHI,2025-06-06,10000
BCHI24116886-369,REX-4175,CHI,2024-11-14,10000
BCHI24013814-370,REX-4175,DAL,2024-01-29,10000
BPHX25063211-371,REX-4175,PHX,2025-06-14,10000
BCLE23129321-372,REX-4175,DAL,2023-12-19,10000
BPHX25033053-000,REX-4182,CHI,2025-03-25,10000
BDAL23125999-001,REX-4182,ATL,2023-12-11,10000
BDAL24102313-002,REX-4182,CHI,2024-10-15,10000
BATL25033605-003,REX-4182,ATL,2025-03-13,10000
BDAL24011141-004,REX-4182,CLE,2024-01-11,10000
BDAL24017647-005,REX-4182,ATL,2024-01-11,10000
BPHX24093819-006,REX-4182,CHI,2024-09-06,10000
BATL25045127-007,REX-4182,ATL,2025-04-22,10000
BCLE23013777-008,REX-4182,ATL,2023-01-27,10000
BDAL24052428-009,REX-4182,DAL,2024-05-18,10000
BCHI23121187-010,REX-4182,CLE,2023-12-25,10000
BPHX25053789-011,REX-4182,PHX,2025-05-05,10000
BATL23037715-012,REX-4182,PHX,2023-03-23,10000
BDAL23016614-013,REX-4182,CLE,2023-01-01,10000
BPHX25014181-014,REX-4182,ATL,2025-01-09,10000
BPHX23055670-015,REX-4182,CLE,2023-05-17,10000
BATL23022226-016,REX-4182,CLE,2023-02-08,10000
BCHI23064598-017,REX-4182,ATL,2023-06-22,10000
BATL25019826-018,REX-4182,CHI,2025-01-29,10000
BATL23123626-019,REX-4182,DAL,2023-12-30,10000
BCLE25082422-020,REX-4182,CHI,2025-08-07,10000
BPHX24031094-021,REX-4182,CLE,2024-03-31,10000
BCLE25059665-022,REX-4182,ATL,2025-05-09,10000
BPHX25081610-023,REX-4182,DAL,2025-08-02,10000
BDAL25037557-024,REX-4182,CLE,2025-03-30,10000
BCLE25058766-025,REX-4182,PHX,2025-05-06,10000
BPHX23095610-026,REX-4182,ATL,2023-09-23,10000
BCLE24121241-027,REX-4182,CHI,2024-12-25,10000
BATL24108586-028,REX-4182,ATL,2024-10-28,10000
BDAL24027941-029,REX-4182,CLE,2024-02-14,10000
BPHX25063402-030,REX-4182,ATL,2025-06-29,10000
BATL23084247-031,REX-4182,PHX,2023-08-16,10000
BCLE23085243-032,REX-4182,DAL,2023-08-23,10000
BPHX23075909-033,REX-4182,ATL,2023-07-10,10000
BCLE24027374-034,REX-4182,DAL,2024-02-14,10000
BDAL24072905-035,REX-4182,ATL,2024-07-19,10000
BATL25078600-036,REX-4182,PHX,2025-07-30,10000
BCHI25036931-037,REX-4182,PHX,2025-03-06,10000
BCLE25057913-038,REX-4182,ATL,2025-05-10,10000
BCHI24055789-039,REX-4182,ATL,2024-05-29,10000
BDAL23048021-040,REX-4182,CLE,2023-04-03,10000
BDAL25086573-041,REX-4182,CLE,2025-08-27,10000
BCHI25118231-042,REX-4182,CLE,2025-11-13,10000
BPHX23064093-043,REX-4182,ATL,2023-06-27,10000
BATL24091674-044,REX-4182,ATL,2024-09-05,10000
BCHI24084591-045,REX-4182,PHX,2024-08-10,10000
BDAL24095379-046,REX-4182,CLE,2024-09-22,10000
BATL25104588-047,REX-4182,DAL,2025-10-13,10000
BPHX24126492-048,REX-4182,ATL,2024-12-08,10000
BPHX25105186-049,REX-4182,PHX,2025-10-23,10000
BATL23016880-050,REX-4182,DAL,2023-01-23,10000
BATL25017201-051,REX-4182,ATL,2025-01-27,10000
BCHI25051679-052,REX-4182,DAL,2025-05-06,10000
BATL25084241-053,REX-4182,CHI,2025-08-15,10000
BDAL25062035-054,REX-4182,CLE,2025-06-07,10000
BCHI23016552-055,REX-4182,ATL,2023-01-07,10000
BDAL25106127-056,REX-4182,PHX,2025-10-22,10000
BATL24072497-057,REX-4182,PHX,2024-07-02,10000
BATL24076263-058,REX-4182,CHI,2024-07-24,10000
BCLE23024610-059,REX-4182,PHX,2023-02-02,10000
BDAL23068001-060,REX-4182,CLE,2023-06-09,10000
BPHX24097726-061,REX-4182,CLE,2024-09-16,10000
BATL24088464-062,REX-4182,CHI,2024-08-24,10000
BDAL24064477-063,REX-4182,PHX,2024-06-20,10000
BPHX23047146-064,REX-4182,CLE,2023-04-15,10000
BDAL25077809-065,REX-4182,DAL,2025-07-13,10000
BPHX25043152-066,REX-4182,PHX,2025-04-28,10000
BPHX24042100-067,REX-4182,DAL,2024-04-23,10000
BCLE24089510-068,REX-4182,DAL,2024-08-31,10000
BCHI25111549-069,REX-4182,CLE,2025-11-25,10000
BPHX23118788-070,REX-4182,ATL,2023-11-02,10000
BCLE23089470-071,REX-4182,DAL,2023-08-14,10000
BCLE24118445-072,REX-4182,CHI,2024-11-16,10000
BCLE25025752-073,REX-4182,ATL,2025-02-27,10000
BPHX25018018-074,REX-4182,CLE,2025-01-14,10000
BCLE24114733-075,REX-4182,ATL,2024-11-22,10000
BDAL25067960-076,REX-4182,CHI,2025-06-28,10000
BATL25114461-077,REX-4182,CLE,2025-11-08,10000
BPHX25038209-078,REX-4182,ATL,2025-03-22,10000
BPHX23028716-079,REX-4182,CLE,2023-02-15,10000
BATL23104004-080,REX-4182,PHX,2023-10-05,10000
BPHX25045607-081,REX-4182,CLE,2025-04-20,10000
BCHI23028407-082,REX-4182,CHI,2023-02-03,10000
BPHX25116391-083,REX-4182,ATL,2025-11-04,10000
BDAL25101764-084,REX-4182,PHX,2025-10-25,10000
BATL25087794-085,REX-4182,ATL,2025-08-22,10000
BATL24099438-086,REX-4182,CHI,2024-09-15,10000
BPHX25107550-087,REX-4182,CLE,2025-10-28,10000
BDAL24101358-088,REX-4182,DAL,2024-10-06,10000
BATL23102932-089,REX-4182,PHX,2023-10-10,10000
BDAL23057923-090,REX-4182,CLE,2023-05-01,10000
BPHX25041487-091,REX-4182,PHX,2025-04-02,10000
BATL25034060-092,REX-4182,CLE,2025-03-11,10000
BPHX23053668-093,REX-4182,CHI,2023-05-23,10000
BPHX23014140-094,REX-4182,CHI,2023-01-31,10000
BCHI23122312-095,REX-4182,CHI,2023-12-30,10000
BPHX23112966-096,REX-4182,CHI,2023-11-24,10000
BPHX23116289-097,REX-4182,ATL,2023-11-12,10000
BPHX24042481-098,REX-4182,PHX,2024-04-22,10000
BCHI23017928-099,REX-4182,DAL,2023-01-13,10000
BATL24067639-100,REX-4182,CHI,2024-06-21,10000
BATL24081494-101,REX-4182,ATL,2024-08-20,10000
BCLE24044889-102,REX-4182,DAL,2024-04-25,10000
BCHI24091315-103,REX-4182,CLE,2024-09-11,10000
BDAL24087857-104,REX-4182,PHX,2024-08-01,10000
BPHX23023943-105,REX-4182,CLE,2023-02-24,10000
BCHI24118195-106,REX-4182,ATL,2024-11-27,10000
BDAL23015234-107,REX-4182,CHI,2023-01-05,10000
BDAL23114801-108,REX-4182,CHI,2023-11-29,10000
BDAL25115019-109,REX-4182,CLE,2025-11-15,10000
BCLE23108633-110,REX-4182,CHI,2023-10-28,10000
BPHX23088724-111,REX-4182,CHI,2023-08-17,10000
BPHX23017175-112,REX-4182,DAL,2023-01-12,10000
BCLE24036631-113,REX-4182,CHI,2024-03-30,10000
BCLE23047219-114,REX-4182,DAL,2023-04-17,10000
BCHI23102526-115,REX-4182,DAL,2023-10-18,10000
BATL23018352-116,REX-4182,CLE,2023-01-04,10000
BPHX23081891-117,REX-4182,CHI,2023-08-23,10000
BPHX23115888-118,REX-4182,CLE,2023-11-16,10000
BCLE25074335-119,REX-4182,CLE,2025-07-02,10000
BCHI25111515-120,REX-4182,CHI,2025-11-16,10000
BPHX23053610-121,REX-4182,PHX,2023-05-15,10000
BCHI23113713-122,REX-4182,CHI,2023-11-04,10000
BCHI25043848-123,REX-4182,DAL,2025-04-29,10000
BCHI24096345-124,REX-4182,CLE,2024-09-04,10000
BPHX23023413-125,REX-4182,CHI,2023-02-09,10000
BCHI25116552-126,REX-4182,CHI,2025-11-05,10000
BPHX24015515-127,REX-4182,CLE,2024-01-12,10000
BPHX23069844-128,REX-4182,CLE,2023-06-04,10000
BCHI25052840-129,REX-4182,CHI,2025-05-16,10000
BCLE25023809-130,REX-4182,PHX,2025-02-27,10000
BPHX25043169-131,REX-4182,CLE,2025-04-11,10000
BCHI23033186-132,REX-4182,CLE,2023-03-09,10000
BCHI24052966-133,REX-4182,PHX,2024-05-06,10000
BATL23047902-134,REX-4182,ATL,2023-04-27,10000
BDAL24065412-135,REX-4182,ATL,2024-06-25,10000
BCHI24107250-136,REX-4182,ATL,2024-10-29,10000
BDAL24069551-137,REX-4182,PHX,2024-06-02,10000
BCLE23013926-138,REX-4182,CLE,2023-01-13,10000
BATL24085886-139,REX-4182,ATL,2024-08-27,10000
BATL25027681-140,REX-4182,CHI,2025-02-04,10000
BCHI23022474-141,REX-4182,ATL,2023-02-08,10000
BPHX24046967-142,REX-4182,ATL,2024-04-01,10000
BATL23015362-143,REX-4182,CHI,2023-01-19,10000
BPHX25071963-144,REX-4182,ATL,2025-07-13,10000
BPHX25021012-145,REX-4182,ATL,2025-02-10,10000
BATL24087151-146,REX-4182,DAL,2024-08-24,10000
BDAL23091688-147,REX-4182,DAL,2023-09-30,10000
BATL24127961-148,REX-4182,DAL,2024-12-27,10000
BCLE25109729-149,REX-4182,PHX,2025-10-23,10000
BDAL25011266-150,REX-4182,ATL,2025-01-22,10000
BDAL25039356-151,REX-4182,CHI,2025-03-30,10000
BCLE23106771-152,REX-4182,CHI,2023-10-28,10000
BPHX25075075-153,REX-4182,CHI,2025-07-14,10000
BDAL25017554-154,REX-4182,PHX,2025-01-26,10000
BATL23113083-155,REX-4182,ATL,2023-11-08,10000
BCLE25057244-156,REX-4182,PHX,2025-05-26,10000
BCHI25089666-157,REX-4182,PHX,2025-08-07,10000
BCHI24082207-158,REX-4182,ATL,2024-08-04,10000
BCHI25026085-159,REX-4182,CHI,2025-02-02,10000
BATL25093210-160,REX-4182,CLE,2025-09-19,10000
BATL24069592-161,REX-4182,PHX,2024-06-09,10000
BATL24017729-162,REX-4182,CHI,2024-01-13,10000
BCLE23097288-163,REX-4182,PHX,2023-09-21,10000
BCLE25038433-164,REX-4182,CHI,2025-03-26,10000
BATL25044098-165,REX-4182,DAL,2025-04-15,10000
BCHI25023528-166,REX-4182,CHI,2025-02-11,10000
BATL24056252-167,REX-4182,CHI,2024-05-22,10000
BPHX25099433-168,REX-4182,PHX,2025-09-04,10000
BPHX25104068-169,REX-4182,DAL,2025-10-11,10000
BCLE25065933-170,REX-4182,CLE,2025-06-07,10000
BDAL24059604-171,REX-4182,ATL,2024-05-20,10000
BCHI23045120-172,REX-4182,CHI,2023-04-11,10000
BCLE24056363-173,REX-4182,ATL,2024-05-20,10000
BCHI24012386-174,REX-4182,ATL,2024-01-24,10000
BPHX23091161-175,REX-4182,CLE,2023-09-16,10000
BCLE23015744-176,REX-4182,DAL,2023-01-10,10000
BPHX23047535-177,REX-4182,ATL,2023-04-12,10000
BDAL23054716-178,REX-4182,CLE,2023-05-18,10000
BCHI24082158-179,REX-4182,ATL,2024-08-05,10000
BCLE24091273-180,REX-4182,ATL,2024-09-07,10000
BCHI25119121-181,REX-4182,DAL,2025-11-23,10000
BCHI23118701-182,REX-4182,ATL,2023-11-08,10000
BCHI23039849-183,REX-4182,PHX,2023-03-09,10000
BPHX24115868-184,REX-4182,ATL,2024-11-01,10000
BDAL23101186-185,REX-4182,DAL,2023-10-05,10000
BCLE23119496-186,REX-4182,ATL,2023-11-06,10000
BDAL24044803-187,REX-4182,CLE,2024-04-23,10000
BPHX25098014-188,REX-4182,CHI,2025-09-19,10000
BCHI23075276-189,REX-4182,CHI,2023-07-29,10000
BATL25039932-190,REX-4182,CLE,2025-03-31,10000
BPHX25019748-191,REX-4182,ATL,2025-01-27,10000
BCLE23018763-192,REX-4182,DAL,2023-01-09,10000
BCLE24058349-193,REX-4182,CHI,2024-05-18,10000
BPHX25042646-194,REX-4182,CHI,2025-04-16,10000
BCHI25056459-195,REX-4182,PHX,2025-05-31,10000
BDAL23111110-196,REX-4182,DAL,2023-11-10,10000
BDAL24059040-197,REX-4182,DAL,2024-05-22,10000
BATL23096209-198,REX-4182,ATL,2023-09-04,10000
BATL23058899-199,REX-4182,CHI,2023-05-29,10000
BPHX24102588-200,REX-4182,CLE,2024-10-08,10000
BPHX23049031-201,REX-4182,PHX,2023-04-17,10000
BATL24022200-202,REX-4182,PHX,2024-02-07,10000
BCLE24124698-203,REX-4182,PHX,2024-12-17,10000
BCHI23063938-204,REX-4182,CLE,2023-06-26,10000
BDAL23102162-205,REX-4182,CHI,2023-10-28,10000
BCHI24028934-206,REX-4182,ATL,2024-02-11,10000
BPHX24031660-207,REX-4182,ATL,2024-03-06,10000
BATL24095815-208,REX-4182,DAL,2024-09-02,10000
BPHX24075695-209,REX-4182,CHI,2024-07-17,10000
BDAL23019083-210,REX-4182,PHX,2023-01-01,10000
BPHX23029757-211,REX-4182,PHX,2023-02-22,10000
BATL23096164-212,REX-4182,CLE,2023-09-21,10000
BPHX23017775-213,REX-4182,DAL,2023-01-11,10000
BCHI23062168-214,REX-4182,PHX,2023-06-06,10000
BCHI23036853-215,REX-4182,CLE,2023-03-11,10000
BATL25093727-216,REX-4182,CHI,2025-09-16,10000
BCLE24125390-217,REX-4182,DAL,2024-12-11,10000
BATL25025190-218,REX-4182,CLE,2025-02-24,10000
BCHI23056800-219,REX-4182,CHI,2023-05-31,10000
BDAL23016674-220,REX-4182,CHI,2023-01-03,10000
BCLE23066258-221,REX-4182,PHX,2023-06-11,10000
BDAL24067429-222,REX-4182,DAL,2024-06-17,10000
BCHI24052916-223,REX-4182,PHX,2024-05-24,10000
BPHX23048746-224,REX-4182,CLE,2023-04-07,10000
BDAL23041185-225,REX-4182,CHI,2023-04-14,10000
BCLE24056103-226,REX-4182,DAL,2024-05-18,10000
BCLE24099840-227,REX-4182,DAL,2024-09-30,10000
BATL23029944-228,REX-4182,ATL,2023-02-07,10000
BCLE23129841-229,REX-4182,CLE,2023-12-31,10000
BCHI24037268-230,REX-4182,PHX,2024-03-04,10000
BCLE23114908-231,REX-4182,CHI,2023-11-25,10000
BCHI25017542-232,REX-4182,DAL,2025-01-31,10000
BPHX23029751-233,REX-4182,CHI,2023-02-13,10000
BATL23017418-234,REX-4182,DAL,2023-01-26,10000
BCHI23116536-235,REX-4182,CLE,2023-11-19,10000
BDAL25028165-236,REX-4182,CHI,2025-02-21,10000
BATL24024878-237,REX-4182,DAL,2024-02-28,10000
BATL25054278-238,REX-4182,CLE,2025-05-05,10000
BCHI24018674-239,REX-4182,DAL,2024-01-24,10000
BCLE24069243-240,REX-4182,CHI,2024-06-23,10000
BPHX23048985-241,REX-4182,CLE,2023-04-20,10000
BCHI25118912-242,REX-4182,CLE,2025-11-01,10000
BCLE23122924-243,REX-4182,CHI,2023-12-11,10000
BCHI23075622-244,REX-4182,ATL,2023-07-09,10000
BCLE23064271-245,REX-4182,ATL,2023-06-11,10000
BPHX25032642-246,REX-4182,CLE,2025-03-09,10000
BCHI24115516-247,REX-4182,CHI,2024-11-17,10000
BCHI24111770-248,REX-4182,DAL,2024-11-24,10000
BPHX23114948-249,REX-4182,ATL,2023-11-30,10000
BCLE23097607-250,REX-4182,CLE,2023-09-02,10000
BPHX24083603-251,REX-4182,ATL,2024-08-27,10000
BDAL23024700-252,REX-4182,CHI,2023-02-07,10000
BCLE25088799-253,REX-4182,PHX,2025-08-21,10000
BDAL24075563-254,REX-4182,DAL,2024-07-12,10000
BCLE25099713-255,REX-4182,ATL,2025-09-10,10000
BCLE24028271-256,REX-4182,CLE,2024-02-07,10000
BPHX24082203-257,REX-4182,CHI,2024-08-15,10000
BATL24115461-258,REX-4182,PHX,2024-11-25,10000
BPHX25097687-259,REX-4182,ATL,2025-09-22,10000
BATL25045066-260,REX-4182,DAL,2025-04-14,10000
BCLE25026952-261,REX-4182,ATL,2025-02-08,10000
BATL23017297-262,REX-4182,CLE,2023-01-28,10000
BCLE24093125-263,REX-4182,DAL,2024-09-08,10000
BCHI25098346-000,REX-4189,CLE,2025-09-22,10000
BPHX24039469-001,REX-4189,PHX,2024-03-18,10000
BDAL23041849-002,REX-4189,PHX,2023-04-10,10000
BCLE24047491-003,REX-4189,PHX,2024-04-29,10000
BPHX24051137-004,REX-4189,DAL,2024-05-03,10000
BATL23049698-005,REX-4189,CLE,2023-04-01,10000
BDAL25051131-006,REX-4189,CHI,2025-05-28,10000
BCLE23094544-007,REX-4189,CHI,2023-09-05,10000
BCHI23032937-008,REX-4189,ATL,2023-03-31,10000
BATL23051472-009,REX-4189,ATL,2023-05-01,10000
BATL25011381-010,REX-4189,CHI,2025-01-17,10000
BDAL24063589-011,REX-4189,ATL,2024-06-21,10000
BDAL25078659-012,REX-4189,CHI,2025-07-31,10000
BATL25012836-013,REX-4189,CHI,2025-01-20,10000
BPHX24011682-014,REX-4189,CLE,2024-01-18,10000
BCLE25053179-015,REX-4189,PHX,2025-05-31,10000
BPHX24125837-016,REX-4189,DAL,2024-12-15,10000
BDAL24063245-017,REX-4189,CLE,2024-06-11,10000
BDAL24105612-018,REX-4189,DAL,2024-10-15,10000
BATL24119418-019,REX-4189,CLE,2024-11-05,10000
BCHI23091266-020,REX-4189,CHI,2023-09-12,10000
BCHI23097378-021,REX-4189,DAL,2023-09-05,10000
BCHI24124462-022,REX-4189,DAL,2024-12-18,10000
BDAL24087523-023,REX-4189,PHX,2024-08-02,10000
BATL23117078-024,REX-4189,ATL,2023-11-18,10000
BPHX23099110-025,REX-4189,CLE,2023-09-10,10000
BPHX24107224-026,REX-4189,CLE,2024-10-06,10000
BPHX24042680-027,REX-4189,PHX,2024-04-25,10000
BDAL23109876-028,REX-4189,PHX,2023-10-13,10000
BPHX23031171-029,REX-4189,DAL,2023-03-04,10000
BATL25077907-000,REX-4196,PHX,2025-07-08,10000
BATL23024223-001,REX-4196,DAL,2023-02-02,10000
BDAL23059257-002,REX-4196,DAL,2023-05-09,10000
BCLE23027135-003,REX-4196,ATL,2023-02-25,10000
BCLE23018228-004,REX-4196,ATL,2023-01-09,10000
BPHX23079143-005,REX-4196,CLE,2023-07-04,10000
BPHX24101884-006,REX-4196,DAL,2024-10-09,10000
BCHI25062013-007,REX-4196,DAL,2025-06-20,10000
BATL23095188-008,REX-4196,DAL,2023-09-22,10000
BATL23065018-009,REX-4196,CHI,2023-06-03,10000
BDAL24108247-010,REX-4196,CHI,2024-10-30,10000
BCLE24067150-011,REX-4196,DAL,2024-06-27,10000
BATL25012590-012,REX-4196,DAL,2025-01-18,10000
BCHI25081891-013,REX-4196,DAL,2025-08-15,10000
BCLE25072309-014,REX-4196,CHI,2025-07-31,10000
BPHX25035920-015,REX-4196,PHX,2025-03-25,10000
BPHX24036408-016,REX-4196,PHX,2024-03-15,10000
BCHI23094851-017,REX-4196,ATL,2023-09-10,10000
BCHI24109108-018,REX-4196,DAL,2024-10-22,10000
BPHX25079961-019,REX-4196,CLE,2025-07-31,10000
BPHX25021805-020,REX-4196,ATL,2025-02-05,10000
BPHX24058766-021,REX-4196,CLE,2024-05-12,10000
BATL24061097-022,REX-4196,CLE,2024-06-27,10000
BATL24011418-023,REX-4196,CHI,2024-01-16,10000
BPHX25019009-024,REX-4196,ATL,2025-01-07,10000
BATL24033353-025,REX-4196,CHI,2024-03-20,10000
BATL25093183-026,REX-4196,ATL,2025-09-08,10000
BDAL25045244-027,REX-4196,CLE,2025-04-09,10000
BCHI24013185-028,REX-4196,DAL,2024-01-17,10000
BATL24057468-029,REX-4196,PHX,2024-05-06,10000
BCHI25024061-030,REX-4196,DAL,2025-02-09,10000
BPHX23128756-031,REX-4196,ATL,2023-12-05,10000
BATL23119764-032,REX-4196,DAL,2023-11-23,10000
BCLE23103239-033,REX-4196,ATL,2023-10-16,10000
BCLE24012538-034,REX-4196,DAL,2024-01-09,10000
BCLE23017935-035,REX-4196,CHI,2023-01-01,10000
BATL24013870-036,REX-4196,CHI,2024-01-22,10000
BDAL24073265-037,REX-4196,ATL,2024-07-25,10000
BPHX24082156-038,REX-4196,CHI,2024-08-31,10000
BCHI23111148-039,REX-4196,PHX,2023-11-02,10000
BDAL24112377-040,REX-4196,DAL,2024-11-09,10000
BDAL24073078-041,REX-4196,PHX,2024-07-04,10000
BPHX23046301-042,REX-4196,PHX,2023-04-28,10000
BATL23054623-043,REX-4196,CLE,2023-05-23,10000
BCLE23037444-044,REX-4196,DAL,2023-03-02,10000
BATL24053535-045,REX-4196,ATL,2024-05-18,10000
BATL25063101-046,REX-4196,PHX,2025-06-04,10000
BPHX25078649-047,REX-4196,ATL,2025-07-09,10000
BCLE24027785-048,REX-4196,CHI,2024-02-22,10000
BPHX23037583-049,REX-4196,DAL,2023-03-11,10000
BCLE25098257-050,REX-4196,CLE,2025-09-06,10000
BCHI24026922-051,REX-4196,CLE,2024-02-29,10000
BPHX24051566-052,REX-4196,DAL,2024-05-02,10000
BATL24109248-053,REX-4196,DAL,2024-10-03,10000
BDAL23102389-054,REX-4196,CLE,2023-10-05,10000
BDAL25081878-055,REX-4196,ATL,2025-08-26,10000
BDAL25101303-056,REX-4196,PHX,2025-10-12,10000
BDAL25089295-057,REX-4196,ATL,2025-08-27,10000
BPHX25057885-058,REX-4196,ATL,2025-05-26,10000
BCHI25011039-059,REX-4196,PHX,2025-01-30,10000
BCLE23111655-060,REX-4196,ATL,2023-11-24,10000
BATL25049328-061,REX-4196,DAL,2025-04-09,10000
BDAL25047744-062,REX-4196,CLE,2025-04-06,10000
BCHI24088337-063,REX-4196,DAL,2024-08-02,10000
BCHI24108957-064,REX-4196,CHI,2024-10-07,10000
BCLE24039564-065,REX-4196,ATL,2024-03-03,10000
BCHI25099874-066,REX-4196,DAL,2025-09-19,10000
BDAL23069291-067,REX-4196,PHX,2023-06-08,10000
BCHI23036160-068,REX-4196,DAL,2023-03-12,10000
BDAL23014400-069,REX-4196,ATL,2023-01-30,10000
BPHX25055859-070,REX-4196,ATL,2025-05-03,10000
BATL23094644-071,REX-4196,CHI,2023-09-19,10000
BPHX24062661-072,REX-4196,ATL,2024-06-10,10000
BATL23079979-073,REX-4196,CHI,2023-07-26,10000
BCLE23066399-074,REX-4196,CHI,2023-06-02,10000
BCHI24086561-075,REX-4196,ATL,2024-08-13,10000
BCLE24051066-076,REX-4196,CLE,2024-05-30,10000
BPHX24018158-077,REX-4196,ATL,2024-01-09,10000
BATL23109700-078,REX-4196,DAL,2023-10-09,10000
BDAL25103828-079,REX-4196,ATL,2025-10-16,10000
BPHX24118554-080,REX-4196,CHI,2024-11-29,10000
BCLE25109411-081,REX-4196,CHI,2025-10-03,10000
BATL23104359-082,REX-4196,PHX,2023-10-17,10000
BCLE25096403-083,REX-4196,CHI,2025-09-16,10000
BCLE24087355-084,REX-4196,CHI,2024-08-17,10000
BPHX23042262-085,REX-4196,ATL,2023-04-12,10000
BCHI24067063-086,REX-4196,PHX,2024-06-07,10000
BPHX24099789-087,REX-4196,DAL,2024-09-18,10000
BCLE25036317-088,REX-4196,CHI,2025-03-12,10000
BPHX25055412-089,REX-4196,CHI,2025-05-27,10000
BATL25039873-090,REX-4196,ATL,2025-03-03,10000
BCHI23018287-091,REX-4196,ATL,2023-01-08,10000
BPHX24022955-092,REX-4196,CLE,2024-02-17,10000
BCHI23053305-093,REX-4196,PHX,2023-05-02,10000
BPHX23067566-094,REX-4196,ATL,2023-06-21,10000
BCLE23017859-095,REX-4196,DAL,2023-01-16,10000
BDAL24128366-096,REX-4196,CHI,2024-12-30,10000
BDAL25046415-097,REX-4196,PHX,2025-04-12,10000
BDAL25036370-098,REX-4196,DAL,2025-03-27,10000
BDAL25102636-099,REX-4196,ATL,2025-10-07,10000
BPHX24068060-100,REX-4196,DAL,2024-06-05,10000
BCLE23011856-101,REX-4196,PHX,2023-01-12,10000
BDAL25079536-102,REX-4196,PHX,2025-07-03,10000
BDAL23091941-103,REX-4196,DAL,2023-09-29,10000
BPHX23057268-104,REX-4196,DAL,2023-05-27,10000
BDAL24062745-105,REX-4196,ATL,2024-06-06,10000
BDAL23125956-106,REX-4196,DAL,2023-12-25,10000
BCHI23058738-107,REX-4196,DAL,2023-05-21,10000
BATL23014304-108,REX-4196,ATL,2023-01-11,10000
BCHI25047976-109,REX-4196,CLE,2025-04-12,10000
BATL25116214-110,REX-4196,PHX,2025-11-15,10000
BCLE23038415-111,REX-4196,CLE,2023-03-27,10000
BPHX24054178-112,REX-4196,CLE,2024-05-17,10000
BDAL24093521-113,REX-4196,ATL,2024-09-02,10000
BPHX25111995-114,REX-4196,ATL,2025-11-15,10000
BDAL23041794-115,REX-4196,CHI,2023-04-03,10000
BCLE24045554-116,REX-4196,CLE,2024-04-02,10000
BDAL24031198-117,REX-4196,CHI,2024-03-11,10000
BCLE25068792-118,REX-4196,CHI,2025-06-06,10000
BCHI25098978-119,REX-4196,ATL,2025-09-19,10000
BDAL24073504-120,REX-4196,CHI,2024-07-12,10000
BCLE24074436-121,REX-4196,DAL,2024-07-04,10000
BCHI25035428-122,REX-4196,CHI,2025-03-08,10000
BDAL23016206-123,REX-4196,CLE,2023-01-27,10000
BATL25086798-124,REX-4196,PHX,2025-08-08,10000
BDAL25109346-125,REX-4196,CLE,2025-10-04,10000
BPHX24104649-126,REX-4196,CHI,2024-10-21,10000
BCLE24056517-127,REX-4196,CHI,2024-05-29,10000
BATL23048081-128,REX-4196,CLE,2023-04-03,10000
BCHI23125111-129,REX-4196,DAL,2023-12-12,10000
BCLE23104821-130,REX-4196,CLE,2023-10-29,10000
BCHI24123292-131,REX-4196,DAL,2024-12-25,10000
BCHI24071287-132,REX-4196,PHX,2024-07-28,10000
BDAL24013516-133,REX-4196,CLE,2024-01-27,10000
BCLE24048209-134,REX-4196,PHX,2024-04-10,10000
BDAL25089725-135,REX-4196,PHX,2025-08-22,10000
BDAL25076985-136,REX-4196,CLE,2025-07-31,10000
BCLE24099412-137,REX-4196,PHX,2024-09-24,10000
BCHI24073604-138,REX-4196,ATL,2024-07-01,10000
BCHI23019552-139,REX-4196,ATL,2023-01-08,10000
BCHI24107495-140,REX-4196,CHI,2024-10-17,10000
BCLE24077885-141,REX-4196,ATL,2024-07-20,10000
BATL24053757-142,REX-4196,PHX,2024-05-16,10000
BDAL23039988-143,REX-4196,PHX,2023-03-05,10000
BATL24078524-144,REX-4196,PHX,2024-07-27,10000
BDAL25099459-145,REX-4196,ATL,2025-09-11,10000
BPHX23074153-146,REX-4196,CLE,2023-07-22,10000
BPHX25023978-147,REX-4196,CHI,2025-02-25,10000
BCLE24037087-148,REX-4196,CLE,2024-03-13,10000
BPHX23079861-149,REX-4196,CHI,2023-07-04,10000
BDAL23113403-150,REX-4196,PHX,2023-11-03,10000
BDAL25016118-151,REX-4196,PHX,2025-01-10,10000
BPHX23023502-152,REX-4196,ATL,2023-02-17,10000
BPHX23103366-153,REX-4196,ATL,2023-10-01,10000
BCLE25088377-154,REX-4196,CHI,2025-08-28,10000
BCHI25101441-155,REX-4196,ATL,2025-10-26,10000
BATL23128725-156,REX-4196,CHI,2023-12-17,10000
BCLE23048019-157,REX-4196,DAL,2023-04-26,10000
BCHI24078340-158,REX-4196,CLE,2024-07-12,10000
BPHX24078317-159,REX-4196,CHI,2024-07-28,10000
BDAL24102156-160,REX-4196,PHX,2024-10-23,10000
BPHX25056143-000,REX-4203,DAL,2025-05-11,10000
BCHI24029598-001,REX-4203,CLE,2024-02-19,10000
BPHX23034442-002,REX-4203,PHX,2023-03-23,10000
BCLE25116779-003,REX-4203,CHI,2025-11-19,10000
BDAL23059095-004,REX-4203,CHI,2023-05-13,10000
BCHI23045956-005,REX-4203,DAL,2023-04-29,10000
BCHI25117399-006,REX-4203,ATL,2025-11-10,10000
BCHI25044442-007,REX-4203,CHI,2025-04-09,10000
BCHI24069384-008,REX-4203,PHX,2024-06-23,10000
BATL25049603-009,REX-4203,CLE,2025-04-21,10000
BCLE23118847-010,REX-4203,PHX,2023-11-15,10000
BATL23064896-011,REX-4203,CHI,2023-06-12,10000
BCLE25033955-012,REX-4203,CLE,2025-03-28,10000
BDAL23022445-013,REX-4203,CHI,2023-02-27,10000
BATL23079847-014,REX-4203,CHI,2023-07-24,10000
BCLE25039368-015,REX-4203,ATL,2025-03-03,10000
BPHX23021115-016,REX-4203,PHX,2023-02-24,10000
BCHI25031600-017,REX-4203,CLE,2025-03-05,10000
BPHX23043161-018,REX-4203,ATL,2023-04-07,10000
BATL25093358-019,REX-4203,PHX,2025-09-12,10000
BATL24045503-020,REX-4203,CHI,2024-04-18,10000
BDAL25068440-021,REX-4203,CLE,2025-06-13,10000
BDAL24051724-022,REX-4203,PHX,2024-05-11,10000
BDAL25108540-023,REX-4203,CHI,2025-10-02,10000
BCHI25044691-024,REX-4203,ATL,2025-04-27,10000
BDAL24118308-025,REX-4203,CLE,2024-11-23,10000
BPHX25094868-026,REX-4203,CLE,2025-09-24,10000
BATL23122640-027,REX-4203,DAL,2023-12-16,10000
BDAL24111699-028,REX-4203,DAL,2024-11-05,10000
BCLE25066856-029,REX-4203,ATL,2025-06-20,10000
BCHI23078838-030,REX-4203,CHI,2023-07-11,10000
BCHI24035486-031,REX-4203,DAL,2024-03-31,10000
BCLE24066098-032,REX-4203,DAL,2024-06-23,10000
BCHI25114428-033,REX-4203,CLE,2025-11-08,10000
BDAL23062046-034,REX-4203,DAL,2023-06-06,10000
BCLE25092677-035,REX-4203,ATL,2025-09-16,10000
BDAL24041806-036,REX-4203,ATL,2024-04-09,10000
BCHI25038273-037,REX-4203,CLE,2025-03-31,10000
BPHX24109746-038,REX-4203,CHI,2024-10-26,10000
BCLE23068174-039,REX-4203,PHX,2023-06-02,10000
BCHI25071875-040,REX-4203,ATL,2025-07-03,10000
BDAL24045374-041,REX-4203,DAL,2024-04-20,10000
BCHI25055782-042,REX-4203,DAL,2025-05-23,10000
BPHX25045807-043,REX-4203,CLE,2025-04-23,10000
BPHX24048000-044,REX-4203,DAL,2024-04-19,10000
BCLE23028077-045,REX-4203,ATL,2023-02-14,10000
BCHI23106231-046,REX-4203,PHX,2023-10-03,10000
BPHX24039290-047,REX-4203,ATL,2024-03-23,10000
BDAL23099162-048,REX-4203,DAL,2023-09-01,10000
BATL25073413-049,REX-4203,PHX,2025-07-16,10000
BCLE24049340-050,REX-4203,PHX,2024-04-23,10000
BCLE24033239-051,REX-4203,CHI,2024-03-02,10000
BDAL23077034-052,REX-4203,DAL,2023-07-01,10000
BATL23124713-053,REX-4203,ATL,2023-12-02,10000
BCLE24097158-054,REX-4203,DAL,2024-09-06,10000
BCHI23056684-055,REX-4203,DAL,2023-05-22,10000
BCHI24058091-056,REX-4203,PHX,2024-05-21,10000
BPHX23024396-057,REX-4203,DAL,2023-02-19,10000
BPHX24088715-058,REX-4203,DAL,2024-08-20,10000
BATL25033004-059,REX-4203,DAL,2025-03-07,10000
BCHI24125643-060,REX-4203,CLE,2024-12-31,10000
BDAL25092882-061,REX-4203,PHX,2025-09-24,10000
BPHX23051048-062,REX-4203,DAL,2023-05-11,10000
BATL23013712-063,REX-4203,CLE,2023-01-27,10000
BCLE25117627-064,REX-4203,CHI,2025-11-17,10000
BDAL23052620-065,REX-4203,ATL,2023-05-28,10000
BDAL24098856-066,REX-4203,PHX,2024-09-06,10000
BCHI23045180-067,REX-4203,CHI,2023-04-30,10000
BPHX24028368-068,REX-4203,DAL,2024-02-21,10000
BATL23023054-069,REX-4203,CHI,2023-02-22,10000
BDAL25044954-070,REX-4203,ATL,2025-04-09,10000
BATL23027959-071,REX-4203,DAL,2023-02-28,10000
BCHI23037299-072,REX-4203,ATL,2023-03-02,10000
BCHI23084090-073,REX-4203,PHX,2023-08-27,10000
BPHX25028531-074,REX-4203,CLE,2025-02-11,10000
BPHX25027780-075,REX-4203,PHX,2025-02-12,10000
BCLE23063286-076,REX-4203,DAL,2023-06-09,10000
BATL25035552-077,REX-4203,ATL,2025-03-18,10000
BATL23033097-078,REX-4203,ATL,2023-03-07,10000
BDAL24039916-079,REX-4203,CLE,2024-03-26,10000
BATL23058171-080,REX-4203,PHX,2023-05-29,10000
BPHX24038999-081,REX-4203,DAL,2024-03-28,10000
BCLE23028771-000,REX-4210,PHX,2023-02-03,10000
BDAL23053453-001,REX-4210,DAL,2023-05-28,10000
BPHX24072970-002,REX-4210,DAL,2024-07-19,10000
BCLE24083690-003,REX-4210,ATL,2024-08-24,10000
BDAL24052026-004,REX-4210,PHX,2024-05-17,10000
BPHX24096906-005,REX-4210,PHX,2024-09-14,10000
BATL24097175-006,REX-4210,CLE,2024-09-21,10000
BCHI23087287-007,REX-4210,ATL,2023-08-14,10000
BATL25097219-008,REX-4210,ATL,2025-09-29,10000
BCHI23056844-009,REX-4210,PHX,2023-05-17,10000
BDAL24113587-010,REX-4210,ATL,2024-11-16,10000
BPHX25097154-011,REX-4210,DAL,2025-09-22,10000
BDAL23071736-012,REX-4210,CLE,2023-07-09,10000
BCHI24036298-013,REX-4210,CLE,2024-03-19,10000
BDAL24016624-014,REX-4210,CLE,2024-01-02,10000
BDAL24035727-015,REX-4210,DAL,2024-03-02,10000
BPHX25033304-016,REX-4210,ATL,2025-03-28,10000
BCHI24041013-017,REX-4210,DAL,2024-04-13,10000
BATL25084824-018,REX-4210,CLE,2025-08-18,10000
BDAL24065521-019,REX-4210,PHX,2024-06-01,10000
BDAL23068900-020,REX-4210,DAL,2023-06-21,10000
BATL24026858-021,REX-4210,CLE,2024-02-10,10000
BDAL23088503-022,REX-4210,CHI,2023-08-23,10000
BPHX25116190-023,REX-4210,ATL,2025-11-24,10000
BATL23051132-024,REX-4210,DAL,2023-05-11,10000
BCHI23016279-025,REX-4210,DAL,2023-01-29,10000
BPHX24059119-026,REX-4210,PHX,2024-05-14,10000
BCLE25059418-027,REX-4210,ATL,2025-05-20,10000
BCHI23047127-028,REX-4210,CHI,2023-04-17,10000
BCLE23042636-029,REX-4210,CHI,2023-04-16,10000
BATL25092405-030,REX-4210,DAL,2025-09-10,10000
BCHI24022381-031,REX-4210,DAL,2024-02-27,10000
BCLE23075098-032,REX-4210,ATL,2023-07-08,10000
BPHX25069763-033,REX-4210,PHX,2025-06-06,10000
BCLE23121242-034,REX-4210,PHX,2023-12-16,10000
BCHI23068472-035,REX-4210,CLE,2023-06-08,10000
BCHI23047641-036,REX-4210,CHI,2023-04-03,10000
BPHX24105934-037,REX-4210,ATL,2024-10-17,10000
BPHX24111866-038,REX-4210,PHX,2024-11-08,10000
BATL23018009-039,REX-4210,CHI,2023-01-05,10000
BATL24022181-040,REX-4210,DAL,2024-02-10,10000
BATL24064214-041,REX-4210,CLE,2024-06-23,10000
BCLE25041864-042,REX-4210,ATL,2025-04-07,10000
BCLE24024031-043,REX-4210,CHI,2024-02-04,10000
BDAL25066490-044,REX-4210,CLE,2025-06-03,10000
BATL24103755-045,REX-4210,DAL,2024-10-30,10000
BCLE23075739-046,REX-4210,ATL,2023-07-15,10000
BPHX23027698-047,REX-4210,PHX,2023-02-25,10000
BCLE23036161-048,REX-4210,CLE,2023-03-17,10000
BDAL24063321-049,REX-4210,CLE,2024-06-08,10000
BPHX23077953-050,REX-4210,ATL,2023-07-15,10000
BCHI24023304-051,REX-4210,ATL,2024-02-26,10000
BATL23105552-052,REX-4210,CLE,2023-10-05,10000
BDAL23034802-053,REX-4210,CHI,2023-03-06,10000
BATL23093885-054,REX-4210,CLE,2023-09-25,10000
BPHX25023291-055,REX-4210,CLE,2025-02-01,10000
BCHI23071759-056,REX-4210,CLE,2023-07-15,10000
BATL23085194-057,REX-4210,CHI,2023-08-22,10000
BATL24094663-058,REX-4210,CHI,2024-09-20,10000
BATL23074732-059,REX-4210,ATL,2023-07-26,10000
BATL25019470-060,REX-4210,PHX,2025-01-14,10000
BATL23083593-061,REX-4210,ATL,2023-08-28,10000
BDAL24067745-062,REX-4210,DAL,2024-06-04,10000
BATL24114548-063,REX-4210,DAL,2024-11-13,10000
BCHI24017549-064,REX-4210,DAL,2024-01-16,10000
BCHI24098253-065,REX-4210,PHX,2024-09-02,10000
BATL23015320-066,REX-4210,CHI,2023-01-11,10000
BPHX25118035-067,REX-4210,ATL,2025-11-14,10000
BATL24071893-068,REX-4210,CHI,2024-07-02,10000
BATL24128164-069,REX-4210,PHX,2024-12-31,10000
BATL25085533-070,REX-4210,CHI,2025-08-27,10000
BATL25018731-071,REX-4210,ATL,2025-01-08,10000
BPHX24122509-072,REX-4210,DAL,2024-12-30,10000
BPHX23127623-073,REX-4210,DAL,2023-12-30,10000
BCHI24112086-074,REX-4210,DAL,2024-11-11,10000
BPHX25093583-075,REX-4210,DAL,2025-09-26,10000
BCHI24051992-076,REX-4210,CHI,2024-05-19,10000
BPHX25055917-077,REX-4210,CLE,2025-05-03,10000
BPHX24067053-078,REX-4210,ATL,2024-06-29,10000
BPHX24057076-079,REX-4210,ATL,2024-05-25,10000
BPHX24085436-080,REX-4210,PHX,2024-08-13,10000
BDAL25064822-081,REX-4210,DAL,2025-06-08,10000
BCHI24037680-082,REX-4210,ATL,2024-03-02,10000
BATL24113524-083,REX-4210,DAL,2024-11-25,10000
BPHX24029091-084,REX-4210,CHI,2024-02-19,10000
BDAL23112691-085,REX-4210,DAL,2023-11-05,10000
BCLE25083566-086,REX-4210,PHX,2025-08-30,10000
BATL25059962-087,REX-4210,ATL,2025-05-06,10000
BDAL24104481-088,REX-4210,DAL,2024-10-25,10000
BCHI25046382-089,REX-4210,CHI,2025-04-21,10000
BATL25051428-090,REX-4210,PHX,2025-05-28,10000
BPHX23079821-091,REX-4210,ATL,2023-07-27,10000
BCHI24088706-092,REX-4210,CHI,2024-08-29,10000
BCHI24049951-093,REX-4210,CLE,2024-04-29,10000
BCLE25046807-094,REX-4210,ATL,2025-04-30,10000
BCLE25102663-095,REX-4210,PHX,2025-10-21,10000
BATL25118567-096,REX-4210,CLE,2025-11-21,10000
BATL23031378-097,REX-4210,PHX,2023-03-01,10000
BPHX24033143-098,REX-4210,PHX,2024-03-02,10000
BPHX23053720-099,REX-4210,CLE,2023-05-01,10000
BDAL23079786-100,REX-4210,CHI,2023-07-15,10000
BPHX25051312-101,REX-4210,CHI,2025-05-17,10000
BPHX23105507-102,REX-4210,CHI,2023-10-14,10000
BCLE24033159-103,REX-4210,CLE,2024-03-01,10000
BPHX24084218-104,REX-4210,CHI,2024-08-07,10000
BPHX24097502-105,REX-4210,ATL,2024-09-01,10000
BDAL24103361-106,REX-4210,CHI,2024-10-24,10000
BPHX23125858-107,REX-4210,DAL,2023-12-03,10000
BATL25044133-108,REX-4210,CHI,2025-04-10,10000
BPHX23083272-109,REX-4210,CHI,2023-08-11,10000
BCLE24094526-110,REX-4210,PHX,2024-09-07,10000
BCHI24062309-111,REX-4210,CLE,2024-06-21,10000
BPHX24017279-112,REX-4210,DAL,2024-01-07,10000
BCLE25077717-113,REX-4210,PHX,2025-07-31,10000
BPHX23024673-114,REX-4210,ATL,2023-02-22,10000
BATL24112817-115,REX-4210,CLE,2024-11-04,10000
BPHX23082760-116,REX-4210,ATL,2023-08-03,10000
BCHI24121451-117,REX-4210,CLE,2024-12-17,10000
BATL25045458-118,REX-4210,CHI,2025-04-01,10000
BCLE23034189-119,REX-4210,ATL,2023-03-11,10000
BDAL24045454-120,REX-4210,ATL,2024-04-19,10000
BPHX25098897-121,REX-4210,ATL,2025-09-02,10000
BCHI24072644-122,REX-4210,DAL,2024-07-14,10000
BCHI23049937-123,REX-4210,DAL,2023-04-04,10000
BCLE23072165-124,REX-4210,PHX,2023-07-01,10000
BCHI25104547-125,REX-4210,CLE,2025-10-07,10000
BDAL23069919-126,REX-4210,CLE,2023-06-01,10000
BPHX23081170-127,REX-4210,DAL,2023-08-01,10000
BCLE23061779-128,REX-4210,DAL,2023-06-20,10000
BCLE23113466-129,REX-4210,CHI,2023-11-27,10000
BPHX25052950-130,REX-4210,PHX,2025-05-04,10000
BCLE23031648-131,REX-4210,ATL,2023-03-09,10000
BATL24082998-132,REX-4210,ATL,2024-08-20,10000
BCHI24066392-133,REX-4210,DAL,2024-06-12,10000
BATL24061981-134,REX-4210,ATL,2024-06-18,10000
BATL24102223-135,REX-4210,PHX,2024-10-15,10000
BPHX23052575-136,REX-4210,PHX,2023-05-06,10000
BATL23079905-137,REX-4210,PHX,2023-07-24,10000
BCLE23056307-138,REX-4210,PHX,2023-05-01,10000
BCLE23079118-139,REX-4210,CLE,2023-07-22,10000
BATL24022601-140,REX-4210,CHI,2024-02-21,10000
BCLE24093217-141,REX-4210,DAL,2024-09-25,10000
BCLE25083647-142,REX-4210,CHI,2025-08-08,10000
BDAL23062507-143,REX-4210,CLE,2023-06-30,10000
BCHI23098526-144,REX-4210,DAL,2023-09-29,10000
BATL24108939-145,REX-4210,CLE,2024-10-11,10000
BPHX24038805-146,REX-4210,CHI,2024-03-12,10000
BPHX25017235-147,REX-4210,DAL,2025-01-24,10000
BATL25052175-148,REX-4210,ATL,2025-05-27,10000
BCLE23069180-149,REX-4210,DAL,2023-06-13,10000
BPHX23083000-150,REX-4210,CHI,2023-08-16,10000
BATL24085087-151,REX-4210,ATL,2024-08-09,10000
BDAL23095652-152,REX-4210,CLE,2023-09-01,10000
BATL23062350-153,REX-4210,DAL,2023-06-05,10000
BDAL24031842-154,REX-4210,PHX,2024-03-22,10000
BATL25067365-155,REX-4210,CLE,2025-06-06,10000
BCHI25045149-156,REX-4210,DAL,2025-04-12,10000
BATL24116294-157,REX-4210,ATL,2024-11-21,10000
BDAL25102229-158,REX-4210,CLE,2025-10-14,10000
BDAL23105636-159,REX-4210,PHX,2023-10-12,10000
BPHX23059893-160,REX-4210,CHI,2023-05-14,10000
BCHI24079613-161,REX-4210,DAL,2024-07-19,10000
BPHX25055625-162,REX-4210,CHI,2025-05-22,10000
BCLE24031501-163,REX-4210,DAL,2024-03-28,10000
BCHI23086582-164,REX-4210,PHX,2023-08-06,10000
BDAL25077584-165,REX-4210,ATL,2025-07-13,10000
BDAL25019271-166,REX-4210,DAL,2025-01-18,10000
BATL23108344-167,REX-4210,CLE,2023-10-26,10000
BATL25077385-168,REX-4210,PHX,2025-07-22,10000
BDAL23097637-169,REX-4210,DAL,2023-09-30,10000
BDAL23027271-170,REX-4210,CLE,2023-02-23,10000
BCLE25091701-171,REX-4210,CLE,2025-09-02,10000
BDAL24082822-172,REX-4210,ATL,2024-08-25,10000
BPHX23019343-173,REX-4210,PHX,2023-01-11,10000
BDAL24011663-174,REX-4210,CHI,2024-01-04,10000
BCLE25061084-175,REX-4210,CLE,2025-06-30,10000
BPHX25049871-176,REX-4210,CHI,2025-04-23,10000
BDAL23052643-177,REX-4210,PHX,2023-05-01,10000
BCHI23103305-178,REX-4210,CLE,2023-10-05,10000
BPHX25083760-179,REX-4210,ATL,2025-08-24,10000
BCLE25102994-180,REX-4210,DAL,2025-10-24,10000
BATL23114757-181,REX-4210,ATL,2023-11-27,10000
BATL23103867-182,REX-4210,CHI,2023-10-31,10000
BDAL23111215-183,REX-4210,CHI,2023-11-14,10000
BPHX24076353-184,REX-4210,ATL,2024-07-22,10000
BDAL24015868-185,REX-4210,CLE,2024-01-30,10000
BDAL23012511-186,REX-4210,CLE,2023-01-03,10000
BPHX24072897-187,REX-4210,ATL,2024-07-02,10000
BCLE25022891-188,REX-4210,ATL,2025-02-02,10000
BCLE24126151-189,REX-4210,ATL,2024-12-11,10000
BPHX24103385-190,REX-4210,ATL,2024-10-14,10000
BCLE23098154-191,REX-4210,DAL,2023-09-26,10000
BDAL23089017-192,REX-4210,CHI,2023-08-29,10000
BCHI23038608-193,REX-4210,CHI,2023-03-25,10000
BCLE24053091-194,REX-4210,CHI,2024-05-07,10000
BCLE23021388-195,REX-4210,DAL,2023-02-05,10000
BCHI23075713-196,REX-4210,DAL,2023-07-29,10000
BDAL24052264-197,REX-4210,CHI,2024-05-11,10000
BATL24119364-198,REX-4210,CLE,2024-11-12,10000
BDAL24068692-199,REX-4210,CHI,2024-06-21,10000
BPHX25045715-200,REX-4210,ATL,2025-04-19,10000
BATL23032392-201,REX-4210,CHI,2023-03-16,10000
BCLE24047316-202,REX-4210,ATL,2024-04-02,10000
BPHX24121408-203,REX-4210,ATL,2024-12-06,10000
BCHI25082890-204,REX-4210,ATL,2025-08-09,10000
BATL23078284-205,REX-4210,DAL,2023-07-19,10000
BPHX24051225-206,REX-4210,DAL,2024-05-05,10000
BCHI24116294-207,REX-4210,DAL,2024-11-10,10000
BDAL25106014-208,REX-4210,CLE,2025-10-06,10000
BATL24071010-209,REX-4210,PHX,2024-07-23,10000
BCHI25051800-210,REX-4210,DAL,2025-05-30,10000
BATL25019516-211,REX-4210,CHI,2025-01-05,10000
BCLE25057181-212,REX-4210,CLE,2025-05-28,10000
BPHX23046432-213,REX-4210,PHX,2023-04-10,10000
BATL25074826-214,REX-4210,PHX,2025-07-30,10000
BDAL24078275-215,REX-4210,CLE,2024-07-13,10000
BPHX23066215-216,REX-4210,ATL,2023-06-19,10000
BPHX25062527-217,REX-4210,ATL,2025-06-28,10000
BCHI25052132-218,REX-4210,DAL,2025-05-06,10000
BATL23046860-219,REX-4210,ATL,2023-04-30,10000
BCHI23025593-220,REX-4210,ATL,2023-02-11,10000
BPHX25093633-221,REX-4210,CHI,2025-09-07,10000
BDAL25035413-222,REX-4210,DAL,2025-03-25,10000
BPHX25073954-223,REX-4210,DAL,2025-07-30,10000
BCHI23015620-224,REX-4210,ATL,2023-01-19,10000
BATL24055104-225,REX-4210,ATL,2024-05-07,10000
BDAL24039393-226,REX-4210,CLE,2024-03-11,10000
BDAL23032310-227,REX-4210,PHX,2023-03-07,10000
BDAL23092812-228,REX-4210,DAL,2023-09-16,10000
BATL24127526-229,REX-4210,CHI,2024-12-01,10000
BDAL23089758-230,REX-4210,DAL,2023-08-10,10000
BPHX24105616-231,REX-4210,CHI,2024-10-07,10000
BPHX23023852-232,REX-4210,PHX,2023-02-28,10000
BCLE25023656-233,REX-4210,DAL,2025-02-14,10000
BDAL23128408-234,REX-4210,CLE,2023-12-03,10000
BATL24054631-235,REX-4210,ATL,2024-05-04,10000
BCHI24115769-236,REX-4210,DAL,2024-11-23,10000
BATL24012352-237,REX-4210,DAL,2024-01-07,10000
BCHI23107338-238,REX-4210,ATL,2023-10-13,10000
BDAL23041331-239,REX-4210,ATL,2023-04-05,10000
BPHX25064011-240,REX-4210,CHI,2025-06-10,10000
BPHX23073587-241,REX-4210,CLE,2023-07-05,10000
BDAL25093571-242,REX-4210,CHI,2025-09-21,10000
BATL23101433-243,REX-4210,DAL,2023-10-12,10000
BPHX23068602-244,REX-4210,CHI,2023-06-28,10000
BCLE23126884-245,REX-4210,ATL,2023-12-29,10000
BPHX23127266-246,REX-4210,CHI,2023-12-27,10000
BPHX24031081-247,REX-4210,PHX,2024-03-05,10000
BATL24036815-248,REX-4210,CLE,2024-03-29,10000
BCLE24034778-249,REX-4210,CHI,2024-03-17,10000
BCHI23111739-250,REX-4210,DAL,2023-11-18,10000
BCLE25014030-251,REX-4210,ATL,2025-01-03,10000
BPHX23042560-252,REX-4210,CHI,2023-04-03,10000
BCLE23044921-253,REX-4210,ATL,2023-04-10,10000
BDAL24034697-254,REX-4210,PHX,2024-03-09,10000
BCLE25092012-255,REX-4210,CLE,2025-09-24,10000
BCLE23044011-256,REX-4210,CHI,2023-04-30,10000
BPHX24112629-257,REX-4210,PHX,2024-11-30,10000
BATL23106578-258,REX-4210,PHX,2023-10-27,10000
BPHX24072048-259,REX-4210,CHI,2024-07-29,10000
BDAL25016064-260,REX-4210,CLE,2025-01-24,10000
BCHI25073336-261,REX-4210,ATL,2025-07-09,10000
BDAL23016638-262,REX-4210,ATL,2023-01-01,10000
BATL23102357-263,REX-4210,PHX,2023-10-07,10000
BPHX25089756-264,REX-4210,CLE,2025-08-17,10000
BDAL24087174-265,REX-4210,DAL,2024-08-06,10000
BDAL25065015-266,REX-4210,PHX,2025-06-22,10000
BCLE23015844-267,REX-4210,DAL,2023-01-27,10000
BCHI24022710-268,REX-4210,CLE,2024-02-06,10000
BPHX25078010-269,REX-4210,PHX,2025-07-13,10000
BDAL25051957-270,REX-4210,DAL,2025-05-26,10000
BPHX23127849-271,REX-4210,CLE,2023-12-29,10000
BCLE23093623-272,REX-4210,CHI,2023-09-14,10000
BDAL23068811-273,REX-4210,CHI,2023-06-27,10000
BPHX23042215-274,REX-4210,CHI,2023-04-23,10000
BATL23053163-275,REX-4210,ATL,2023-05-03,10000
BCLE23057402-276,REX-4210,PHX,2023-05-22,10000
BCLE25067330-277,REX-4210,PHX,2025-06-23,10000
BATL25056493-278,REX-4210,ATL,2025-05-25,10000
BATL23104250-279,REX-4210,PHX,2023-10-05,10000
BCHI23096828-280,REX-4210,CHI,2023-09-10,10000
BCLE23113261-281,REX-4210,PHX,2023-11-15,10000
BDAL25119398-282,REX-4210,DAL,2025-11-24,10000
BATL25049158-283,REX-4210,CLE,2025-04-28,10000
BDAL23063494-284,REX-4210,CHI,2023-06-20,10000
BATL24091353-285,REX-4210,CLE,2024-09-30,10000
BATL23038431-286,REX-4210,DAL,2023-03-01,10000
BCHI24059812-287,REX-4210,CHI,2024-05-18,10000
BATL23112198-288,REX-4210,ATL,2023-11-01,10000
BDAL23108165-289,REX-4210,DAL,2023-10-21,10000
BPHX25107225-290,REX-4210,CHI,2025-10-25,10000
BATL24038843-291,REX-4210,CHI,2024-03-03,10000
BCLE24069042-292,REX-4210,CHI,2024-06-12,10000
BPHX24027762-293,REX-4210,DAL,2024-02-18,10000
BDAL23054445-294,REX-4210,CHI,2023-05-27,10000
BCLE23102544-295,REX-4210,CLE,2023-10-13,10000
BCLE24077354-296,REX-4210,DAL,2024-07-16,10000
BPHX23127437-297,REX-4210,DAL,2023-12-02,10000
BPHX24018292-298,REX-4210,ATL,2024-01-12,10000
BCLE25013367-299,REX-4210,PHX,2025-01-25,10000
BDAL24016176-300,REX-4210,DAL,2024-01-10,10000
BATL24039011-301,REX-4210,DAL,2024-03-27,10000
BDAL25037322-302,REX-4210,CHI,2025-03-14,10000
BPHX25085262-303,REX-4210,CHI,2025-08-19,10000
BCHI25065808-304,REX-4210,CHI,2025-06-22,10000
BATL25053698-305,REX-4210,DAL,2025-05-22,10000
BDAL24082971-306,REX-4210,CLE,2024-08-12,10000
BPHX24093262-307,REX-4210,DAL,2024-09-20,10000
BPHX23013123-308,REX-4210,CHI,2023-01-12,10000
BDAL25057276-309,REX-4210,CHI,2025-05-07,10000
BCLE24113342-310,REX-4210,CLE,2024-11-14,10000
BATL25058328-311,REX-4210,PHX,2025-05-13,10000
BATL25104791-312,REX-4210,DAL,2025-10-05,10000
BCHI23028222-313,REX-4210,CHI,2023-02-14,10000
BDAL24035412-314,REX-4210,ATL,2024-03-17,10000
BATL23052806-315,REX-4210,DAL,2023-05-30,10000
BDAL25061071-316,REX-4210,ATL,2025-06-14,10000
BATL23105795-317,REX-4210,PHX,2023-10-29,10000
BCHI25081102-318,REX-4210,DAL,2025-08-03,10000
BPHX24128596-319,REX-4210,ATL,2024-12-07,10000
BCLE25029515-320,REX-4210,DAL,2025-02-04,10000
BPHX23041396-321,REX-4210,ATL,2023-04-17,10000
BCHI24049678-322,REX-4210,ATL,2024-04-16,10000
BDAL23078418-323,REX-4210,CHI,2023-07-11,10000
BATL23104163-324,REX-4210,PHX,2023-10-22,10000
BCLE23115419-325,REX-4210,DAL,2023-11-16,10000
BPHX23058999-326,REX-4210,PHX,2023-05-12,10000
BCLE25067478-327,REX-4210,ATL,2025-06-30,10000
BATL25043303-328,REX-4210,CHI,2025-04-13,10000
BATL25051071-329,REX-4210,CLE,2025-05-23,10000
BATL23053482-330,REX-4210,CLE,2023-05-18,10000
BCHI23045787-331,REX-4210,CHI,2023-04-11,10000
BATL24077352-332,REX-4210,DAL,2024-07-03,10000
BATL24024481-333,REX-4210,PHX,2024-02-21,10000
BCHI25077242-334,REX-4210,CLE,2025-07-13,10000
BATL25119851-335,REX-4210,CHI,2025-11-09,10000
BPHX25042405-336,REX-4210,ATL,2025-04-10,10000
BCLE25026497-337,REX-4210,DAL,2025-02-19,10000
BPHX24083180-338,REX-4210,CLE,2024-08-08,10000
BPHX25015586-339,REX-4210,CHI,2025-01-28,10000
BCLE23044076-340,REX-4210,ATL,2023-04-17,10000
BCHI24067055-341,REX-4210,CLE,2024-06-19,10000
BDAL24031817-342,REX-4210,CLE,2024-03-16,10000
BCLE23066436-343,REX-4210,DAL,2023-06-08,10000
BCLE25038785-344,REX-4210,DAL,2025-03-12,10000
BCHI23051799-345,REX-4210,ATL,2023-05-03,10000
BCHI25111585-346,REX-4210,DAL,2025-11-09,10000
BCLE24062003-347,REX-4210,DAL,2024-06-06,10000
BDAL23054964-348,REX-4210,CLE,2023-05-06,10000
BPHX24127307-349,REX-4210,CHI,2024-12-14,10000
BCLE24114499-350,REX-4210,DAL,2024-11-27,10000
BCHI24012688-351,REX-4210,DAL,2024-01-27,10000
BATL25118820-352,REX-4210,DAL,2025-11-20,10000
BDAL25076771-353,REX-4210,CHI,2025-07-27,10000
BATL23041689-354,REX-4210,CHI,2023-04-13,10000
BCLE23017607-355,REX-4210,CHI,2023-01-25,10000
BPHX24105617-356,REX-4210,PHX,2024-10-12,10000
BPHX23088385-357,REX-4210,CHI,2023-08-14,10000
BCLE24062494-358,REX-4210,CHI,2024-06-21,10000
BATL23038579-359,REX-4210,CLE,2023-03-18,10000
BCHI25049636-360,REX-4210,CHI,2025-04-09,10000
BPHX24022684-361,REX-4210,PHX,2024-02-23,10000
BCLE23076993-362,REX-4210,CHI,2023-07-11,10000
BPHX25039476-363,REX-4210,PHX,2025-03-08,10000
BCLE23088700-364,REX-4210,PHX,2023-08-20,10000
BDAL25069541-365,REX-4210,ATL,2025-06-17,10000
BATL24027780-366,REX-4210,CLE,2024-02-12,10000
BCLE25096256-367,REX-4210,CLE,2025-09-02,10000
BCHI24114397-368,REX-4210,DAL,2024-11-12,10000
BDAL24016841-369,REX-4210,CHI,2024-01-24,10000
BCHI23056697-370,REX-4210,PHX,2023-05-18,10000
BPHX24113456-371,REX-4210,CHI,2024-11-01,10000
BATL25016975-372,REX-4210,ATL,2025-01-26,10000
BCHI24059342-373,REX-4210,ATL,2024-05-21,10000
BATL24087355-374,REX-4210,PHX,2024-08-01,10000
BCLE23108669-375,REX-4210,PHX,2023-10-18,10000
BCHI24111709-376,REX-4210,CLE,2024-11-17,10000
BCHI24115385-377,REX-4210,PHX,2024-11-07,10000
BCHI25058944-378,REX-4210,CHI,2025-05-26,10000
BCLE24034316-379,REX-4210,CLE,2024-03-02,10000
BCHI23116586-380,REX-4210,ATL,2023-11-07,10000
BPHX23113928-381,REX-4210,PHX,2023-11-19,10000
BPHX25024636-382,REX-4210,DAL,2025-02-25,10000
BCLE24107078-383,REX-4210,CLE,2024-10-10,10000
BDAL23123060-384,REX-4210,CHI,2023-12-04,10000
BDAL25017987-385,REX-4210,CLE,2025-01-29,10000
BCLE24059918-386,REX-4210,PHX,2024-05-03,10000
BCLE24019768-387,REX-4210,CHI,2024-01-26,10000
BATL25081130-388,REX-4210,PHX,2025-08-24,10000
BCHI24043734-389,REX-4210,PHX,2024-04-03,10000
BPHX25088469-390,REX-4210,CLE,2025-08-31,10000
BCHI23095792-391,REX-4210,ATL,2023-09-05,10000
BATL24108876-392,REX-4210,CHI,2024-10-15,10000
BATL25031017-000,REX-4217,CHI,2025-03-09,10000
BCLE23058251-001,REX-4217,CLE,2023-05-06,10000
BCLE23101787-002,REX-4217,ATL,2023-10-27,10000
BATL24074169-003,REX-4217,DAL,2024-07-24,10000
BPHX24084548-004,REX-4217,CLE,2024-08-17,10000
BPHX24128324-005,REX-4217,PHX,2024-12-15,10000
BCHI23077999-006,REX-4217,CLE,2023-07-12,10000
BCLE25087163-007,REX-4217,DAL,2025-08-30,10000
BDAL25067533-008,REX-4217,PHX,2025-06-08,10000
BPHX25075849-009,REX-4217,CLE,2025-07-21,10000
BCHI25024842-010,REX-4217,ATL,2025-02-12,10000
BDAL24081263-011,REX-4217,CLE,2024-08-11,10000
BATL25013645-012,REX-4217,DAL,2025-01-20,10000
BPHX23106972-013,REX-4217,ATL,2023-10-11,10000
BCHI25074281-014,REX-4217,ATL,2025-07-28,10000
BCLE23092244-015,REX-4217,DAL,2023-09-18,10000
BCHI24051217-016,REX-4217,PHX,2024-05-14,10000
BDAL23025661-017,REX-4217,PHX,2023-02-13,10000
BPHX24051820-018,REX-4217,CLE,2024-05-13,10000
BPHX24112872-019,REX-4217,CLE,2024-11-16,10000
BCLE24112575-020,REX-4217,CLE,2024-11-04,10000
BPHX23053480-021,REX-4217,PHX,2023-05-22,10000
BCLE23019256-022,REX-4217,CLE,2023-01-19,10000
BPHX23106712-023,REX-4217,CHI,2023-10-03,10000
BDAL24038679-024,REX-4217,DAL,2024-03-03,10000
BCHI25074330-025,REX-4217,ATL,2025-07-22,10000
BDAL24109316-026,REX-4217,CHI,2024-10-14,10000
BDAL24029060-027,REX-4217,CLE,2024-02-28,10000
BCLE24015647-028,REX-4217,CHI,2024-01-18,10000
BPHX25042495-029,REX-4217,DAL,2025-04-05,10000
BATL25029279-030,REX-4217,PHX,2025-02-26,10000
BDAL25034933-031,REX-4217,ATL,2025-03-04,10000
BATL23022501-032,REX-4217,PHX,2023-02-16,10000
BPHX23107935-033,REX-4217,DAL,2023-10-12,10000
BCHI23103326-034,REX-4217,DAL,2023-10-27,10000
BCHI25036457-035,REX-4217,DAL,2025-03-15,10000
BPHX23123105-036,REX-4217,DAL,2023-12-07,10000
BCLE23011563-037,REX-4217,ATL,2023-01-06,10000
BCHI23027408-038,REX-4217,CLE,2023-02-12,10000
BDAL23067176-039,REX-4217,CLE,2023-06-26,10000
BCLE24101394-040,REX-4217,CHI,2024-10-16,10000
BDAL24114415-041,REX-4217,ATL,2024-11-23,10000
BCLE25107564-042,REX-4217,ATL,2025-10-11,10000
BATL23044841-043,REX-4217,DAL,2023-04-27,10000
BATL25057248-044,REX-4217,CHI,2025-05-11,10000
BCLE24022464-045,REX-4217,CLE,2024-02-16,10000
BCLE23041858-046,REX-4217,CHI,2023-04-27,10000
BCLE24048264-047,REX-4217,CHI,2024-04-25,10000
BCLE23086074-048,REX-4217,CHI,2023-08-22,10000
BATL23049629-049,REX-4217,ATL,2023-04-02,10000
BDAL24112056-050,REX-4217,DAL,2024-11-18,10000
BCHI24011828-051,REX-4217,CHI,2024-01-04,10000
BCLE24045300-052,REX-4217,ATL,2024-04-16,10000
BPHX25067958-053,REX-4217,CLE,2025-06-27,10000
BPHX24057453-054,REX-4217,ATL,2024-05-11,10000
BCHI23022349-055,REX-4217,ATL,2023-02-20,10000
BPHX23109518-056,REX-4217,CLE,2023-10-08,10000
BCHI24125965-057,REX-4217,PHX,2024-12-15,10000
BPHX24061061-058,REX-4217,DAL,2024-06-09,10000
BCLE24032446-059,REX-4217,CLE,2024-03-27,10000
BCHI24124474-060,REX-4217,ATL,2024-12-15,10000
BCHI23018088-061,REX-4217,PHX,2023-01-18,10000
BCHI24028337-062,REX-4217,CHI,2024-02-20,10000
BDAL25103285-063,REX-4217,CLE,2025-10-28,10000
BDAL23093292-064,REX-4217,PHX,2023-09-13,10000
BPHX24047687-065,REX-4217,DAL,2024-04-21,10000
BCLE23027644-066,REX-4217,PHX,2023-02-28,10000
BPHX25052610-067,REX-4217,CHI,2025-05-24,10000
BPHX25107522-068,REX-4217,ATL,2025-10-11,10000
BPHX24034869-069,REX-4217,PHX,2024-03-19,10000
BCLE25012438-070,REX-4217,PHX,2025-01-02,10000
BPHX23117578-071,REX-4217,ATL,2023-11-27,10000
BATL23117965-072,REX-4217,PHX,2023-11-22,10000
BPHX25069433-073,REX-4217,CHI,2025-06-09,10000
BCHI23014190-074,REX-4217,PHX,2023-01-23,10000
BCLE25037474-075,REX-4217,DAL,2025-03-24,10000
BATL23129810-076,REX-4217,CHI,2023-12-13,10000
BPHX23015774-077,REX-4217,CHI,2023-01-02,10000
BDAL24059772-078,REX-4217,CLE,2024-05-10,10000
BDAL23106593-079,REX-4217,CHI,2023-10-05,10000
BPHX25098616-080,REX-4217,ATL,2025-09-03,10000
BDAL25069126-081,REX-4217,PHX,2025-06-07,10000
BCLE24089995-082,REX-4217,ATL,2024-08-29,10000
BCHI25011403-083,REX-4217,DAL,2025-01-26,10000
BCLE23035766-084,REX-4217,CLE,2023-03-02,10000
BCLE25067349-085,REX-4217,DAL,2025-06-21,10000
BCHI25094087-086,REX-4217,CHI,2025-09-15,10000
BATL23056775-087,REX-4217,PHX,2023-05-24,10000
BCLE24129755-088,REX-4217,CHI,2024-12-19,10000
BCLE25062870-089,REX-4217,DAL,2025-06-22,10000
BCLE25051918-090,REX-4217,DAL,2025-05-27,10000
BCLE23034008-091,REX-4217,DAL,2023-03-31,10000
BCHI24073964-092,REX-4217,CHI,2024-07-06,10000
BCHI25079049-093,REX-4217,DAL,2025-07-04,10000
BCLE25084816-094,REX-4217,CLE,2025-08-06,10000
BCHI23104214-095,REX-4217,CLE,2023-10-17,10000
BCLE23093456-096,REX-4217,DAL,2023-09-10,10000
BCLE23019309-097,REX-4217,PHX,2023-01-28,10000
BPHX23035509-098,REX-4217,ATL,2023-03-15,10000
BPHX23026646-099,REX-4217,ATL,2023-02-17,10000
BATL24014720-100,REX-4217,ATL,2024-01-07,10000
BCHI25044454-101,REX-4217,CLE,2025-04-15,10000
BPHX23023754-102,REX-4217,CLE,2023-02-02,10000
BPHX23014204-103,REX-4217,CLE,2023-01-28,10000
BDAL23103830-104,REX-4217,PHX,2023-10-06,10000
BATL25055252-105,REX-4217,CHI,2025-05-17,10000
BDAL25074919-106,REX-4217,PHX,2025-07-13,10000
BCLE24086351-107,REX-4217,PHX,2024-08-13,10000
BDAL23075998-108,REX-4217,PHX,2023-07-08,10000
BPHX25019127-109,REX-4217,DAL,2025-01-22,10000
BPHX23049892-110,REX-4217,PHX,2023-04-12,10000
BDAL24035979-111,REX-4217,DAL,2024-03-02,10000
BATL25025167-112,REX-4217,DAL,2025-02-02,10000
BDAL23057239-113,REX-4217,PHX,2023-05-15,10000
BDAL25059423-114,REX-4217,ATL,2025-05-07,10000
BCHI24074248-115,REX-4217,DAL,2024-07-02,10000
BDAL24049962-116,REX-4217,PHX,2024-04-13,10000
BPHX23119102-117,REX-4217,ATL,2023-11-24,10000
BPHX25065910-118,REX-4217,CHI,2025-06-08,10000
BATL24103527-119,REX-4217,CLE,2024-10-03,10000
BPHX25086978-120,REX-4217,CHI,2025-08-01,10000
BCLE25089321-121,REX-4217,CHI,2025-08-22,10000
BATL24083606-122,REX-4217,PHX,2024-08-18,10000
BDAL24035927-123,REX-4217,ATL,2024-03-23,10000
BCHI25056524-124,REX-4217,CHI,2025-05-31,10000
BDAL23031389-125,REX-4217,DAL,2023-03-06,10000
BCLE24106917-126,REX-4217,CLE,2024-10-15,10000
BCHI23125409-127,REX-4217,PHX,2023-12-25,10000
BATL25081134-128,REX-4217,CLE,2025-08-07,10000
BATL25075593-129,REX-4217,ATL,2025-07-26,10000
BCHI24021748-130,REX-4217,PHX,2024-02-06,10000
BATL25079028-131,REX-4217,ATL,2025-07-04,10000
BDAL24106658-132,REX-4217,CLE,2024-10-06,10000
BCHI24051468-133,REX-4217,CLE,2024-05-09,10000
BATL25056489-134,REX-4217,CHI,2025-05-13,10000
BCLE24126805-135,REX-4217,CLE,2024-12-20,10000
BCLE23095913-136,REX-4217,DAL,2023-09-29,10000
BATL23022543-137,REX-4217,DAL,2023-02-17,10000
BDAL24034718-138,REX-4217,CLE,2024-03-05,10000
BPHX23105338-139,REX-4217,ATL,2023-10-13,10000
BPHX24046416-140,REX-4217,ATL,2024-04-03,10000
BCLE23062829-141,REX-4217,ATL,2023-06-11,10000
BDAL24051478-142,REX-4217,DAL,2024-05-04,10000
BPHX23126864-143,REX-4217,ATL,2023-12-08,10000
BDAL25083441-144,REX-4217,CHI,2025-08-01,10000
BPHX25064001-145,REX-4217,DAL,2025-06-08,10000
BCLE23089578-146,REX-4217,DAL,2023-08-16,10000
BATL25109659-147,REX-4217,ATL,2025-10-12,10000
BDAL24125793-148,REX-4217,DAL,2024-12-17,10000
BDAL23068067-149,REX-4217,CLE,2023-06-14,10000
BCHI23064803-150,REX-4217,DAL,2023-06-15,10000
BCLE23078809-151,REX-4217,DAL,2023-07-12,10000
BDAL24126122-152,REX-4217,ATL,2024-12-05,10000
BCLE25077846-153,REX-4217,ATL,2025-07-18,10000
BATL25089909-154,REX-4217,CLE,2025-08-28,10000
BPHX25054273-155,REX-4217,ATL,2025-05-01,10000
BDAL25067312-156,REX-4217,CLE,2025-06-24,10000
BCLE23106201-157,REX-4217,PHX,2023-10-15,10000
BPHX25023732-158,REX-4217,PHX,2025-02-06,10000
BCLE24063847-159,REX-4217,PHX,2024-06-11,10000
BCHI23025219-160,REX-4217,CHI,2023-02-28,10000
BCHI23088242-161,REX-4217,PHX,2023-08-31,10000
BCLE23111970-162,REX-4217,PHX,2023-11-24,10000
BCLE24048069-163,REX-4217,ATL,2024-04-24,10000
BATL23026505-164,REX-4217,CLE,2023-02-11,10000
BPHX25061971-165,REX-4217,DAL,2025-06-11,10000
BCLE24116405-166,REX-4217,CHI,2024-11-18,10000
BATL23107861-167,REX-4217,PHX,2023-10-20,10000
BCLE24043838-168,REX-4217,ATL,2024-04-11,10000
BATL24079700-169,REX-4217,CHI,2024-07-28,10000
BDAL23039226-170,REX-4217,DAL,2023-03-20,10000
BDAL23073494-171,REX-4217,CLE,2023-07-05,10000
BDAL23104969-172,REX-4217,PHX,2023-10-25,10000
BDAL24091756-173,REX-4217,ATL,2024-09-01,10000
BATL23122754-174,REX-4217,ATL,2023-12-26,10000
BATL24068723-175,REX-4217,DAL,2024-06-06,10000
BPHX25017202-176,REX-4217,PHX,2025-01-29,10000
BCHI24012047-177,REX-4217,CLE,2024-01-14,10000
BDAL24111397-178,REX-4217,DAL,2024-11-09,10000
BATL24062393-179,REX-4217,CHI,2024-06-13,10000
BDAL24025075-180,REX-4217,PHX,2024-02-20,10000
BATL25022385-181,REX-4217,CLE,2025-02-01,10000
BCHI23118926-182,REX-4217,PHX,2023-11-18,10000
BCLE23096254-183,REX-4217,CLE,2023-09-01,10000
BATL25042879-184,REX-4217,PHX,2025-04-15,10000
BPHX23096566-185,REX-4217,CLE,2023-09-17,10000
BATL25073649-186,REX-4217,CHI,2025-07-14,10000
BPHX23083314-187,REX-4217,CHI,2023-08-17,10000
BCLE23069248-188,REX-4217,PHX,2023-06-20,10000
BCHI24043549-189,REX-4217,ATL,2024-04-13,10000
BCHI23075033-190,REX-4217,PHX,2023-07-20,10000
BDAL23068252-191,REX-4217,ATL,2023-06-04,10000
BPHX25088930-192,REX-4217,CLE,2025-08-01,10000
BDAL23023243-193,REX-4217,CHI,2023-02-25,10000
BPHX25118984-194,REX-4217,CLE,2025-11-18,10000
BDAL25066673-195,REX-4217,CHI,2025-06-24,10000
BDAL23064219-196,REX-4217,CLE,2023-06-15,10000
BDAL24066206-197,REX-4217,CLE,2024-06-04,10000
BATL23011096-198,REX-4217,ATL,2023-01-22,10000
BCHI25024998-199,REX-4217,CHI,2025-02-11,10000
BCHI25101560-200,REX-4217,ATL,2025-10-09,10000
BDAL24091905-201,REX-4217,ATL,2024-09-26,10000
BCHI24107549-202,REX-4217,PHX,2024-10-09,10000
BCLE25034895-203,REX-4217,CLE,2025-03-23,10000
BCLE24074370-204,REX-4217,DAL,2024-07-11,10000
BPHX25046701-205,REX-4217,DAL,2025-04-15,10000
BCHI23053395-206,REX-4217,ATL,2023-05-21,10000
BCHI25059273-207,REX-4217,CLE,2025-05-18,10000
BCLE23044990-208,REX-4217,CHI,2023-04-02,10000
BPHX23093826-209,REX-4217,CLE,2023-09-28,10000
BDAL23042640-210,REX-4217,ATL,2023-04-10,10000
BDAL24057148-211,REX-4217,CLE,2024-05-15,10000
BCHI23076087-212,REX-4217,ATL,2023-07-25,10000
BCLE23112614-213,REX-4217,ATL,2023-11-01,10000
BDAL23124867-214,REX-4217,ATL,2023-12-13,10000
BCHI23034227-215,REX-4217,CLE,2023-03-06,10000
BCHI25032991-216,REX-4217,PHX,2025-03-03,10000
BPHX24031148-217,REX-4217,ATL,2024-03-31,10000
BPHX23065022-218,REX-4217,PHX,2023-06-26,10000
BPHX23019360-219,REX-4217,CHI,2023-01-26,10000
BPHX24098019-220,REX-4217,PHX,2024-09-19,10000
BCLE24011700-221,REX-4217,CLE,2024-01-13,10000
BATL24122323-222,REX-4217,DAL,2024-12-25,10000
BCLE23078764-223,REX-4217,CLE,2023-07-24,10000
BCLE25078105-224,REX-4217,ATL,2025-07-24,10000
BCHI24076983-225,REX-4217,CLE,2024-07-04,10000
BCLE24103954-226,REX-4217,ATL,2024-10-18,10000
BCLE25079668-227,REX-4217,DAL,2025-07-28,10000
BCLE23062318-228,REX-4217,CHI,2023-06-15,10000
BDAL24066927-229,REX-4217,DAL,2024-06-26,10000
BPHX25018743-230,REX-4217,ATL,2025-01-14,10000
BDAL25036544-231,REX-4217,PHX,2025-03-20,10000
BCHI23084048-232,REX-4217,PHX,2023-08-24,10000
BPHX25052282-233,REX-4217,ATL,2025-05-26,10000
BPHX25062905-234,REX-4217,CHI,2025-06-18,10000
BPHX25103316-235,REX-4217,PHX,2025-10-21,10000
BCHI24056806-236,REX-4217,PHX,2024-05-07,10000
BATL23087581-237,REX-4217,PHX,2023-08-07,10000
BCHI25064584-238,REX-4217,CLE,2025-06-21,10000
BDAL25029100-239,REX-4217,ATL,2025-02-01,10000
BCLE25074204-240,REX-4217,CHI,2025-07-28,10000
BDAL25091762-241,REX-4217,ATL,2025-09-05,10000
BATL23105729-242,REX-4217,PHX,2023-10-14,10000
BDAL23055868-243,REX-4217,PHX,2023-05-21,10000
BATL25029097-244,REX-4217,PHX,2025-02-19,10000
BATL24021013-245,REX-4217,DAL,2024-02-24,10000
BCLE23088488-246,REX-4217,PHX,2023-08-15,10000
BDAL23073852-247,REX-4217,CLE,2023-07-18,10000
BATL25025841-248,REX-4217,CHI,2025-02-06,10000
BCLE24047500-249,REX-4217,CHI,2024-04-09,10000
BATL25057810-250,REX-4217,DAL,2025-05-13,10000
BCLE25095100-251,REX-4217,PHX,2025-09-08,10000
BPHX24109825-252,REX-4217,CHI,2024-10-03,10000
BCHI25039364-253,REX-4217,PHX,2025-03-04,10000
BATL23027183-254,REX-4217,CHI,2023-02-14,10000
BCLE24041463-255,REX-4217,DAL,2024-04-18,10000
BPHX24034732-256,REX-4217,PHX,2024-03-26,10000
BCLE24046644-257,REX-4217,CHI,2024-04-09,10000
BATL24012861-258,REX-4217,ATL,2024-01-06,10000
BCLE25097280-259,REX-4217,DAL,2025-09-15,10000
BDAL24042055-260,REX-4217,CLE,2024-04-01,10000
BCLE24067178-261,REX-4217,ATL,2024-06-25,10000
BCLE23079900-262,REX-4217,PHX,2023-07-12,10000
BATL23129414-263,REX-4217,ATL,2023-12-15,10000
BPHX24073032-264,REX-4217,CHI,2024-07-29,10000
BCLE24012433-265,REX-4217,CHI,2024-01-30,10000
BPHX23087561-266,REX-4217,CLE,2023-08-22,10000
BDAL25098343-267,REX-4217,CHI,2025-09-10,10000
BCHI24058816-268,REX-4217,DAL,2024-05-31,10000
BCHI25071931-269,REX-4217,DAL,2025-07-08,10000
BATL23112744-270,REX-4217,PHX,2023-11-27,10000
BCLE23095573-271,REX-4217,CHI,2023-09-12,10000
BDAL25047840-272,REX-4217,DAL,2025-04-18,10000
BCLE25119757-273,REX-4217,CLE,2025-11-24,10000
BPHX23012261-274,REX-4217,PHX,2023-01-20,10000
BDAL24037658-275,REX-4217,ATL,2024-03-08,10000
BPHX23074278-276,REX-4217,CLE,2023-07-13,10000
BCHI23128552-277,REX-4217,DAL,2023-12-11,10000
BPHX24123916-278,REX-4217,PHX,2024-12-22,10000
BPHX23075998-279,REX-4217,CHI,2023-07-31,10000
BATL25048995-280,REX-4217,CHI,2025-04-20,10000
BCLE25112452-281,REX-4217,CHI,2025-11-04,10000
BCHI24031877-282,REX-4217,PHX,2024-03-08,10000
BCLE23122864-283,REX-4217,ATL,2023-12-08,10000
BPHX23012259-000,REX-4224,PHX,2023-01-27,10000
BDAL25104088-001,REX-4224,ATL,2025-10-08,10000
BPHX23084634-002,REX-4224,ATL,2023-08-24,10000
BCLE25054966-003,REX-4224,CLE,2025-05-13,10000
BCHI25089632-004,REX-4224,DAL,2025-08-20,10000
BCHI24071600-005,REX-4224,CLE,2024-07-02,10000
BCHI24091922-006,REX-4224,ATL,2024-09-27,10000
BATL25096853-007,REX-4224,DAL,2025-09-02,10000
BCHI25016454-008,REX-4224,CHI,2025-01-30,10000
BDAL24047899-009,REX-4224,ATL,2024-04-05,10000
BATL23098894-010,REX-4224,DAL,2023-09-11,10000
BCHI24033525-011,REX-4224,ATL,2024-03-22,10000
BDAL24102734-012,REX-4224,PHX,2024-10-21,10000
BCLE24074018-013,REX-4224,DAL,2024-07-11,10000
BDAL23059086-014,REX-4224,PHX,2023-05-17,10000
BCLE24013985-015,REX-4224,ATL,2024-01-03,10000
BCLE25042990-016,REX-4224,CHI,2025-04-11,10000
BATL25035278-017,REX-4224,DAL,2025-03-20,10000
BCLE24064406-018,REX-4224,CHI,2024-06-12,10000
BDAL24054829-019,REX-4224,CLE,2024-05-30,10000
BPHX24104565-020,REX-4224,CLE,2024-10-04,10000
BCLE24058705-021,REX-4224,CHI,2024-05-11,10000
BCHI25036532-022,REX-4224,CHI,2025-03-30,10000
BCHI23048022-023,REX-4224,DAL,2023-04-05,10000
BCHI25019820-024,REX-4224,PHX,2025-01-12,10000
BDAL23101526-025,REX-4224,CHI,2023-10-05,10000
BCLE23128551-026,REX-4224,PHX,2023-12-27,10000
BDAL24012522-027,REX-4224,PHX,2024-01-21,10000
BCHI25032054-028,REX-4224,CLE,2025-03-31,10000
BATL24028708-029,REX-4224,ATL,2024-02-27,10000
BPHX25051471-030,REX-4224,PHX,2025-05-28,10000
BCLE23108845-031,REX-4224,ATL,2023-10-06,10000
BCLE24083953-032,REX-4224,DAL,2024-08-24,10000
BATL23093797-033,REX-4224,DAL,2023-09-29,10000
BCHI23079605-034,REX-4224,ATL,2023-07-12,10000
BPHX23055024-035,REX-4224,ATL,2023-05-06,10000
BPHX24046122-036,REX-4224,DAL,2024-04-25,10000
BCLE23019917-037,REX-4224,CLE,2023-01-30,10000
BDAL24095398-038,REX-4224,ATL,2024-09-26,10000
BCHI24085435-039,REX-4224,ATL,2024-08-30,10000
BATL23035579-040,REX-4224,ATL,2023-03-05,10000
BCLE25016040-041,REX-4224,PHX,2025-01-23,10000
BDAL25042488-042,REX-4224,CLE,2025-04-22,10000
BPHX25112067-043,REX-4224,DAL,2025-11-20,10000
BDAL25051132-044,REX-4224,CHI,2025-05-03,10000
BCLE24086061-045,REX-4224,PHX,2024-08-06,10000
BATL24129833-046,REX-4224,CHI,2024-12-20,10000
BATL23058658-047,REX-4224,CLE,2023-05-14,10000
BDAL24103199-048,REX-4224,DAL,2024-10-17,10000
BCLE24101914-049,REX-4224,CHI,2024-10-27,10000
BPHX24012246-050,REX-4224,CLE,2024-01-02,10000
BATL23026215-051,REX-4224,PHX,2023-02-25,10000
BCHI24105377-052,REX-4224,ATL,2024-10-16,10000
BCLE23123859-053,REX-4224,ATL,2023-12-26,10000
BPHX25097252-054,REX-4224,PHX,2025-09-10,10000
BCHI25053838-055,REX-4224,ATL,2025-05-17,10000
BATL24124796-056,REX-4224,CHI,2024-12-11,10000
BCLE25025096-057,REX-4224,CLE,2025-02-24,10000
BCHI23054143-058,REX-4224,CHI,2023-05-14,10000
BCHI23024776-059,REX-4224,DAL,2023-02-03,10000
BDAL23093437-060,REX-4224,DAL,2023-09-17,10000
BPHX23017957-061,REX-4224,ATL,2023-01-05,10000
BATL25115426-062,REX-4224,PHX,2025-11-15,10000
BATL24015913-063,REX-4224,CHI,2024-01-27,10000
BATL24045216-064,REX-4224,ATL,2024-04-16,10000
BDAL25082679-065,REX-4224,CHI,2025-08-25,10000
BPHX25025168-066,REX-4224,CLE,2025-02-19,10000
BPHX25116930-067,REX-4224,DAL,2025-11-05,10000
BDAL23125081-068,REX-4224,CHI,2023-12-26,10000
BPHX23123188-069,REX-4224,CHI,2023-12-28,10000
BDAL24111341-070,REX-4224,PHX,2024-11-06,10000
BATL24076570-071,REX-4224,CLE,2024-07-04,10000
BATL24129569-072,REX-4224,CHI,2024-12-12,10000
BCHI25025456-073,REX-4224,PHX,2025-02-03,10000
BATL23017994-074,REX-4224,CHI,2023-01-17,10000
BDAL25056353-075,REX-4224,ATL,2025-05-14,10000
BCHI24102574-076,REX-4224,PHX,2024-10-22,10000
BDAL25041734-077,REX-4224,DAL,2025-04-09,10000
BCLE25079569-078,REX-4224,ATL,2025-07-26,10000
BCLE23016574-079,REX-4224,DAL,2023-01-10,10000
BCHI23109333-080,REX-4224,PHX,2023-10-07,10000
BDAL24035666-081,REX-4224,CHI,2024-03-10,10000
BPHX25049459-082,REX-4224,PHX,2025-04-03,10000
BPHX25059829-083,REX-4224,CHI,2025-05-30,10000
BPHX24061268-084,REX-4224,PHX,2024-06-12,10000
BPHX23081364-085,REX-4224,PHX,2023-08-07,10000
BCLE23045273-086,REX-4224,CHI,2023-04-16,10000
BCLE25062323-087,REX-4224,CLE,2025-06-20,10000
BCHI24035271-088,REX-4224,PHX,2024-03-16,10000
BDAL23077425-089,REX-4224,PHX,2023-07-30,10000
BPHX25018080-090,REX-4224,DAL,2025-01-04,10000
BDAL23012254-091,REX-4224,CHI,2023-01-01,10000
BPHX25101327-092,REX-4224,CLE,2025-10-31,10000
BPHX25025792-093,REX-4224,DAL,2025-02-26,10000
BATL24015654-094,REX-4224,ATL,2024-01-06,10000
BCHI25018126-095,REX-4224,CHI,2025-01-23,10000
BDAL25111305-096,REX-4224,DAL,2025-11-25,10000
BCLE24106490-097,REX-4224,PHX,2024-10-25,10000
BCHI25044757-098,REX-4224,PHX,2025-04-16,10000
BDAL24121746-099,REX-4224,ATL,2024-12-03,10000
BATL24068121-100,REX-4224,CLE,2024-06-25,10000
BCHI25083749-101,REX-4224,DAL,2025-08-23,10000
BCLE25075926-102,REX-4224,CLE,2025-07-01,10000
BDAL23091912-103,REX-4224,ATL,2023-09-24,10000
BPHX24108009-104,REX-4224,ATL,2024-10-24,10000
BDAL25029424-105,REX-4224,CLE,2025-02-09,10000
BATL25049475-106,REX-4224,DAL,2025-04-22,10000
BPHX24051848-107,REX-4224,PHX,2024-05-15,10000
BDAL24029391-108,REX-4224,DAL,2024-02-06,10000
BCLE24032385-109,REX-4224,CLE,2024-03-28,10000
BATL23068197-110,REX-4224,CHI,2023-06-12,10000
BCHI25026463-111,REX-4224,CLE,2025-02-11,10000
BCLE24035816-112,REX-4224,CHI,2024-03-02,10000
BATL25019023-113,REX-4224,PHX,2025-01-25,10000
BCHI24127161-114,REX-4224,PHX,2024-12-18,10000
BATL23047345-115,REX-4224,DAL,2023-04-10,10000
BATL25041845-116,REX-4224,ATL,2025-04-29,10000
BATL25055157-117,REX-4224,DAL,2025-05-15,10000
BATL24075229-118,REX-4224,PHX,2024-07-30,10000
BCHI25117185-119,REX-4224,ATL,2025-11-07,10000
BCLE24049801-120,REX-4224,CLE,2024-04-21,10000
BATL23114642-121,REX-4224,DAL,2023-11-05,10000
BPHX25062454-122,REX-4224,PHX,2025-06-19,10000
BPHX23044601-123,REX-4224,CLE,2023-04-08,10000
BDAL25075586-124,REX-4224,DAL,2025-07-03,10000
BPHX25088012-125,REX-4224,ATL,2025-08-02,10000
BATL25047359-000,REX-4231,ATL,2025-04-26,10000
BPHX25039817-001,REX-4231,DAL,2025-03-14,10000
BCHI23039001-002,REX-4231,PHX,2023-03-26,10000
BPHX24067133-003,REX-4231,CHI,2024-06-26,10000
BDAL24074922-004,REX-4231,DAL,2024-07-12,10000
BDAL25103266-005,REX-4231,CHI,2025-10-25,10000
BATL24128309-006,REX-4231,PHX,2024-12-26,10000
BCLE24064932-007,REX-4231,PHX,2024-06-03,10000
BPHX25037879-008,REX-4231,CHI,2025-03-08,10000
BDAL25081409-009,REX-4231,DAL,2025-08-31,10000
BCLE23118864-010,REX-4231,PHX,2023-11-04,10000
BDAL25082319-011,REX-4231,DAL,2025-08-14,10000
BDAL25064272-012,REX-4231,DAL,2025-06-30,10000
BCLE23066195-013,REX-4231,PHX,2023-06-30,10000
BATL24031973-014,REX-4231,CHI,2024-03-01,10000
BCLE23041762-015,REX-4231,CHI,2023-04-30,10000
BCLE24077701-016,REX-4231,DAL,2024-07-22,10000
BDAL25039294-017,REX-4231,ATL,2025-03-26,10000
BDAL24055315-018,REX-4231,DAL,2024-05-10,10000
BCHI24056464-019,REX-4231,PHX,2024-05-15,10000
BATL25016602-020,REX-4231,ATL,2025-01-18,10000
BATL24027743-021,REX-4231,PHX,2024-02-15,10000
BCLE23031603-022,REX-4231,DAL,2023-03-07,10000
BCLE25082289-023,REX-4231,CLE,2025-08-13,10000
BATL23056040-024,REX-4231,CHI,2023-05-03,10000
BPHX25012274-025,REX-4231,CLE,2025-01-10,10000
BCHI25107538-026,REX-4231,DAL,2025-10-24,10000
BCLE23069972-027,REX-4231,CLE,2023-06-14,10000
BCHI24104523-028,REX-4231,PHX,2024-10-13,10000
BPHX24077985-029,REX-4231,CLE,2024-07-20,10000
BDAL24098706-030,REX-4231,PHX,2024-09-30,10000
BCLE25059367-031,REX-4231,PHX,2025-05-20,10000
BPHX25111000-032,REX-4231,DAL,2025-11-12,10000
BCHI25087743-033,REX-4231,PHX,2025-08-03,10000
BCHI25023412-034,REX-4231,CHI,2025-02-24,10000
BDAL23023181-035,REX-4231,DAL,2023-02-02,10000
BDAL25047142-036,REX-4231,CLE,2025-04-07,10000
BDAL23053688-037,REX-4231,ATL,2023-05-19,10000
BCLE24043956-038,REX-4231,CHI,2024-04-19,10000
BPHX24017927-039,REX-4231,DAL,2024-01-16,10000
BDAL23025558-040,REX-4231,PHX,2023-02-05,10000
BCHI24059765-041,REX-4231,PHX,2024-05-10,10000
BATL23122099-042,REX-4231,DAL,2023-12-24,10000
BDAL23042101-043,REX-4231,ATL,2023-04-23,10000
BCHI23067365-044,REX-4231,PHX,2023-06-30,10000
BDAL23038938-045,REX-4231,DAL,2023-03-08,10000
BATL25074493-046,REX-4231,CHI,2025-07-12,10000
BDAL23078434-047,REX-4231,CHI,2023-07-04,10000
BATL24115278-048,REX-4231,PHX,2024-11-26,10000
BDAL24093100-049,REX-4231,CLE,2024-09-04,10000
BDAL24015300-050,REX-4231,DAL,2024-01-20,10000
BCLE23073727-051,REX-4231,ATL,2023-07-31,10000
BPHX25104697-052,REX-4231,DAL,2025-10-30,10000
BCHI23067656-053,REX-4231,PHX,2023-06-18,10000
BPHX24098849-054,REX-4231,DAL,2024-09-27,10000
BATL23072477-055,REX-4231,ATL,2023-07-15,10000
BCLE25019281-056,REX-4231,ATL,2025-01-20,10000
BATL23016821-057,REX-4231,CHI,2023-01-18,10000
BATL25025383-058,REX-4231,PHX,2025-02-04,10000
BCHI24102286-059,REX-4231,DAL,2024-10-13,10000
BCHI24039638-060,REX-4231,CHI,2024-03-06,10000
BATL25012948-061,REX-4231,PHX,2025-01-16,10000
BDAL24111948-062,REX-4231,CHI,2024-11-02,10000
BCLE24093798-063,REX-4231,CHI,2024-09-13,10000
BDAL25026914-064,REX-4231,CHI,2025-02-07,10000
BPHX23088548-065,REX-4231,DAL,2023-08-15,10000
BATL23129815-066,REX-4231,ATL,2023-12-31,10000
BCHI23074610-067,REX-4231,DAL,2023-07-18,10000
BCHI23071672-068,REX-4231,CLE,2023-07-07,10000
BCHI24022065-069,REX-4231,DAL,2024-02-06,10000
BATL25025245-070,REX-4231,ATL,2025-02-27,10000
BDAL23123572-071,REX-4231,CLE,2023-12-21,10000
BCHI25018590-072,REX-4231,ATL,2025-01-27,10000
BCHI23042664-073,REX-4231,ATL,2023-04-17,10000
BCHI23056151-074,REX-4231,ATL,2023-05-10,10000
BATL25085836-075,REX-4231,CLE,2025-08-25,10000
BDAL23067579-076,REX-4231,CLE,2023-06-28,10000
BATL24022373-077,REX-4231,DAL,2024-02-07,10000
BDAL24124207-078,REX-4231,CLE,2024-12-30,10000
BDAL23054661-079,REX-4231,CLE,2023-05-09,10000
BCLE24016034-080,REX-4231,DAL,2024-01-24,10000
BPHX23018224-081,REX-4231,CHI,2023-01-22,10000
BCLE23061777-082,REX-4231,CHI,2023-06-30,10000
BDAL25049995-083,REX-4231,DAL,2025-04-14,10000
BDAL24108481-084,REX-4231,PHX,2024-10-02,10000
BATL25066004-085,REX-4231,DAL,2025-06-04,10000
BCLE24094010-086,REX-4231,CHI,2024-09-13,10000
BATL23077661-087,REX-4231,CHI,2023-07-21,10000
BDAL24063501-088,REX-4231,CLE,2024-06-30,10000
BDAL25052344-089,REX-4231,CHI,2025-05-03,10000
BCLE23077870-090,REX-4231,CLE,2023-07-30,10000
BPHX25022528-091,REX-4231,CLE,2025-02-22,10000
BCHI23053169-092,REX-4231,ATL,2023-05-01,10000
BATL24053023-093,REX-4231,PHX,2024-05-27,10000
BPHX23109248-094,REX-4231,ATL,2023-10-17,10000
BCLE23119179-095,REX-4231,DAL,2023-11-08,10000
BATL25047242-096,REX-4231,CHI,2025-04-03,10000
BATL25021499-097,REX-4231,CHI,2025-02-20,10000
BDAL24029135-098,REX-4231,CHI,2024-02-01,10000
BCLE23061182-099,REX-4231,DAL,2023-06-26,10000
BATL24046762-100,REX-4231,PHX,2024-04-16,10000
BATL23098468-101,REX-4231,CLE,2023-09-23,10000
BATL24023388-102,REX-4231,CLE,2024-02-17,10000
BPHX23045379-103,REX-4231,CHI,2023-04-06,10000
BCHI24119082-104,REX-4231,ATL,2024-11-26,10000
BATL24068587-105,REX-4231,CLE,2024-06-04,10000
BCHI23106728-106,REX-4231,CLE,2023-10-24,10000
BDAL24084051-107,REX-4231,CLE,2024-08-27,10000
BCHI24111377-108,REX-4231,ATL,2024-11-09,10000
BPHX25111261-109,REX-4231,PHX,2025-11-22,10000
BDAL23031469-110,REX-4231,ATL,2023-03-31,10000
BDAL24011209-111,REX-4231,PHX,2024-01-08,10000
BDAL25018816-112,REX-4231,DAL,2025-01-04,10000
BPHX25076588-113,REX-4231,CLE,2025-07-12,10000
BDAL23022366-114,REX-4231,CHI,2023-02-17,10000
BDAL25108137-115,REX-4231,PHX,2025-10-31,10000
BATL24061577-116,REX-4231,CLE,2024-06-15,10000
BDAL25036806-117,REX-4231,PHX,2025-03-07,10000
BATL23109434-118,REX-4231,CHI,2023-10-03,10000
BCHI25109333-119,REX-4231,CHI,2025-10-04,10000
BPHX25066694-120,REX-4231,PHX,2025-06-25,10000
BCLE24054375-121,REX-4231,PHX,2024-05-01,10000
BPHX23043096-122,REX-4231,ATL,2023-04-18,10000
BCLE23022600-123,REX-4231,ATL,2023-02-17,10000
BCLE25025578-124,REX-4231,PHX,2025-02-21,10000
BPHX24072304-125,REX-4231,CHI,2024-07-21,10000
BATL23029338-126,REX-4231,CLE,2023-02-01,10000
BDAL24022986-127,REX-4231,DAL,2024-02-29,10000
BATL24103760-128,REX-4231,CHI,2024-10-22,10000
BDAL24082202-129,REX-4231,CHI,2024-08-16,10000
BDAL23098530-130,REX-4231,CHI,2023-09-07,10000
BDAL23044823-131,REX-4231,DAL,2023-04-08,10000
BATL25064921-132,REX-4231,CHI,2025-06-21,10000
BCLE25017698-133,REX-4231,PHX,2025-01-04,10000
BCLE24036429-134,REX-4231,ATL,2024-03-16,10000
BPHX23099084-135,REX-4231,CLE,2023-09-16,10000
BCHI24069471-136,REX-4231,PHX,2024-06-07,10000
BDAL25047225-137,REX-4231,ATL,2025-04-27,10000
BDAL23129762-138,REX-4231,ATL,2023-12-08,10000
BCHI23113699-139,REX-4231,CHI,2023-11-22,10000
BCLE23019633-140,REX-4231,ATL,2023-01-04,10000
BATL23117119-141,REX-4231,ATL,2023-11-12,10000
BPHX23039355-142,REX-4231,CHI,2023-03-27,10000
BPHX24129768-143,REX-4231,DAL,2024-12-03,10000
BPHX25057709-144,REX-4231,PHX,2025-05-15,10000
BCLE25107540-145,REX-4231,DAL,2025-10-25,10000
BCHI24104584-146,REX-4231,PHX,2024-10-25,10000
BDAL24076332-147,REX-4231,CHI,2024-07-04,10000
BDAL25083401-148,REX-4231,CLE,2025-08-30,10000
BDAL24044287-149,REX-4231,CLE,2024-04-18,10000
BDAL25096646-150,REX-4231,DAL,2025-09-05,10000
BCHI23119004-151,REX-4231,DAL,2023-11-21,10000
BDAL25072425-152,REX-4231,CLE,2025-07-25,10000
BCHI24087320-153,REX-4231,ATL,2024-08-19,10000
BPHX25056295-154,REX-4231,CLE,2025-05-27,10000
BCHI23089077-155,REX-4231,PHX,2023-08-30,10000
BDAL24064670-156,REX-4231,DAL,2024-06-10,10000
BDAL25046214-157,REX-4231,CLE,2025-04-12,10000
BPHX25016090-158,REX-4231,CLE,2025-01-03,10000
BPHX25049673-159,REX-4231,CHI,2025-04-05,10000
BATL25051130-160,REX-4231,CLE,2025-05-24,10000
BDAL24029262-161,REX-4231,ATL,2024-02-28,10000
BCLE23057488-162,REX-4231,ATL,2023-05-05,10000
BCLE23036362-163,REX-4231,CHI,2023-03-19,10000
BATL25083827-164,REX-4231,DAL,2025-08-31,10000
BATL23109590-165,REX-4231,DAL,2023-10-24,10000
BDAL24033742-166,REX-4231,PHX,2024-03-16,10000
BPHX25021799-167,REX-4231,CHI,2025-02-20,10000
BDAL25118141-168,REX-4231,CLE,2025-11-30,10000
BCHI23061550-169,REX-4231,DAL,2023-06-19,10000
BATL23014220-170,REX-4231,DAL,2023-01-17,10000
BCLE23016466-171,REX-4231,ATL,2023-01-11,10000
BATL25067139-172,REX-4231,CHI,2025-06-17,10000
BPHX25038962-173,REX-4231,CLE,2025-03-28,10000
BDAL24125279-174,REX-4231,DAL,2024-12-09,10000
BCLE25056653-175,REX-4231,ATL,2025-05-03,10000
BPHX23111670-176,REX-4231,CHI,2023-11-12,10000
BPHX25065379-177,REX-4231,PHX,2025-06-14,10000
BPHX23103228-178,REX-4231,CLE,2023-10-10,10000
BATL24117473-179,REX-4231,DAL,2024-11-12,10000
BCLE23053509-180,REX-4231,CHI,2023-05-09,10000
BPHX24128281-181,REX-4231,ATL,2024-12-15,10000
BDAL25101697-182,REX-4231,ATL,2025-10-23,10000
BDAL23066258-183,REX-4231,ATL,2023-06-25,10000
BCLE24059144-184,REX-4231,PHX,2024-05-18,10000
BDAL24119995-185,REX-4231,ATL,2024-11-27,10000
BATL23077328-186,REX-4231,ATL,2023-07-02,10000
BDAL25054564-187,REX-4231,CHI,2025-05-03,10000
BPHX25018826-188,REX-4231,CHI,2025-01-29,10000
BDAL24067478-189,REX-4231,CLE,2024-06-30,10000
BCHI25071366-190,REX-4231,PHX,2025-07-02,10000
BCLE24122639-191,REX-4231,CHI,2024-12-04,10000
BCLE25108472-192,REX-4231,PHX,2025-10-30,10000
BDAL25022122-193,REX-4231,ATL,2025-02-06,10000
BDAL24072572-194,REX-4231,DAL,2024-07-21,10000
BDAL23124375-195,REX-4231,CLE,2023-12-05,10000
BDAL25059871-196,REX-4231,ATL,2025-05-29,10000
BATL25119476-197,REX-4231,DAL,2025-11-30,10000
BDAL25098208-198,REX-4231,PHX,2025-09-01,10000
BDAL25067213-199,REX-4231,DAL,2025-06-08,10000
BPHX23031307-200,REX-4231,DAL,2023-03-17,10000
BDAL24105314-201,REX-4231,ATL,2024-10-29,10000
BATL24098076-202,REX-4231,CHI,2024-09-18,10000
BPHX25082668-203,REX-4231,DAL,2025-08-22,10000
BCHI25043862-204,REX-4231,ATL,2025-04-20,10000
BCHI23015352-205,REX-4231,CHI,2023-01-06,10000
BPHX23047634-206,REX-4231,ATL,2023-04-21,10000
BCLE24096665-207,REX-4231,ATL,2024-09-03,10000
BCHI25018599-208,REX-4231,PHX,2025-01-07,10000
BCLE23091782-209,REX-4231,CLE,2023-09-13,10000
BDAL23095133-210,REX-4231,PHX,2023-09-10,10000
BATL25075714-211,REX-4231,CHI,2025-07-20,10000
BATL24062175-212,REX-4231,DAL,2024-06-22,10000
BATL25093833-213,REX-4231,DAL,2025-09-17,10000
BPHX25019199-214,REX-4231,DAL,2025-01-18,10000
BDAL25042701-215,REX-4231,ATL,2025-04-01,10000
BDAL24128992-216,REX-4231,DAL,2024-12-02,10000
BPHX23079748-217,REX-4231,DAL,2023-07-15,10000
BPHX25024506-218,REX-4231,CHI,2025-02-05,10000
BATL24104895-219,REX-4231,ATL,2024-10-05,10000
BDAL25016726-220,REX-4231,CHI,2025-01-21,10000
BCHI23026636-221,REX-4231,PHX,2023-02-06,10000
BPHX24096933-222,REX-4231,CHI,2024-09-09,10000
BPHX23077593-223,REX-4231,CLE,2023-07-20,10000
BCHI23115300-224,REX-4231,CLE,2023-11-15,10000
BPHX24023746-225,REX-4231,ATL,2024-02-01,10000
BDAL24038275-226,REX-4231,CLE,2024-03-13,10000
BCLE24098618-227,REX-4231,CLE,2024-09-07,10000
BPHX24058284-228,REX-4231,CLE,2024-05-30,10000
BPHX24069014-229,REX-4231,ATL,2024-06-05,10000
BCLE24086722-230,REX-4231,DAL,2024-08-18,10000
BCLE24119490-231,REX-4231,ATL,2024-11-27,10000
BDAL25107108-232,REX-4231,PHX,2025-10-19,10000
BCLE23038560-233,REX-4231,CLE,2023-03-17,10000
BCHI24017361-234,REX-4231,CLE,2024-01-27,10000
BCLE23028538-235,REX-4231,DAL,2023-02-09,10000
BCLE23032718-236,REX-4231,PHX,2023-03-05,10000
BPHX23038536-237,REX-4231,CHI,2023-03-14,10000
BCHI24071547-238,REX-4231,PHX,2024-07-06,10000
BCHI25063917-239,REX-4231,CHI,2025-06-04,10000
BDAL24102603-240,REX-4231,PHX,2024-10-02,10000
BCLE23116982-241,REX-4231,CHI,2023-11-16,10000
BCHI24047950-242,REX-4231,PHX,2024-04-29,10000
BATL25046782-243,REX-4231,ATL,2025-04-02,10000
BPHX25054934-244,REX-4231,DAL,2025-05-27,10000
BCHI24127676-245,REX-4231,CLE,2024-12-30,10000
BCLE25098445-246,REX-4231,ATL,2025-09-28,10000
BCHI23099820-247,REX-4231,ATL,2023-09-30,10000
BCLE24074500-248,REX-4231,ATL,2024-07-07,10000
BCLE24124176-249,REX-4231,CHI,2024-12-08,10000
BCLE23015458-250,REX-4231,ATL,2023-01-15,10000
BCHI23048669-251,REX-4231,DAL,2023-04-07,10000
BPHX23126075-252,REX-4231,CHI,2023-12-04,10000
BPHX24047638-253,REX-4231,ATL,2024-04-09,10000
BPHX24107783-254,REX-4231,PHX,2024-10-04,10000
BDAL23059522-255,REX-4231,CLE,2023-05-09,10000
BCLE24021844-256,REX-4231,PHX,2024-02-06,10000
BDAL24048159-257,REX-4231,DAL,2024-04-12,10000
BPHX23111412-258,REX-4231,CHI,2023-11-11,10000
BDAL23123973-259,REX-4231,PHX,2023-12-23,10000
BPHX24045332-260,REX-4231,CLE,2024-04-30,10000
BCHI23109570-261,REX-4231,PHX,2023-10-17,10000
BCHI25052698-262,REX-4231,CLE,2025-05-28,10000
BATL23094213-263,REX-4231,ATL,2023-09-16,10000
BDAL23063726-264,REX-4231,DAL,2023-06-04,10000
BPHX23112353-265,REX-4231,CLE,2023-11-22,10000
BCHI25093404-266,REX-4231,DAL,2025-09-28,10000
BPHX24096217-267,REX-4231,PHX,2024-09-18,10000
BDAL24067185-268,REX-4231,DAL,2024-06-24,10000
BATL24037140-269,REX-4231,DAL,2024-03-15,10000
BDAL24072251-270,REX-4231,CLE,2024-07-27,10000
BCHI23076613-271,REX-4231,CLE,2023-07-19,10000
BPHX24038375-272,REX-4231,ATL,2024-03-13,10000
BCLE25116539-273,REX-4231,ATL,2025-11-12,10000
BATL23049845-274,REX-4231,CLE,2023-04-29,10000
BPHX24038026-275,REX-4231,CHI,2024-03-19,10000
BCLE24099799-276,REX-4231,DAL,2024-09-08,10000
BCLE25105262-277,REX-4231,PHX,2025-10-14,10000
BATL23101457-278,REX-4231,CLE,2023-10-03,10000
BCHI24064994-279,REX-4231,ATL,2024-06-18,10000
BDAL24055373-280,REX-4231,CLE,2024-05-12,10000
BCLE23074024-281,REX-4231,PHX,2023-07-19,10000
BCHI23124392-282,REX-4231,PHX,2023-12-13,10000
BATL23011026-283,REX-4231,CHI,2023-01-24,10000
BPHX25095769-284,REX-4231,PHX,2025-09-13,10000
BCLE25091173-285,REX-4231,PHX,2025-09-15,10000
BPHX25092776-286,REX-4231,CHI,2025-09-16,10000
BPHX24047180-287,REX-4231,ATL,2024-04-30,10000
BCLE25028916-288,REX-4231,PHX,2025-02-03,10000
BCLE25097816-289,REX-4231,ATL,2025-09-15,10000
BPHX23073413-290,REX-4231,CLE,2023-07-12,10000
BCHI24079577-291,REX-4231,CHI,2024-07-31,10000
BCHI25031808-292,REX-4231,DAL,2025-03-19,10000
BCHI23077388-293,REX-4231,CHI,2023-07-30,10000
BCLE24034705-294,REX-4231,ATL,2024-03-31,10000
BDAL25036382-295,REX-4231,PHX,2025-03-03,10000
BCHI24068035-296,REX-4231,PHX,2024-06-09,10000
BCLE24092365-297,REX-4231,PHX,2024-09-03,10000
BDAL23034779-298,REX-4231,CHI,2023-03-17,10000
BPHX23025098-299,REX-4231,CHI,2023-02-11,10000
BCHI23038971-300,REX-4231,CLE,2023-03-09,10000
BDAL24043141-000,REX-4238,DAL,2024-04-14,10000
BCHI23088383-001,REX-4238,CLE,2023-08-23,10000
BCHI23092132-002,REX-4238,DAL,2023-09-10,10000
BATL23077506-003,REX-4238,CHI,2023-07-24,10000
BCHI23107410-004,REX-4238,PHX,2023-10-19,10000
BPHX23015542-005,REX-4238,ATL,2023-01-23,10000
BDAL23085040-006,REX-4238,CLE,2023-08-30,10000
BPHX24053269-007,REX-4238,DAL,2024-05-24,10000
BPHX23121056-008,REX-4238,ATL,2023-12-18,10000
BCLE23127937-009,REX-4238,CHI,2023-12-23,10000
BCHI23029356-010,REX-4238,PHX,2023-02-21,10000
BDAL25019427-011,REX-4238,CLE,2025-01-21,10000
BCHI23104799-012,REX-4238,ATL,2023-10-17,10000
BCHI25014781-013,REX-4238,CHI,2025-01-23,10000
BATL24092354-014,REX-4238,CLE,2024-09-02,10000
BDAL25048350-015,REX-4238,ATL,2025-04-16,10000
BCLE24108864-016,REX-4238,DAL,2024-10-30,10000
BDAL24117183-017,REX-4238,CHI,2024-11-23,10000
BDAL24033000-018,REX-4238,CLE,2024-03-21,10000
BCLE23115984-019,REX-4238,CLE,2023-11-30,10000
BATL23079897-020,REX-4238,ATL,2023-07-01,10000
BCLE24016413-021,REX-4238,DAL,2024-01-23,10000
BCHI25118900-022,REX-4238,CHI,2025-11-17,10000
BATL23016552-023,REX-4238,CHI,2023-01-25,10000
BCLE25079073-024,REX-4238,PHX,2025-07-18,10000
BPHX23061439-025,REX-4238,ATL,2023-06-16,10000
BDAL23037730-026,REX-4238,CHI,2023-03-08,10000
BCLE25075971-027,REX-4238,CLE,2025-07-14,10000
BDAL23097258-028,REX-4238,CLE,2023-09-23,10000
BCLE24117425-029,REX-4238,DAL,2024-11-06,10000
BCHI24046255-030,REX-4238,ATL,2024-04-19,10000
BPHX24057310-031,REX-4238,CHI,2024-05-04,10000
BCLE24068430-032,REX-4238,PHX,2024-06-14,10000
BPHX25078136-033,REX-4238,CLE,2025-07-25,10000
BPHX23015584-034,REX-4238,ATL,2023-01-20,10000
BDAL24098455-035,REX-4238,ATL,2024-09-27,10000
BPHX23064872-036,REX-4238,CLE,2023-06-13,10000
BATL24043900-037,REX-4238,DAL,2024-04-11,10000
BPHX25056461-038,REX-4238,PHX,2025-05-10,10000
BDAL24062905-039,REX-4238,CLE,2024-06-24,10000
BCHI24095602-040,REX-4238,CHI,2024-09-10,10000
BCHI23035972-041,REX-4238,PHX,2023-03-30,10000
BCLE24039870-042,REX-4238,CLE,2024-03-20,10000
BPHX24121320-043,REX-4238,DAL,2024-12-06,10000
BATL24088924-044,REX-4238,CLE,2024-08-15,10000
BCHI25076896-045,REX-4238,CHI,2025-07-20,10000
BPHX24097775-046,REX-4238,CLE,2024-09-04,10000
BCLE23081839-047,REX-4238,PHX,2023-08-04,10000
BPHX25086024-048,REX-4238,PHX,2025-08-26,10000
BDAL25016752-049,REX-4238,PHX,2025-01-11,10000
BPHX24113455-050,REX-4238,CHI,2024-11-30,10000
BATL25073726-051,REX-4238,PHX,2025-07-22,10000
BDAL24039305-052,REX-4238,DAL,2024-03-06,10000
BCLE24074329-053,REX-4238,CHI,2024-07-03,10000
BCHI23019314-054,REX-4238,DAL,2023-01-22,10000
BCHI25026715-055,REX-4238,PHX,2025-02-17,10000
BPHX23017208-056,REX-4238,CHI,2023-01-24,10000
BPHX24012108-057,REX-4238,ATL,2024-01-08,10000
BATL25117713-058,REX-4238,CHI,2025-11-29,10000
BCLE25098255-059,REX-4238,PHX,2025-09-02,10000
BPHX25077137-060,REX-4238,PHX,2025-07-23,10000
BATL23037656-061,REX-4238,ATL,2023-03-25,10000
BATL25029142-062,REX-4238,PHX,2025-02-09,10000
BPHX24012142-063,REX-4238,CLE,2024-01-12,10000
BPHX23044905-064,REX-4238,DAL,2023-04-23,10000
BATL23097872-065,REX-4238,ATL,2023-09-10,10000
BCLE24017666-066,REX-4238,CHI,2024-01-19,10000
BDAL23124304-067,REX-4238,ATL,2023-12-10,10000
BATL24044962-068,REX-4238,CLE,2024-04-19,10000
BATL23104764-069,REX-4238,DAL,2023-10-21,10000
BPHX24071369-070,REX-4238,PHX,2024-07-27,10000
BPHX23025236-071,REX-4238,ATL,2023-02-26,10000
BPHX23016632-072,REX-4238,ATL,2023-01-05,10000
BDAL24018170-073,REX-4238,CHI,2024-01-26,10000
BDAL25033303-074,REX-4238,CHI,2025-03-13,10000
BCLE24093237-075,REX-4238,CHI,2024-09-17,10000
BATL24128903-076,REX-4238,CLE,2024-12-04,10000
BPHX23035340-077,REX-4238,DAL,2023-03-09,10000
BDAL24119711-078,REX-4238,PHX,2024-11-19,10000
BATL24112747-079,REX-4238,CLE,2024-11-28,10000
BCLE25125193-080,REX-4238,ATL,2025-12-01,10000
BDAL25016095-081,REX-4238,ATL,2025-01-11,10000
BDAL23015056-000,REX-4245,PHX,2023-01-14,10000
BDAL25043162-001,REX-4245,DAL,2025-04-20,10000
BCLE24118858-002,REX-4245,CHI,2024-11-13,10000
BCHI25059684-003,REX-4245,PHX,2025-05-18,10000
BCLE25033956-004,REX-4245,CLE,2025-03-23,10000
BCHI24043130-005,REX-4245,ATL,2024-04-13,10000
BATL23092231-006,REX-4245,PHX,2023-09-08,10000
BCLE23036341-007,REX-4245,CHI,2023-03-12,10000
BPHX25044421-008,REX-4245,CHI,2025-04-01,10000
BCHI23098732-009,REX-4245,CHI,2023-09-27,10000
BATL25099509-010,REX-4245,PHX,2025-09-18,10000
BCLE24025122-011,REX-4245,ATL,2024-02-20,10000
BCHI24096935-012,REX-4245,PHX,2024-09-26,10000
BCHI23122853-013,REX-4245,PHX,2023-12-22,10000
BDAL25035922-014,REX-4245,CLE,2025-03-14,10000
BCLE25054841-015,REX-4245,ATL,2025-05-24,10000
BCHI24019299-016,REX-4245,CLE,2024-01-10,10000
BCLE25081317-017,REX-4245,DAL,2025-08-22,10000
BCLE23063929-018,REX-4245,CHI,2023-06-10,10000
BDAL25096545-019,REX-4245,CLE,2025-09-25,10000
BCLE23113410-020,REX-4245,ATL,2023-11-04,10000
BCLE23019013-021,REX-4245,DAL,2023-01-08,10000
BDAL24095449-022,REX-4245,CLE,2024-09-01,10000
BDAL25039680-023,REX-4245,PHX,2025-03-26,10000
BCLE23101910-024,REX-4245,DAL,2023-10-09,10000
BPHX25043156-025,REX-4245,PHX,2025-04-11,10000
BCLE24102600-026,REX-4245,DAL,2024-10-16,10000
BPHX23128328-027,REX-4245,DAL,2023-12-17,10000
BATL24071832-028,REX-4245,ATL,2024-07-18,10000
BCLE25038885-029,REX-4245,CHI,2025-03-26,10000
BDAL24119894-030,REX-4245,ATL,2024-11-30,10000
BCLE24027102-031,REX-4245,CHI,2024-02-18,10000
BATL25104897-032,REX-4245,CHI,2025-10-07,10000
BPHX24039763-033,REX-4245,CLE,2024-03-18,10000
BCLE25052440-034,REX-4245,DAL,2025-05-22,10000
BPHX24113515-035,REX-4245,ATL,2024-11-18,10000
BPHX23108953-036,REX-4245,CLE,2023-10-03,10000
BCHI24076607-037,REX-4245,CHI,2024-07-02,10000
BCHI23078541-038,REX-4245,CLE,2023-07-24,10000
BDAL23071725-039,REX-4245,CLE,2023-07-15,10000
BPHX25068919-040,REX-4245,ATL,2025-06-04,10000
BCHI23023115-041,REX-4245,DAL,2023-02-26,10000
BCHI23053141-042,REX-4245,CLE,2023-05-31,10000
BCHI23093535-043,REX-4245,CHI,2023-09-02,10000
BATL24124903-044,REX-4245,ATL,2024-12-23,10000
BCHI23118372-045,REX-4245,CLE,2023-11-02,10000
BCHI24074239-046,REX-4245,PHX,2024-07-04,10000
BCHI24113646-047,REX-4245,CHI,2024-11-28,10000
BDAL23079774-048,REX-4245,DAL,2023-07-31,10000
BCLE24102266-049,REX-4245,PHX,2024-10-22,10000
BCHI24038268-050,REX-4245,CLE,2024-03-08,10000
BCHI24083701-051,REX-4245,CLE,2024-08-01,10000
BDAL25088528-052,REX-4245,DAL,2025-08-13,10000
BDAL23084006-053,REX-4245,DAL,2023-08-15,10000
BATL25087750-000,REX-4252,ATL,2025-08-15,10000
BATL25026666-001,REX-4252,CHI,2025-02-28,10000
BCHI23069936-002,REX-4252,ATL,2023-06-13,10000
BATL23055921-003,REX-4252,CHI,2023-05-24,10000
BPHX25084860-004,REX-4252,PHX,2025-08-20,10000
BPHX25083815-005,REX-4252,DAL,2025-08-02,10000
BATL24086008-006,REX-4252,ATL,2024-08-31,10000
BDAL24128576-007,REX-4252,CHI,2024-12-02,10000
BATL25107166-008,REX-4252,DAL,2025-10-11,10000
BCLE25096530-009,REX-4252,PHX,2025-09-02,10000
BATL24099495-010,REX-4252,CLE,2024-09-21,10000
BCHI23111768-011,REX-4252,ATL,2023-11-17,10000
BCHI24071307-012,REX-4252,DAL,2024-07-07,10000
BDAL23098715-013,REX-4252,CHI,2023-09-14,10000
BCLE25051500-014,REX-4252,CLE,2025-05-07,10000
BCLE24082078-015,REX-4252,PHX,2024-08-10,10000
BPHX24124736-016,REX-4252,PHX,2024-12-26,10000
BATL25045718-017,REX-4252,ATL,2025-04-30,10000
BPHX25043267-018,REX-4252,ATL,2025-04-10,10000
BDAL25013519-019,REX-4252,CLE,2025-01-19,10000
BPHX24034783-020,REX-4252,CLE,2024-03-28,10000
BDAL23061960-021,REX-4252,CLE,2023-06-23,10000
BATL24118647-022,REX-4252,ATL,2024-11-11,10000
BCLE23088538-023,REX-4252,ATL,2023-08-11,10000
BPHX24016091-024,REX-4252,CLE,2024-01-09,10000
BPHX24066378-025,REX-4252,PHX,2024-06-13,10000
BCLE23012077-026,REX-4252,CHI,2023-01-27,10000
BATL24064649-027,REX-4252,ATL,2024-06-28,10000
BCHI24119642-028,REX-4252,DAL,2024-11-06,10000
BDAL25073680-029,REX-4252,ATL,2025-07-07,10000
BDAL24057836-030,REX-4252,PHX,2024-05-11,10000
BPHX25092350-031,REX-4252,DAL,2025-09-12,10000
BCHI24051325-032,REX-4252,ATL,2024-05-25,10000
BPHX23123679-033,REX-4252,DAL,2023-12-07,10000
BATL25087597-034,REX-4252,DAL,2025-08-10,10000
BCLE23014322-035,REX-4252,ATL,2023-01-22,10000
BCHI23021621-036,REX-4252,CLE,2023-02-02,10000
BDAL25068426-037,REX-4252,PHX,2025-06-04,10000
BDAL23055933-038,REX-4252,ATL,2023-05-19,10000
BCHI25079009-039,REX-4252,ATL,2025-07-13,10000
BDAL24105256-040,REX-4252,CLE,2024-10-27,10000
BATL24085072-041,REX-4252,CLE,2024-08-04,10000
BCHI25039072-042,REX-4252,CHI,2025-03-31,10000
BCLE23108092-043,REX-4252,PHX,2023-10-22,10000
BDAL25014680-044,REX-4252,CHI,2025-01-14,10000
BDAL24024787-045,REX-4252,CHI,2024-02-07,10000
BCHI25031314-046,REX-4252,DAL,2025-03-30,10000
BATL24104001-047,REX-4252,DAL,2024-10-16,10000
BCHI23128680-048,REX-4252,CHI,2023-12-24,10000
BDAL24038482-049,REX-4252,ATL,2024-03-31,10000
BCHI24052615-050,REX-4252,ATL,2024-05-23,10000
BCLE24058887-051,REX-4252,ATL,2024-05-19,10000
BDAL24075072-052,REX-4252,ATL,2024-07-21,10000
BATL23044768-053,REX-4252,PHX,2023-04-14,10000
BCLE24093928-054,REX-4252,ATL,2024-09-27,10000
BPHX24085153-055,REX-4252,CLE,2024-08-23,10000
BATL25028514-056,REX-4252,ATL,2025-02-05,10000
BATL23044770-057,REX-4252,DAL,2023-04-23,10000
BDAL23042189-058,REX-4252,PHX,2023-04-02,10000
BATL23045072-059,REX-4252,ATL,2023-04-09,10000
BCLE24101464-000,REX-4259,PHX,2024-10-30,10000
BDAL23076840-001,REX-4259,DAL,2023-07-03,10000
BCLE25105370-002,REX-4259,CLE,2025-10-18,10000
BATL24073495-003,REX-4259,DAL,2024-07-13,10000
BPHX24116006-004,REX-4259,CLE,2024-11-29,10000
BCHI23063560-005,REX-4259,DAL,2023-06-11,10000
BCLE25023156-006,REX-4259,DAL,2025-02-01,10000
BCHI24041583-007,REX-4259,PHX,2024-04-21,10000
BCLE25112493-008,REX-4259,ATL,2025-11-24,10000
BCLE24126722-009,REX-4259,ATL,2024-12-08,10000
BCHI24095160-010,REX-4259,CLE,2024-09-27,10000
BCLE25086458-011,REX-4259,PHX,2025-08-21,10000
BDAL24109129-012,REX-4259,CLE,2024-10-05,10000
BPHX25034778-013,REX-4259,ATL,2025-03-14,10000
BATL25115549-014,REX-4259,PHX,2025-11-20,10000
BCLE24058054-015,REX-4259,CLE,2024-05-18,10000
BATL25042219-016,REX-4259,CHI,2025-04-20,10000
BPHX25014890-017,REX-4259,DAL,2025-01-16,10000
BCLE23091012-018,REX-4259,PHX,2023-09-27,10000
BCLE25066122-019,REX-4259,CLE,2025-06-11,10000
BATL24081896-020,REX-4259,DAL,2024-08-15,10000
BCHI25026873-021,REX-4259,PHX,2025-02-28,10000
BPHX25072267-022,REX-4259,DAL,2025-07-01,10000
BATL24017921-023,REX-4259,CLE,2024-01-24,10000
BCLE25101621-024,REX-4259,CLE,2025-10-31,10000
BCLE23045661-025,REX-4259,PHX,2023-04-01,10000
BCLE23074547-026,REX-4259,CHI,2023-07-16,10000
BPHX23119412-027,REX-4259,CHI,2023-11-01,10000
BCHI25102608-028,REX-4259,CHI,2025-10-22,10000
BCLE24025604-029,REX-4259,PHX,2024-02-29,10000
BPHX23084982-030,REX-4259,CHI,2023-08-23,10000
BPHX23089327-031,REX-4259,PHX,2023-08-22,10000
BCLE24129641-032,REX-4259,DAL,2024-12-22,10000
BCHI25051749-033,REX-4259,DAL,2025-05-11,10000
BCHI23037255-034,REX-4259,DAL,2023-03-14,10000
BCHI25039786-035,REX-4259,ATL,2025-03-30,10000
BPHX25023885-036,REX-4259,CHI,2025-02-17,10000
BCLE23038850-037,REX-4259,ATL,2023-03-12,10000
BATL25091029-038,REX-4259,CHI,2025-09-26,10000
BDAL23088330-039,REX-4259,ATL,2023-08-18,10000
BPHX24014453-040,REX-4259,DAL,2024-01-31,10000
BDAL25051290-041,REX-4259,PHX,2025-05-10,10000
BATL25111471-042,REX-4259,CHI,2025-11-22,10000
BCLE24037559-043,REX-4259,CHI,2024-03-30,10000
BCHI25067082-044,REX-4259,CLE,2025-06-27,10000
BDAL24065653-045,REX-4259,CHI,2024-06-06,10000
BPHX24028560-046,REX-4259,CLE,2024-02-23,10000
BPHX24068877-047,REX-4259,DAL,2024-06-16,10000
BPHX23037208-048,REX-4259,CHI,2023-03-14,10000
BPHX25118363-049,REX-4259,DAL,2025-11-20,10000
BCHI23056531-050,REX-4259,PHX,2023-05-21,10000
BCLE23077962-051,REX-4259,DAL,2023-07-26,10000
BPHX24121744-052,REX-4259,DAL,2024-12-26,10000
BPHX25014395-053,REX-4259,DAL,2025-01-18,10000
BCLE24059253-054,REX-4259,CLE,2024-05-24,10000
BATL25063401-055,REX-4259,CLE,2025-06-17,10000
BATL23036726-056,REX-4259,CHI,2023-03-08,10000
BPHX24126427-057,REX-4259,ATL,2024-12-09,10000
BPHX24058812-058,REX-4259,PHX,2024-05-06,10000
BCLE24054277-059,REX-4259,CLE,2024-05-10,10000
BPHX25028881-060,REX-4259,CLE,2025-02-14,10000
BPHX23112765-061,REX-4259,DAL,2023-11-26,10000
BCHI24088872-062,REX-4259,ATL,2024-08-02,10000
BCLE23013352-063,REX-4259,DAL,2023-01-26,10000
BATL23047143-064,REX-4259,DAL,2023-04-28,10000
BDAL24111389-065,REX-4259,CLE,2024-11-21,10000
BDAL24121513-066,REX-4259,CHI,2024-12-01,10000
BCHI23034420-067,REX-4259,CHI,2023-03-16,10000
BPHX25108507-068,REX-4259,ATL,2025-10-12,10000
BCHI25128836-069,REX-4259,ATL,2025-12-01,10000
BPHX24092595-070,REX-4259,PHX,2024-09-26,10000
BCLE24034312-071,REX-4259,DAL,2024-03-15,10000
BCHI24054600-072,REX-4259,CLE,2024-05-24,10000
BCLE23022302-073,REX-4259,DAL,2023-02-26,10000
BDAL24043578-074,REX-4259,CHI,2024-04-02,10000
BCHI24094703-075,REX-4259,CLE,2024-09-21,10000
BDAL25102742-076,REX-4259,PHX,2025-10-04,10000
BDAL25045447-077,REX-4259,PHX,2025-04-25,10000
BATL25039388-078,REX-4259,CHI,2025-03-04,10000
BATL25106885-079,REX-4259,CLE,2025-10-13,10000
BATL25023380-080,REX-4259,DAL,2025-02-12,10000
BPHX23116362-081,REX-4259,PHX,2023-11-14,10000
BCLE23043718-082,REX-4259,ATL,2023-04-25,10000
BCLE24053124-083,REX-4259,ATL,2024-05-26,10000
BCLE24087099-084,REX-4259,PHX,2024-08-10,10000
BPHX25082672-085,REX-4259,ATL,2025-08-16,10000
BCLE25017045-086,REX-4259,CHI,2025-01-06,10000
BDAL23032675-087,REX-4259,CHI,2023-03-31,10000
BCHI23121196-088,REX-4259,DAL,2023-12-06,10000
BPHX23057595-089,REX-4259,PHX,2023-05-23,10000
BCHI23032880-000,REX-4266,ATL,2023-03-30,10000
BCHI24033082-001,REX-4266,PHX,2024-03-21,10000
BDAL24088961-002,REX-4266,CHI,2024-08-24,10000
BCHI23037252-003,REX-4266,ATL,2023-03-10,10000
BCLE25056347-004,REX-4266,ATL,2025-05-02,10000
BPHX25086291-005,REX-4266,CHI,2025-08-28,10000
BDAL24075963-006,REX-4266,ATL,2024-07-31,10000
BATL23013622-007,REX-4266,DAL,2023-01-31,10000
BDAL23119793-008,REX-4266,CHI,2023-11-02,10000
BATL25032155-009,REX-4266,ATL,2025-03-15,10000
BATL25088569-010,REX-4266,CLE,2025-08-03,10000
BDAL24091680-011,REX-4266,ATL,2024-09-06,10000
BCLE23059732-012,REX-4266,CLE,2023-05-31,10000
BPHX23117236-013,REX-4266,CHI,2023-11-09,10000
BDAL23092991-014,REX-4266,CHI,2023-09-07,10000
BCHI24057697-015,REX-4266,CLE,2024-05-24,10000
BCLE25021401-016,REX-4266,DAL,2025-02-23,10000
BCLE25079214-017,REX-4266,CHI,2025-07-19,10000
BCLE23093051-018,REX-4266,DAL,2023-09-12,10000
BCHI25023343-019,REX-4266,DAL,2025-02-13,10000
BPHX25094463-020,REX-4266,DAL,2025-09-22,10000
BCLE23054611-021,REX-4266,DAL,2023-05-10,10000
BDAL23062527-022,REX-4266,ATL,2023-06-10,10000
BCHI23052698-023,REX-4266,CLE,2023-05-23,10000
BDAL23081159-024,REX-4266,DAL,2023-08-01,10000
BATL23063565-025,REX-4266,DAL,2023-06-25,10000
BPHX23081036-026,REX-4266,DAL,2023-08-26,10000
BPHX24091631-027,REX-4266,CHI,2024-09-30,10000
BPHX25011022-028,REX-4266,CHI,2025-01-09,10000
BCLE24077330-029,REX-4266,PHX,2024-07-16,10000
BDAL23079246-030,REX-4266,PHX,2023-07-24,10000
BCLE24031356-031,REX-4266,ATL,2024-03-11,10000
BDAL23086794-032,REX-4266,PHX,2023-08-03,10000
BDAL24078762-033,REX-4266,ATL,2024-07-10,10000
BPHX23116375-034,REX-4266,PHX,2023-11-09,10000
BCLE24078454-035,REX-4266,DAL,2024-07-04,10000
BATL23024519-036,REX-4266,PHX,2023-02-25,10000
BDAL24069605-037,REX-4266,PHX,2024-06-27,10000
BCHI23014762-038,REX-4266,ATL,2023-01-08,10000
BATL23087441-039,REX-4266,CHI,2023-08-07,10000
BCLE24084044-040,REX-4266,PHX,2024-08-14,10000
BCLE24091070-041,REX-4266,PHX,2024-09-07,10000
BATL23023749-042,REX-4266,PHX,2023-02-04,10000
BDAL25074829-043,REX-4266,CLE,2025-07-12,10000
BDAL23049010-044,REX-4266,PHX,2023-04-04,10000
BCLE24051593-045,REX-4266,CLE,2024-05-09,10000
BCHI23027652-046,REX-4266,DAL,2023-02-24,10000
BPHX24082550-047,REX-4266,ATL,2024-08-27,10000
BATL24107490-048,REX-4266,CLE,2024-10-21,10000
BDAL25031349-049,REX-4266,CLE,2025-03-06,10000
BPHX24075761-050,REX-4266,CHI,2024-07-29,10000
BPHX25035920-051,REX-4266,CHI,2025-03-30,10000
BCHI25029500-052,REX-4266,CHI,2025-02-14,10000
BCHI24075134-053,REX-4266,CHI,2024-07-10,10000
BPHX23051198-054,REX-4266,ATL,2023-05-23,10000
BCLE25041415-055,REX-4266,CLE,2025-04-10,10000
BPHX25071064-056,REX-4266,CLE,2025-07-22,10000
BPHX25064635-057,REX-4266,PHX,2025-06-29,10000
BCHI24106078-058,REX-4266,CHI,2024-10-03,10000
BATL24021605-059,REX-4266,PHX,2024-02-09,10000
BCLE23072210-060,REX-4266,PHX,2023-07-31,10000
BCHI23087932-061,REX-4266,CLE,2023-08-07,10000
BDAL23031387-062,REX-4266,ATL,2023-03-16,10000
BDAL23075695-063,REX-4266,DAL,2023-07-10,10000
BDAL23066475-064,REX-4266,CHI,2023-06-26,10000
BPHX25055576-065,REX-4266,ATL,2025-05-16,10000
BATL24049503-066,REX-4266,DAL,2024-04-20,10000
BDAL25047128-067,REX-4266,ATL,2025-04-13,10000
BCHI24042784-068,REX-4266,PHX,2024-04-13,10000
BATL23024836-069,REX-4266,DAL,2023-02-24,10000
BCLE24051907-070,REX-4266,DAL,2024-05-14,10000
BPHX24017622-071,REX-4266,DAL,2024-01-04,10000
BPHX24032829-072,REX-4266,CHI,2024-03-15,10000
BPHX25094856-073,REX-4266,CLE,2025-09-05,10000
BATL25075971-074,REX-4266,PHX,2025-07-19,10000
BDAL23119299-075,REX-4266,PHX,2023-11-13,10000
BATL23116717-076,REX-4266,CHI,2023-11-08,10000
BDAL25024991-077,REX-4266,CHI,2025-02-09,10000
BPHX23117357-078,REX-4266,CHI,2023-11-11,10000
BCLE25075272-079,REX-4266,CLE,2025-07-17,10000
BDAL24054289-080,REX-4266,CLE,2024-05-09,10000
BCHI25097398-081,REX-4266,PHX,2025-09-13,10000
BPHX23031096-082,REX-4266,DAL,2023-03-10,10000
BCHI25012659-083,REX-4266,PHX,2025-01-15,10000
BDAL24048577-084,REX-4266,CHI,2024-04-13,10000
BCLE23092989-085,REX-4266,PHX,2023-09-14,10000
BDAL23101401-086,REX-4266,PHX,2023-10-07,10000
BDAL24015308-087,REX-4266,PHX,2024-01-20,10000
BPHX24094418-088,REX-4266,CHI,2024-09-11,10000
BCLE25072665-089,REX-4266,DAL,2025-07-06,10000
BDAL24118962-090,REX-4266,CLE,2024-11-02,10000
BCHI24044888-091,REX-4266,DAL,2024-04-17,10000
BPHX23092622-092,REX-4266,CHI,2023-09-28,10000
BPHX25033472-093,REX-4266,DAL,2025-03-20,10000
BATL24101897-094,REX-4266,DAL,2024-10-21,10000
BCHI23023844-095,REX-4266,PHX,2023-02-18,10000
BCLE23041784-096,REX-4266,CLE,2023-04-20,10000
BCLE23082362-097,REX-4266,DAL,2023-08-16,10000
BCLE25057803-098,REX-4266,CLE,2025-05-18,10000
BATL25075225-099,REX-4266,DAL,2025-07-30,10000
BCLE25113282-100,REX-4266,CLE,2025-11-19,10000
BCLE24041768-101,REX-4266,CHI,2024-04-18,10000
BATL25114165-102,REX-4266,CHI,2025-11-14,10000
BPHX24091839-103,REX-4266,CHI,2024-09-12,10000
BPHX25043094-104,REX-4266,ATL,2025-04-09,10000
BCLE24032005-105,REX-4266,DAL,2024-03-22,10000
BCHI24063045-106,REX-4266,PHX,2024-06-21,10000
BATL25087761-107,REX-4266,DAL,2025-08-12,10000
BPHX24102150-108,REX-4266,CHI,2024-10-11,10000
BATL23102176-109,REX-4266,CHI,2023-10-11,10000
BATL23101343-110,REX-4266,PHX,2023-10-06,10000
BCLE24039622-111,REX-4266,PHX,2024-03-12,10000
BCLE24088875-112,REX-4266,PHX,2024-08-11,10000
BATL23051476-113,REX-4266,ATL,2023-05-10,10000
BPHX24015289-114,REX-4266,CLE,2024-01-24,10000
BCHI25064911-115,REX-4266,PHX,2025-06-12,10000
BATL25116191-116,REX-4266,CHI,2025-11-03,10000
BPHX23058576-117,REX-4266,PHX,2023-05-16,10000
BCLE24074994-118,REX-4266,ATL,2024-07-14,10000
BCHI24042109-119,REX-4266,CHI,2024-04-06,10000
BATL24046624-120,REX-4266,ATL,2024-04-12,10000
BPHX23118441-121,REX-4266,CLE,2023-11-02,10000
BPHX23124938-122,REX-4266,PHX,2023-12-25,10000
BCHI24066257-123,REX-4266,ATL,2024-06-16,10000
BDAL24014031-124,REX-4266,CHI,2024-01-17,10000
BDAL25045229-125,REX-4266,DAL,2025-04-28,10000
BDAL25125068-126,REX-4266,PHX,2025-12-01,10000
BCHI25062850-127,REX-4266,CLE,2025-06-09,10000
BDAL23064646-128,REX-4266,ATL,2023-06-02,10000
BPHX23045218-129,REX-4266,CLE,2023-04-05,10000
BCLE25116250-130,REX-4266,CHI,2025-11-30,10000
BPHX25102395-131,REX-4266,DAL,2025-10-20,10000
BDAL24101914-132,REX-4266,PHX,2024-10-11,10000
BPHX23129694-133,REX-4266,PHX,2023-12-08,10000
BATL23046838-134,REX-4266,CHI,2023-04-17,10000
BATL23071259-135,REX-4266,DAL,2023-07-20,10000
BATL25038667-136,REX-4266,ATL,2025-03-10,10000
BPHX23083925-137,REX-4266,PHX,2023-08-27,10000
BCLE25034544-138,REX-4266,ATL,2025-03-20,10000
BDAL24019334-139,REX-4266,DAL,2024-01-25,10000
BCHI23051109-140,REX-4266,ATL,2023-05-29,10000
BDAL24109023-141,REX-4266,PHX,2024-10-16,10000
BPHX24044204-142,REX-4266,CHI,2024-04-10,10000
BPHX25016174-143,REX-4266,DAL,2025-01-05,10000
BCHI23053392-144,REX-4266,DAL,2023-05-19,10000
BDAL25072398-145,REX-4266,CLE,2025-07-13,10000
BPHX23054548-146,REX-4266,PHX,2023-05-12,10000
BCLE25074578-147,REX-4266,CHI,2025-07-22,10000
BATL25056818-148,REX-4266,PHX,2025-05-21,10000
BPHX25082705-149,REX-4266,CLE,2025-08-06,10000
BDAL23115778-150,REX-4266,ATL,2023-11-25,10000
BATL24021501-151,REX-4266,CLE,2024-02-25,10000
BDAL23037519-152,REX-4266,ATL,2023-03-29,10000
BCHI23033394-153,REX-4266,CHI,2023-03-07,10000
BDAL23123282-154,REX-4266,CHI,2023-12-07,10000
BATL25083806-155,REX-4266,CLE,2025-08-13,10000
BPHX23039547-156,REX-4266,CHI,2023-03-22,10000
BCLE24023814-157,REX-4266,PHX,2024-02-20,10000
BPHX24046785-158,REX-4266,DAL,2024-04-15,10000
BATL24124012-159,REX-4266,CLE,2024-12-15,10000
BATL25081107-160,REX-4266,CLE,2025-08-24,10000
BCLE25075832-161,REX-4266,ATL,2025-07-08,10000
BDAL25082136-162,REX-4266,PHX,2025-08-20,10000
BPHX23118043-163,REX-4266,ATL,2023-11-25,10000
BDAL25032084-164,REX-4266,ATL,2025-03-21,10000
BDAL24116439-165,REX-4266,CLE,2024-11-01,10000
BCLE23026954-166,REX-4266,CLE,2023-02-09,10000
BCHI23032881-167,REX-4266,CHI,2023-03-08,10000
BCHI24095193-168,REX-4266,ATL,2024-09-13,10000
BPHX23093833-169,REX-4266,ATL,2023-09-21,10000
BCLE23044437-170,REX-4266,PHX,2023-04-08,10000
BPHX23013205-171,REX-4266,ATL,2023-01-22,10000
BDAL24051627-172,REX-4266,ATL,2024-05-07,10000
BCLE24044119-173,REX-4266,DAL,2024-04-17,10000
BDAL23104235-174,REX-4266,PHX,2023-10-19,10000
BATL24112879-175,REX-4266,PHX,2024-11-08,10000
BCHI23101493-176,REX-4266,CHI,2023-10-17,10000
BPHX23087494-177,REX-4266,ATL,2023-08-18,10000
BPHX23097984-178,REX-4266,CHI,2023-09-11,10000
BCHI25028720-179,REX-4266,DAL,2025-02-28,10000
BATL23014380-180,REX-4266,CLE,2023-01-19,10000
BDAL24065562-181,REX-4266,DAL,2024-06-04,10000
BCLE23057382-182,REX-4266,CLE,2023-05-12,10000
BPHX25065323-183,REX-4266,CHI,2025-06-11,10000
BCLE25081501-184,REX-4266,CHI,2025-08-08,10000
BDAL24086427-185,REX-4266,CHI,2024-08-11,10000
BCLE23026393-186,REX-4266,CLE,2023-02-26,10000
BPHX25095904-187,REX-4266,ATL,2025-09-30,10000
BATL25049449-188,REX-4266,CLE,2025-04-25,10000
BDAL23092571-189,REX-4266,CLE,2023-09-23,10000
BCLE25016207-190,REX-4266,CLE,2025-01-04,10000
BCHI25047810-191,REX-4266,CLE,2025-04-15,10000
BCLE24026405-192,REX-4266,ATL,2024-02-04,10000
BDAL24113618-193,REX-4266,ATL,2024-11-09,10000
BATL23111786-194,REX-4266,DAL,2023-11-30,10000
BCHI25104163-195,REX-4266,PHX,2025-10-27,10000
BDAL25064850-196,REX-4266,DAL,2025-06-30,10000
BCLE24076014-197,REX-4266,PHX,2024-07-09,10000
BATL25046568-198,REX-4266,ATL,2025-04-08,10000
BCLE25012745-199,REX-4266,CLE,2025-01-15,10000
BDAL23083607-200,REX-4266,DAL,2023-08-26,10000
BCHI24108133-201,REX-4266,ATL,2024-10-16,10000
BPHX25089901-202,REX-4266,CHI,2025-08-06,10000
BPHX23121661-203,REX-4266,ATL,2023-12-29,10000
BPHX23065527-204,REX-4266,CHI,2023-06-18,10000
BATL23021325-205,REX-4266,DAL,2023-02-08,10000
BCHI25019314-206,REX-4266,CLE,2025-01-04,10000
BCLE25089905-207,REX-4266,PHX,2025-08-22,10000
BDAL23053150-208,REX-4266,ATL,2023-05-19,10000
BDAL24036381-209,REX-4266,DAL,2024-03-26,10000
BCHI25013966-210,REX-4266,CLE,2025-01-16,10000
BDAL24107664-211,REX-4266,PHX,2024-10-29,10000
BPHX24109125-212,REX-4266,CHI,2024-10-19,10000
BCLE23064086-213,REX-4266,PHX,2023-06-30,10000
BCLE24046004-214,REX-4266,DAL,2024-04-02,10000
BPHX25083339-215,REX-4266,PHX,2025-08-15,10000
BDAL24052705-216,REX-4266,CLE,2024-05-27,10000
BCLE25036843-217,REX-4266,CHI,2025-03-07,10000
BCLE25082786-218,REX-4266,DAL,2025-08-09,10000
BATL23122905-219,REX-4266,ATL,2023-12-10,10000
BPHX24029547-220,REX-4266,CHI,2024-02-17,10000
BCLE25021127-221,REX-4266,CHI,2025-02-08,10000
BDAL24028512-222,REX-4266,PHX,2024-02-05,10000
BATL23059316-223,REX-4266,CHI,2023-05-25,10000
BCHI25114723-224,REX-4266,CLE,2025-11-23,10000
BDAL25107396-225,REX-4266,CLE,2025-10-12,10000
BATL23088850-226,REX-4266,CHI,2023-08-28,10000
BPHX23092722-227,REX-4266,DAL,2023-09-17,10000
BCLE25034609-228,REX-4266,ATL,2025-03-17,10000
BCHI25099504-229,REX-4266,DAL,2025-09-21,10000
BCHI23106988-230,REX-4266,CHI,2023-10-26,10000
BPHX25119397-231,REX-4266,CLE,2025-11-14,10000
BATL24068658-232,REX-4266,PHX,2024-06-12,10000
BCLE24051140-233,REX-4266,CLE,2024-05-12,10000
BATL25089133-234,REX-4266,CHI,2025-08-21,10000
BCHI24085869-235,REX-4266,DAL,2024-08-05,10000
BPHX24105139-236,REX-4266,DAL,2024-10-02,10000
BCLE24071708-237,REX-4266,PHX,2024-07-21,10000
BCHI25043791-238,REX-4266,PHX,2025-04-05,10000
BPHX23106625-239,REX-4266,DAL,2023-10-05,10000
BDAL24048404-240,REX-4266,DAL,2024-04-20,10000
BPHX23081507-241,REX-4266,DAL,2023-08-12,10000
BDAL24059444-242,REX-4266,ATL,2024-05-25,10000
BDAL25111887-243,REX-4266,PHX,2025-11-22,10000
BDAL25059294-244,REX-4266,DAL,2025-05-28,10000
BCHI25074653-245,REX-4266,PHX,2025-07-11,10000
BPHX24112180-246,REX-4266,PHX,2024-11-06,10000
BCHI25096069-247,REX-4266,ATL,2025-09-03,10000
BCLE24099008-248,REX-4266,ATL,2024-09-19,10000
BPHX23042603-249,REX-4266,PHX,2023-04-27,10000
BPHX25082538-250,REX-4266,ATL,2025-08-11,10000
BCLE24101042-251,REX-4266,PHX,2024-10-09,10000
BCHI25114570-252,REX-4266,PHX,2025-11-06,10000
BATL23114125-253,REX-4266,ATL,2023-11-17,10000
BDAL25105628-254,REX-4266,CLE,2025-10-23,10000
BATL24047697-255,REX-4266,CHI,2024-04-28,10000
BATL24116456-256,REX-4266,CLE,2024-11-27,10000
BATL24012425-257,REX-4266,ATL,2024-01-19,10000
BDAL25034204-258,REX-4266,ATL,2025-03-15,10000
BATL25076137-259,REX-4266,DAL,2025-07-28,10000
BDAL23098380-260,REX-4266,ATL,2023-09-01,10000
BCHI24061878-261,REX-4266,ATL,2024-06-21,10000
BATL23105025-262,REX-4266,DAL,2023-10-14,10000
BPHX25092226-263,REX-4266,DAL,2025-09-14,10000
BCHI25056402-264,REX-4266,CLE,2025-05-18,10000
BDAL24056143-265,REX-4266,DAL,2024-05-12,10000
BPHX24121686-266,REX-4266,ATL,2024-12-06,10000
BCLE23037735-267,REX-4266,CLE,2023-03-17,10000
BDAL25082206-268,REX-4266,ATL,2025-08-21,10000
BDAL25055349-269,REX-4266,DAL,2025-05-06,10000
BPHX24077416-270,REX-4266,CLE,2024-07-15,10000
BCLE23115084-271,REX-4266,CHI,2023-11-24,10000
BATL23078825-272,REX-4266,CLE,2023-07-10,10000
BDAL25051486-273,REX-4266,PHX,2025-05-07,10000
BCLE25043520-274,REX-4266,ATL,2025-04-09,10000
BCHI23114880-275,REX-4266,CLE,2023-11-03,10000
BPHX25015850-276,REX-4266,DAL,2025-01-16,10000
BCHI25056778-277,REX-4266,ATL,2025-05-08,10000
BDAL23017078-278,REX-4266,DAL,2023-01-09,10000
BDAL24106455-279,REX-4266,CLE,2024-10-25,10000
BPHX23094477-280,REX-4266,DAL,2023-09-16,10000
BCLE25059187-281,REX-4266,PHX,2025-05-27,10000
BCHI25096105-282,REX-4266,ATL,2025-09-24,10000
BATL24048997-283,REX-4266,PHX,2024-04-20,10000
BCHI24012011-284,REX-4266,DAL,2024-01-28,10000
BCLE25041478-285,REX-4266,CHI,2025-04-21,10000
BATL23127558-286,REX-4266,CHI,2023-12-31,10000
BATL25027948-287,REX-4266,CHI,2025-02-11,10000
BATL23024010-288,REX-4266,ATL,2023-02-05,10000
BCHI23058276-289,REX-4266,DAL,2023-05-08,10000
BCLE24117560-290,REX-4266,CLE,2024-11-21,10000
BCHI25071608-291,REX-4266,PHX,2025-07-26,10000
BCLE25082099-292,REX-4266,DAL,2025-08-04,10000
BATL23081633-293,REX-4266,CLE,2023-08-09,10000
BCHI24024420-294,REX-4266,DAL,2024-02-29,10000
BCHI24091543-295,REX-4266,PHX,2024-09-25,10000
BCHI25068792-296,REX-4266,ATL,2025-06-12,10000
BPHX23083987-297,REX-4266,CLE,2023-08-23,10000
BATL24024788-298,REX-4266,CHI,2024-02-01,10000
BCHI23053581-299,REX-4266,CHI,2023-05-29,10000
BCHI25023403-300,REX-4266,CLE,2025-02-12,10000
BDAL23014675-301,REX-4266,CLE,2023-01-06,10000
BCLE25093615-302,REX-4266,ATL,2025-09-10,10000
BCLE25051911-303,REX-4266,CHI,2025-05-05,10000
BATL23099370-304,REX-4266,ATL,2023-09-15,10000
BPHX25085583-305,REX-4266,ATL,2025-08-06,10000
BCLE25076170-306,REX-4266,DAL,2025-07-18,10000
BPHX24109871-307,REX-4266,CHI,2024-10-25,10000
BATL25069970-308,REX-4266,ATL,2025-06-30,10000
BPHX23054170-309,REX-4266,ATL,2023-05-08,10000
BCHI23111422-310,REX-4266,CLE,2023-11-22,10000
BPHX23121868-311,REX-4266,DAL,2023-12-09,10000
BPHX24067866-312,REX-4266,DAL,2024-06-13,10000
BCHI25106309-313,REX-4266,ATL,2025-10-27,10000
BPHX24077690-314,REX-4266,CLE,2024-07-08,10000
BCLE25057989-315,REX-4266,DAL,2025-05-03,10000
BATL25065211-316,REX-4266,DAL,2025-06-20,10000
BDAL23128553-317,REX-4266,ATL,2023-12-29,10000
BCHI25078631-318,REX-4266,DAL,2025-07-16,10000
BPHX25089969-319,REX-4266,CHI,2025-08-19,10000
BCLE24068233-320,REX-4266,CLE,2024-06-18,10000
BPHX24076211-321,REX-4266,PHX,2024-07-12,10000
BPHX25081866-322,REX-4266,PHX,2025-08-16,10000
BATL23069420-323,REX-4266,CHI,2023-06-26,10000
BATL25079941-324,REX-4266,DAL,2025-07-18,10000
BPHX23119559-325,REX-4266,CLE,2023-11-14,10000
BCHI23103402-326,REX-4266,PHX,2023-10-07,10000
BPHX23055213-327,REX-4266,CLE,2023-05-26,10000
BCLE25061021-328,REX-4266,DAL,2025-06-15,10000
BPHX24022221-329,REX-4266,CHI,2024-02-06,10000
BCLE25056483-330,REX-4266,PHX,2025-05-18,10000
BCHI25039442-331,REX-4266,CLE,2025-03-25,10000
BCLE24027576-332,REX-4266,PHX,2024-02-17,10000
BPHX24097024-333,REX-4266,CLE,2024-09-17,10000
BPHX23109580-334,REX-4266,ATL,2023-10-23,10000
BATL23095300-000,REX-4273,ATL,2023-09-10,10000
BATL25017112-001,REX-4273,DAL,2025-01-09,10000
BPHX23061295-002,REX-4273,CLE,2023-06-20,10000
BCHI23065287-003,REX-4273,CHI,2023-06-25,10000
BCHI23028208-004,REX-4273,CLE,2023-02-10,10000
BPHX23081019-005,REX-4273,CHI,2023-08-31,10000
BPHX25032683-006,REX-4273,DAL,2025-03-30,10000
BCLE23128856-007,REX-4273,PHX,2023-12-16,10000
BCLE23078721-008,REX-4273,DAL,2023-07-31,10000
BDAL23044704-009,REX-4273,ATL,2023-04-30,10000
BCHI25057111-010,REX-4273,PHX,2025-05-19,10000
BPHX25023484-011,REX-4273,DAL,2025-02-15,10000
BCLE25041879-012,REX-4273,DAL,2025-04-24,10000
BCLE23051573-013,REX-4273,CHI,2023-05-18,10000
BCLE23018683-014,REX-4273,CLE,2023-01-02,10000
BPHX23086932-015,REX-4273,CLE,2023-08-06,10000
BCLE23127098-016,REX-4273,CLE,2023-12-28,10000
BDAL23115735-017,REX-4273,CHI,2023-11-01,10000
BATL25084762-018,REX-4273,CHI,2025-08-27,10000
BCLE23122341-019,REX-4273,CLE,2023-12-26,10000
BCHI23128711-020,REX-4273,DAL,2023-12-19,10000
BDAL25088548-021,REX-4273,DAL,2025-08-27,10000
BCHI24047918-022,REX-4273,DAL,2024-04-16,10000
BDAL25075168-023,REX-4273,ATL,2025-07-13,10000
BATL24127284-024,REX-4273,CHI,2024-12-10,10000
BATL24061920-025,REX-4273,DAL,2024-06-12,10000
BPHX23065656-026,REX-4273,CLE,2023-06-20,10000
BATL24128222-027,REX-4273,DAL,2024-12-16,10000
BDAL23032522-028,REX-4273,ATL,2023-03-22,10000
BPHX24054764-029,REX-4273,PHX,2024-05-03,10000
BPHX25058328-030,REX-4273,PHX,2025-05-17,10000
BPHX23081078-031,REX-4273,CHI,2023-08-24,10000
BDAL24109133-032,REX-4273,CLE,2024-10-17,10000
BDAL25071760-033,REX-4273,DAL,2025-07-26,10000
BCHI24097405-034,REX-4273,CHI,2024-09-02,10000
BCLE25115506-035,REX-4273,DAL,2025-11-08,10000
BCHI23031955-036,REX-4273,ATL,2023-03-13,10000
BCHI24117566-037,REX-4273,ATL,2024-11-22,10000
BCLE24086824-038,REX-4273,PHX,2024-08-03,10000
BDAL24066418-039,REX-4273,CLE,2024-06-07,10000
BATL25063992-040,REX-4273,DAL,2025-06-13,10000
BATL25026199-041,REX-4273,ATL,2025-02-04,10000
BCHI25062790-042,REX-4273,CLE,2025-06-22,10000
BCLE23081929-043,REX-4273,CHI,2023-08-27,10000
BCLE25019752-044,REX-4273,DAL,2025-01-31,10000
BPHX25049383-045,REX-4273,CHI,2025-04-20,10000
BCHI24104643-046,REX-4273,ATL,2024-10-20,10000
BATL23066848-047,REX-4273,CHI,2023-06-06,10000
BCLE25049193-048,REX-4273,ATL,2025-04-23,10000
BPHX23044253-049,REX-4273,DAL,2023-04-18,10000
BCLE23013559-050,REX-4273,ATL,2023-01-18,10000
BDAL25053537-051,REX-4273,DAL,2025-05-07,10000
BATL25101141-052,REX-4273,DAL,2025-10-11,10000
BDAL24119956-053,REX-4273,ATL,2024-11-10,10000
BPHX25119979-054,REX-4273,CLE,2025-11-24,10000
BCLE23105618-055,REX-4273,PHX,2023-10-16,10000
BCHI24069844-056,REX-4273,DAL,2024-06-07,10000
BDAL25077333-057,REX-4273,CLE,2025-07-04,10000
BATL24085061-058,REX-4273,PHX,2024-08-26,10000
BPHX23089972-059,REX-4273,DAL,2023-08-01,10000
BATL25082320-060,REX-4273,DAL,2025-08-29,10000
BCLE25058504-061,REX-4273,ATL,2025-05-30,10000
BDAL25109770-062,REX-4273,CLE,2025-10-19,10000
BDAL24073360-063,REX-4273,CHI,2024-07-09,10000
BPHX24018307-064,REX-4273,PHX,2024-01-06,10000
BCHI25108454-065,REX-4273,CHI,2025-10-28,10000
BPHX25086417-066,REX-4273,DAL,2025-08-02,10000
BDAL24079400-067,REX-4273,DAL,2024-07-24,10000
BDAL25072134-068,REX-4273,ATL,2025-07-14,10000
BCLE24072893-069,REX-4273,CHI,2024-07-22,10000
BCHI23104490-070,REX-4273,PHX,2023-10-06,10000
BDAL23018126-071,REX-4273,ATL,2023-01-07,10000
BDAL25072048-072,REX-4273,CHI,2025-07-18,10000
BDAL24037174-073,REX-4273,ATL,2024-03-03,10000
BCHI25111445-074,REX-4273,CLE,2025-11-22,10000
BDAL23119650-075,REX-4273,DAL,2023-11-10,10000
BPHX24084971-076,REX-4273,PHX,2024-08-26,10000
BPHX24122946-077,REX-4273,CLE,2024-12-16,10000
BPHX25017587-078,REX-4273,ATL,2025-01-07,10000
BATL23092017-079,REX-4273,PHX,2023-09-28,10000
BPHX23026493-080,REX-4273,CHI,2023-02-27,10000
BCHI24051495-081,REX-4273,DAL,2024-05-31,10000
BCLE24047205-082,REX-4273,CLE,2024-04-20,10000
BATL23098364-083,REX-4273,DAL,2023-09-26,10000
BATL24051866-084,REX-4273,ATL,2024-05-09,10000
BATL25069061-085,REX-4273,CLE,2025-06-20,10000
BATL25045657-086,REX-4273,DAL,2025-04-27,10000
BDAL25077854-087,REX-4273,ATL,2025-07-24,10000
BCLE23053130-088,REX-4273,CLE,2023-05-09,10000
BCHI24031234-089,REX-4273,PHX,2024-03-05,10000
BCHI24018999-090,REX-4273,CHI,2024-01-16,10000
BPHX23047818-091,REX-4273,CLE,2023-04-08,10000
BDAL24106680-092,REX-4273,CHI,2024-10-15,10000
BDAL25119414-093,REX-4273,PHX,2025-11-11,10000
BATL25026794-094,REX-4273,PHX,2025-02-10,10000
BDAL24102309-095,REX-4273,CHI,2024-10-29,10000
BATL23029556-096,REX-4273,ATL,2023-02-28,10000
BATL24112245-097,REX-4273,ATL,2024-11-24,10000
BPHX25021679-098,REX-4273,DAL,2025-02-19,10000
BPHX24079617-099,REX-4273,DAL,2024-07-12,10000
BCHI23129216-100,REX-4273,ATL,2023-12-26,10000
BPHX24081589-101,REX-4273,DAL,2024-08-09,10000
BCLE23114973-102,REX-4273,CLE,2023-11-12,10000
BATL24039853-103,REX-4273,CHI,2024-03-27,10000
BCLE25073745-104,REX-4273,ATL,2025-07-31,10000
BCLE23114407-105,REX-4273,PHX,2023-11-23,10000
BCHI25028151-106,REX-4273,DAL,2025-02-20,10000
BPHX23098873-107,REX-4273,CHI,2023-09-17,10000
BATL25038003-108,REX-4273,CHI,2025-03-08,10000
BATL24118720-109,REX-4273,ATL,2024-11-23,10000
BPHX25081476-110,REX-4273,ATL,2025-08-05,10000
BCLE23119287-111,REX-4273,PHX,2023-11-03,10000
BCHI25074710-112,REX-4273,DAL,2025-07-08,10000
BCLE25061118-113,REX-4273,PHX,2025-06-15,10000
BCHI24014728-114,REX-4273,ATL,2024-01-08,10000
BDAL24067033-115,REX-4273,PHX,2024-06-28,10000
BDAL24057967-116,REX-4273,ATL,2024-05-12,10000
BATL24018420-117,REX-4273,PHX,2024-01-31,10000
BCLE23035172-118,REX-4273,DAL,2023-03-16,10000
BDAL24039695-119,REX-4273,DAL,2024-03-12,10000
BATL25081997-120,REX-4273,ATL,2025-08-20,10000
BATL25083073-121,REX-4273,ATL,2025-08-04,10000
BPHX24121371-122,REX-4273,DAL,2024-12-06,10000
BDAL23121684-123,REX-4273,ATL,2023-12-01,10000
BDAL24116533-124,REX-4273,DAL,2024-11-09,10000
BCHI25044652-125,REX-4273,CHI,2025-04-20,10000
BPHX25071633-126,REX-4273,DAL,2025-07-10,10000
BCLE23087808-127,REX-4273,PHX,2023-08-02,10000
BDAL23057903-128,REX-4273,DAL,2023-05-22,10000
BPHX25034814-129,REX-4273,CHI,2025-03-29,10000
BDAL25037227-130,REX-4273,CHI,2025-03-11,10000
BDAL23015563-131,REX-4273,CHI,2023-01-21,10000
BPHX24069183-132,REX-4273,ATL,2024-06-25,10000
BATL24023921-133,REX-4273,CHI,2024-02-29,10000
BATL23055643-134,REX-4273,CHI,2023-05-25,10000
BDAL24119759-135,REX-4273,PHX,2024-11-07,10000
BCLE25061173-136,REX-4273,PHX,2025-06-15,10000
BATL23115288-137,REX-4273,DAL,2023-11-28,10000
BATL24077909-138,REX-4273,DAL,2024-07-25,10000
BPHX23037759-139,REX-4273,CLE,2023-03-07,10000
BATL24101969-140,REX-4273,CLE,2024-10-23,10000
BCLE23094692-141,REX-4273,ATL,2023-09-21,10000
BCLE25112922-142,REX-4273,ATL,2025-11-13,10000
BPHX25102492-143,REX-4273,PHX,2025-10-30,10000
BCHI23104667-144,REX-4273,ATL,2023-10-22,10000
BPHX24121873-145,REX-4273,DAL,2024-12-29,10000
BCLE23069861-146,REX-4273,CLE,2023-06-05,10000
BDAL23084579-147,REX-4273,ATL,2023-08-28,10000
BDAL25074239-148,REX-4273,DAL,2025-07-25,10000
BPHX25041346-149,REX-4273,ATL,2025-04-06,10000
BPHX25073714-150,REX-4273,CHI,2025-07-10,10000
BCLE25086222-151,REX-4273,PHX,2025-08-01,10000
BCHI25018069-152,REX-4273,CHI,2025-01-19,10000
BPHX25015846-153,REX-4273,DAL,2025-01-23,10000
BDAL25106623-154,REX-4273,CHI,2025-10-10,10000
BDAL25011416-155,REX-4273,DAL,2025-01-29,10000
BATL24107336-156,REX-4273,ATL,2024-10-25,10000
BPHX23062879-157,REX-4273,DAL,2023-06-19,10000
BDAL25115689-158,REX-4273,CLE,2025-11-18,10000
BCHI24046652-159,REX-4273,ATL,2024-04-04,10000
BATL24107012-160,REX-4273,ATL,2024-10-02,10000
BPHX23059676-161,REX-4273,CHI,2023-05-07,10000
BCLE23127461-162,REX-4273,DAL,2023-12-02,10000
BCLE23074030-163,REX-4273,CLE,2023-07-17,10000
BDAL24099051-164,REX-4273,DAL,2024-09-05,10000
BDAL24083440-165,REX-4273,CLE,2024-08-28,10000
BCLE24023220-166,REX-4273,PHX,2024-02-23,10000
BCHI25025293-167,REX-4273,PHX,2025-02-28,10000
BCLE24029403-168,REX-4273,CHI,2024-02-19,10000
BDAL23101928-169,REX-4273,ATL,2023-10-17,10000
BATL25013823-170,REX-4273,CLE,2025-01-12,10000
BDAL23125681-171,REX-4273,CLE,2023-12-12,10000
BCHI23124281-172,REX-4273,PHX,2023-12-21,10000
BDAL24041361-173,REX-4273,CHI,2024-04-23,10000
BCLE24053884-174,REX-4273,CLE,2024-05-28,10000
BDAL23033699-175,REX-4273,DAL,2023-03-21,10000
BCHI25096193-176,REX-4273,CHI,2025-09-06,10000
BCLE23055625-177,REX-4273,PHX,2023-05-06,10000
BCLE24063233-178,REX-4273,ATL,2024-06-01,10000
BDAL23115955-179,REX-4273,PHX,2023-11-12,10000
BCLE23012424-180,REX-4273,CLE,2023-01-17,10000
BDAL24024821-181,REX-4273,DAL,2024-02-22,10000
BDAL25108749-182,REX-4273,CLE,2025-10-25,10000
BATL24028084-183,REX-4273,ATL,2024-02-18,10000
BPHX25089959-184,REX-4273,PHX,2025-08-03,10000
BATL23069086-185,REX-4273,ATL,2023-06-28,10000
BATL24082900-186,REX-4273,CLE,2024-08-17,10000
BCLE23113710-187,REX-4273,CHI,2023-11-05,10000
BATL23069232-188,REX-4273,CLE,2023-06-26,10000
BCLE24042511-189,REX-4273,DAL,2024-04-03,10000
BCHI24091563-190,REX-4273,ATL,2024-09-17,10000
BCHI23049929-191,REX-4273,CHI,2023-04-14,10000
BCHI23057223-192,REX-4273,PHX,2023-05-24,10000
BDAL24093585-193,REX-4273,ATL,2024-09-10,10000
BCHI23082764-194,REX-4273,CHI,2023-08-28,10000
BCHI23033524-195,REX-4273,CLE,2023-03-15,10000
BATL24036258-196,REX-4273,PHX,2024-03-20,10000
BCLE24028246-197,REX-4273,ATL,2024-02-28,10000
BPHX24047532-198,REX-4273,PHX,2024-04-23,10000
BDAL23042133-199,REX-4273,PHX,2023-04-21,10000
BCLE23064566-200,REX-4273,CHI,2023-06-24,10000
BCHI23072886-201,REX-4273,CHI,2023-07-08,10000
BDAL25091585-202,REX-4273,DAL,2025-09-08,10000
BCLE23034918-203,REX-4273,ATL,2023-03-03,10000
BCLE23115079-204,REX-4273,DAL,2023-11-22,10000
BCHI24067027-205,REX-4273,PHX,2024-06-23,10000
BPHX23022255-206,REX-4273,DAL,2023-02-26,10000
BPHX25117403-207,REX-4273,DAL,2025-11-29,10000
BPHX23048434-208,REX-4273,DAL,2023-04-29,10000
BDAL23118524-209,REX-4273,ATL,2023-11-11,10000
BCLE24047182-210,REX-4273,ATL,2024-04-08,10000
BPHX23081427-211,REX-4273,ATL,2023-08-29,10000
BCHI25102258-212,REX-4273,CLE,2025-10-15,10000
BDAL23048200-213,REX-4273,CLE,2023-04-23,10000
BCHI24017211-214,REX-4273,ATL,2024-01-20,10000
BPHX23057536-215,REX-4273,PHX,2023-05-04,10000
BCLE23026658-216,REX-4273,CHI,2023-02-16,10000
BPHX24077502-217,REX-4273,PHX,2024-07-29,10000
BATL24055060-218,REX-4273,ATL,2024-05-17,10000
BCLE25081479-219,REX-4273,PHX,2025-08-02,10000
BDAL23089567-220,REX-4273,CLE,2023-08-10,10000
BCHI23029117-221,REX-4273,CLE,2023-02-24,10000
BCLE24077895-222,REX-4273,ATL,2024-07-15,10000
BATL24054542-223,REX-4273,DAL,2024-05-26,10000
BCLE24037655-224,REX-4273,DAL,2024-03-17,10000
BDAL25105674-225,REX-4273,CHI,2025-10-02,10000
BCHI24013803-226,REX-4273,ATL,2024-01-30,10000
BDAL25081085-227,REX-4273,CHI,2025-08-16,10000
BATL25103328-228,REX-4273,CHI,2025-10-06,10000
BCHI24103316-229,REX-4273,DAL,2024-10-27,10000
BDAL24116833-230,REX-4273,DAL,2024-11-22,10000
BATL23082873-231,REX-4273,CHI,2023-08-19,10000
BCLE25054518-232,REX-4273,DAL,2025-05-11,10000
BATL25114853-233,REX-4273,PHX,2025-11-29,10000
BCHI25104378-234,REX-4273,CHI,2025-10-12,10000
BATL25097494-235,REX-4273,CHI,2025-09-28,10000
BATL24014940-236,REX-4273,CHI,2024-01-30,10000
BCLE23025228-237,REX-4273,ATL,2023-02-04,10000
BDAL25048192-238,REX-4273,DAL,2025-04-22,10000
BDAL25117771-239,REX-4273,PHX,2025-11-28,10000
BCHI24078057-240,REX-4273,PHX,2024-07-14,10000
BCLE24067437-241,REX-4273,ATL,2024-06-28,10000
BCLE25103134-242,REX-4273,CLE,2025-10-02,10000
BATL25032730-243,REX-4273,PHX,2025-03-30,10000
BDAL24113763-244,REX-4273,CHI,2024-11-12,10000
BPHX25067547-245,REX-4273,CLE,2025-06-24,10000
BDAL23096871-246,REX-4273,CHI,2023-09-07,10000
BCLE24099402-247,REX-4273,CLE,2024-09-10,10000
BDAL23085146-248,REX-4273,CLE,2023-08-16,10000
BPHX25013920-249,REX-4273,CHI,2025-01-27,10000
BDAL23084509-250,REX-4273,PHX,2023-08-19,10000
BCLE23057784-251,REX-4273,CHI,2023-05-21,10000
BCLE25022670-252,REX-4273,DAL,2025-02-19,10000
BCLE25034248-253,REX-4273,PHX,2025-03-02,10000
BCLE23069460-254,REX-4273,CHI,2023-06-05,10000
BPHX23121362-255,REX-4273,DAL,2023-12-07,10000
BDAL24115417-256,REX-4273,PHX,2024-11-30,10000
BDAL24123874-257,REX-4273,PHX,2024-12-19,10000
BATL25107222-258,REX-4273,CHI,2025-10-22,10000
BATL24069189-259,REX-4273,PHX,2024-06-07,10000
BDAL23071447-260,REX-4273,ATL,2023-07-03,10000
BDAL24086157-261,REX-4273,DAL,2024-08-17,10000
BCHI24116802-262,REX-4273,PHX,2024-11-23,10000
BCLE25051145-263,REX-4273,ATL,2025-05-18,10000
BCLE23012519-264,REX-4273,CHI,2023-01-15,10000
BATL25043493-265,REX-4273,PHX,2025-04-27,10000
BATL23119563-266,REX-4273,PHX,2023-11-03,10000
BDAL25083059-267,REX-4273,CLE,2025-08-23,10000
BATL25067399-268,REX-4273,CHI,2025-06-30,10000
BCHI24047023-269,REX-4273,CLE,2024-04-19,10000
BPHX24101351-270,REX-4273,CHI,2024-10-27,10000
BDAL24021481-271,REX-4273,CHI,2024-02-01,10000
BPHX23066909-272,REX-4273,CLE,2023-06-24,10000
BCLE23084096-273,REX-4273,PHX,2023-08-21,10000
BCLE24064941-274,REX-4273,DAL,2024-06-15,10000
BCHI24055456-275,REX-4273,ATL,2024-05-30,10000
BPHX25081555-276,REX-4273,CLE,2025-08-28,10000
BATL25058979-277,REX-4273,CHI,2025-05-10,10000
BCHI24116494-278,REX-4273,CLE,2024-11-08,10000
BATL24096822-279,REX-4273,DAL,2024-09-16,10000
BCHI24087343-280,REX-4273,PHX,2024-08-06,10000
BDAL24113264-281,REX-4273,CLE,2024-11-05,10000
BDAL25098129-282,REX-4273,ATL,2025-09-01,10000
BDAL25083761-283,REX-4273,CHI,2025-08-30,10000
BCLE23012839-284,REX-4273,PHX,2023-01-16,10000
BPHX23054353-285,REX-4273,DAL,2023-05-17,10000
BPHX24095662-286,REX-4273,DAL,2024-09-18,10000
BATL24016128-287,REX-4273,CLE,2024-01-13,10000
BATL25044734-288,REX-4273,ATL,2025-04-18,10000
BDAL25059427-289,REX-4273,CHI,2025-05-15,10000
BCLE25091756-290,REX-4273,CLE,2025-09-23,10000
BPHX23071209-291,REX-4273,PHX,2023-07-05,10000
BATL23075650-292,REX-4273,DAL,2023-07-31,10000
BPHX25072227-293,REX-4273,ATL,2025-07-07,10000
BDAL23035943-294,REX-4273,CHI,2023-03-25,10000
BCLE24075725-295,REX-4273,ATL,2024-07-31,10000
BDAL24056744-296,REX-4273,ATL,2024-05-17,10000
BATL24028919-297,REX-4273,ATL,2024-02-18,10000
BDAL25087641-298,REX-4273,PHX,2025-08-24,10000
BATL23091790-299,REX-4273,ATL,2023-09-13,10000
BDAL25047199-300,REX-4273,DAL,2025-04-29,10000
BPHX25072570-301,REX-4273,CLE,2025-07-23,10000
BCHI24113128-302,REX-4273,CLE,2024-11-30,10000
BCLE25089548-303,REX-4273,CHI,2025-08-17,10000
BCLE24071033-304,REX-4273,PHX,2024-07-22,10000
BCLE23097824-305,REX-4273,CLE,2023-09-05,10000
BDAL23067575-306,REX-4273,DAL,2023-06-05,10000
BPHX24062338-307,REX-4273,CLE,2024-06-05,10000
BATL25101988-308,REX-4273,CHI,2025-10-30,10000
BDAL25075971-309,REX-4273,ATL,2025-07-25,10000
BPHX24094487-310,REX-4273,CHI,2024-09-10,10000
BATL24114951-311,REX-4273,PHX,2024-11-20,10000
BDAL25099119-312,REX-4273,PHX,2025-09-15,10000
BCLE23018680-313,REX-4273,CHI,2023-01-10,10000
BATL23096580-314,REX-4273,ATL,2023-09-05,10000
BDAL23122553-315,REX-4273,ATL,2023-12-20,10000
BCHI23061504-316,REX-4273,CHI,2023-06-27,10000
BATL23127654-317,REX-4273,PHX,2023-12-01,10000
BCHI23057702-318,REX-4273,PHX,2023-05-04,10000
BCLE25043431-319,REX-4273,CHI,2025-04-23,10000
BDAL25054330-320,REX-4273,CHI,2025-05-31,10000
BCHI24036914-321,REX-4273,PHX,2024-03-16,10000
BPHX23056037-322,REX-4273,PHX,2023-05-10,10000
BCLE23101019-323,REX-4273,CLE,2023-10-01,10000
BPHX24011157-324,REX-4273,CHI,2024-01-22,10000
BPHX23021764-325,REX-4273,ATL,2023-02-13,10000
BCHI25091995-326,REX-4273,CHI,2025-09-25,10000
BPHX25118121-327,REX-4273,CHI,2025-11-14,10000
BATL24041599-328,REX-4273,PHX,2024-04-05,10000
BCHI23039435-329,REX-4273,ATL,2023-03-13,10000
BCHI24075445-330,REX-4273,CHI,2024-07-13,10000
BPHX23119056-331,REX-4273,DAL,2023-11-13,10000
BPHX25063883-332,REX-4273,CHI,2025-06-20,10000
BDAL25041971-333,REX-4273,PHX,2025-04-19,10000
BDAL24086575-334,REX-4273,PHX,2024-08-09,10000
BPHX24103182-335,REX-4273,PHX,2024-10-10,10000
BPHX25086905-336,REX-4273,DAL,2025-08-22,10000
BCHI23079353-337,REX-4273,ATL,2023-07-03,10000
BCLE25108319-338,REX-4273,CHI,2025-10-25,10000
BPHX24078809-339,REX-4273,CHI,2024-07-09,10000
BCLE24121661-340,REX-4273,ATL,2024-12-17,10000
BDAL24093168-341,REX-4273,ATL,2024-09-21,10000
BATL23058167-342,REX-4273,ATL,2023-05-05,10000
BCHI25034698-343,REX-4273,CLE,2025-03-24,10000
BATL24037372-344,REX-4273,DAL,2024-03-19,10000
BATL24127082-345,REX-4273,PHX,2024-12-08,10000
BATL24041165-346,REX-4273,CHI,2024-04-01,10000
BPHX23035225-347,REX-4273,CLE,2023-03-09,10000
BATL25026488-348,REX-4273,CLE,2025-02-19,10000
BCHI25066616-349,REX-4273,ATL,2025-06-05,10000
BDAL23118618-350,REX-4273,PHX,2023-11-01,10000
BDAL25093001-351,REX-4273,ATL,2025-09-07,10000
BCHI24124278-352,REX-4273,PHX,2024-12-02,10000
BCLE23026868-353,REX-4273,ATL,2023-02-20,10000
BPHX25034422-354,REX-4273,ATL,2025-03-29,10000
BPHX23108118-355,REX-4273,ATL,2023-10-06,10000
BDAL24033122-356,REX-4273,ATL,2024-03-20,10000
BPHX24123610-357,REX-4273,CHI,2024-12-27,10000
BPHX24043290-358,REX-4273,ATL,2024-04-17,10000
BATL25104051-359,REX-4273,DAL,2025-10-15,10000
BCLE24031579-360,REX-4273,ATL,2024-03-01,10000
BPHX24041871-361,REX-4273,CLE,2024-04-14,10000
BATL24104401-362,REX-4273,DAL,2024-10-01,10000
BATL23038303-363,REX-4273,CLE,2023-03-11,10000
BATL24074130-364,REX-4273,ATL,2024-07-01,10000
BCLE24029804-365,REX-4273,CHI,2024-02-07,10000
BCHI24035602-366,REX-4273,DAL,2024-03-07,10000
BCLE25033095-367,REX-4273,DAL,2025-03-27,10000
BCHI25091207-368,REX-4273,DAL,2025-09-24,10000
BATL25088207-369,REX-4273,CLE,2025-08-09,10000
BCLE25018823-370,REX-4273,PHX,2025-01-31,10000
BCHI25021271-371,REX-4273,PHX,2025-02-28,10000
BDAL24086841-372,REX-4273,DAL,2024-08-28,10000
BATL24092570-373,REX-4273,DAL,2024-09-11,10000
BCHI25094644-374,REX-4273,PHX,2025-09-29,10000
BPHX23115740-375,REX-4273,CLE,2023-11-19,10000
BATL24103383-376,REX-4273,PHX,2024-10-23,10000
BCHI24028023-377,REX-4273,CHI,2024-02-10,10000
BCHI25014345-378,REX-4273,DAL,2025-01-12,10000
BCHI23094496-379,REX-4273,CHI,2023-09-29,10000
BATL23038484-380,REX-4273,CHI,2023-03-19,10000
BCHI25084566-381,REX-4273,ATL,2025-08-17,10000
BDAL23061374-382,REX-4273,ATL,2023-06-14,10000
BCLE23129352-383,REX-4273,DAL,2023-12-04,10000
BDAL25056944-384,REX-4273,CLE,2025-05-11,10000
BATL23036433-385,REX-4273,CLE,2023-03-03,10000
BPHX25038117-386,REX-4273,CHI,2025-03-22,10000
BCLE25047607-387,REX-4273,PHX,2025-04-09,10000
BDAL24049097-388,REX-4273,PHX,2024-04-02,10000
BCLE25085879-389,REX-4273,CHI,2025-08-22,10000
BATL25053331-390,REX-4273,CHI,2025-05-27,10000
BCHI25012458-391,REX-4273,CLE,2025-01-03,10000
BCHI24046487-392,REX-4273,ATL,2024-04-18,10000
BATL24098695-393,REX-4273,PHX,2024-09-27,10000
BATL23122690-394,REX-4273,DAL,2023-12-12,10000
BCHI24127560-395,REX-4273,ATL,2024-12-22,10000
BDAL25064373-396,REX-4273,CHI,2025-06-23,10000
BATL25045213-397,REX-4273,CHI,2025-04-29,10000
